layout,p_blank,seed,method,budget,iterations,propagations,state_propagations,field_nrmse,phase_rmse_rad
periodic,1,41001,HIO,0,0,0,0,0.655475183732924,0.250364933641618
periodic,1,41001,HIO,2,1,2,2,0.330241242701898,0.261395522609973
periodic,1,41001,HIO,4,2,4,4,0.380958961266318,0.289724802739767
periodic,1,41001,HIO,6,3,6,6,0.452471937294881,0.346135361897145
periodic,1,41001,HIO,8,4,8,8,0.530037107925483,0.419956124652358
periodic,1,41001,HIO,10,5,10,10,0.604595178984176,0.511430465395863
periodic,1,41001,HIO,12,6,12,12,0.681960963855894,0.611071502620641
periodic,1,41001,HIO,14,7,14,14,0.756818075717345,0.715872568585729
periodic,1,41001,HIO,16,8,16,16,0.826374864022719,0.82228623619895
periodic,1,41001,HIO,18,9,18,18,0.889544145115002,0.93142893633815
periodic,1,41001,HIO,20,10,20,20,0.947509344601519,1.04277430370251
periodic,1,41001,HIO,22,11,22,22,1.00099104283735,1.12978607425639
periodic,1,41001,HIO,24,12,24,24,1.05054187853043,1.22795287897164
periodic,1,41001,HIO,26,13,26,26,1.09543920205352,1.33225464603915
periodic,1,41001,HIO,28,14,28,28,1.13553201129304,1.42890941463732
periodic,1,41001,HIO,30,15,30,30,1.17232790660473,1.51282252384323
periodic,1,41001,HIO,32,16,32,32,1.20243030279573,1.58042565317957
periodic,1,41001,HIO,34,17,34,34,1.22807068257097,1.63212526692019
periodic,1,41001,HIO,36,18,36,36,1.24836602866699,1.67309944613848
periodic,1,41001,HIO,38,19,38,38,1.26544349582385,1.69965862920507
periodic,1,41001,HIO,40,20,40,40,1.27714797609089,1.71421187461911
periodic,1,41001,HIO,42,21,42,42,1.28768927870136,1.73860114426488
periodic,1,41001,HIO,44,22,44,44,1.29871870651542,1.7714944447799
periodic,1,41001,HIO,46,23,46,46,1.30664459614865,1.80841043181981
periodic,1,41001,HIO,48,24,48,48,1.30750808242005,1.7996169859692
periodic,1,41001,HIO,50,25,50,50,1.29458626810049,1.77697350859452
periodic,1,41001,HIO,52,26,52,52,1.28280829397057,1.74909688035323
periodic,1,41001,HIO,54,27,54,54,1.27255578387087,1.71243630168629
periodic,1,41001,HIO,56,28,56,56,1.26271144315277,1.69121006699636
periodic,1,41001,HIO,58,29,58,58,1.25590302164872,1.67161359410842
periodic,1,41001,HIO,60,30,60,60,1.25012767103718,1.6662113220027
periodic,1,41001,HIO,62,31,62,62,1.24661176498337,1.65052013934673
periodic,1,41001,HIO,64,32,64,64,1.24602975028265,1.64247307932405
periodic,1,41001,HIO,66,33,66,66,1.2458768210196,1.64300686322394
periodic,1,41001,HIO,68,34,68,68,1.24642741192923,1.64830277703514
periodic,1,41001,HIO,70,35,70,70,1.24812840605711,1.65818083246503
periodic,1,41001,HIO,72,36,72,72,1.25069988895876,1.66641966447647
periodic,1,41001,HIO,74,37,74,74,1.25233897588581,1.66377041822301
periodic,1,41001,HIO,76,38,76,76,1.25607201337328,1.66473580304833
periodic,1,41001,HIO,78,39,78,78,1.25783934283871,1.66872638793643
periodic,1,41001,HIO,80,40,80,80,1.25892165740612,1.67852055676964
periodic,1,41001,HIO,82,41,82,82,1.25921935514037,1.68569129727826
periodic,1,41001,HIO,84,42,84,84,1.25871779327962,1.68344544436969
periodic,1,41001,HIO,86,43,86,86,1.25761277569643,1.69357940257053
periodic,1,41001,HIO,88,44,88,88,1.25538328044355,1.6979318320178
periodic,1,41001,HIO,90,45,90,90,1.25224273868472,1.68334490742596
periodic,1,41001,HIO,92,46,92,92,1.24840668785807,1.6727098858867
periodic,1,41001,HIO,94,47,94,94,1.24571934288818,1.65304658806867
periodic,1,41001,HIO,96,48,96,96,1.24925561057534,1.64802504672359
periodic,1,41001,HIO,98,49,98,98,1.25315459765105,1.65507930453597
periodic,1,41001,HIO,100,50,100,100,1.25600858097105,1.6773466971231
periodic,1,41001,HIO,102,51,102,102,1.25768643446955,1.68727661953943
periodic,1,41001,HIO,104,52,104,104,1.25922594236479,1.68693149837012
periodic,1,41001,HIO,106,53,106,106,1.25964293197838,1.67709593641183
periodic,1,41001,HIO,108,54,108,108,1.25932063412707,1.6782635336661
periodic,1,41001,HIO,110,55,110,110,1.26006469291343,1.67468503441375
periodic,1,41001,HIO,112,56,112,112,1.26123634174406,1.68047696922032
periodic,1,41001,HIO,114,57,114,114,1.2618498850773,1.68303624202208
periodic,1,41001,HIO,116,58,116,116,1.26445267343219,1.69335978719056
periodic,1,41001,HIO,118,59,118,118,1.26803581258557,1.70076328452571
periodic,1,41001,HIO,120,60,120,120,1.27045366192306,1.7036814476459
periodic,1,41001,HIO,122,61,122,122,1.27111122687219,1.70241622709214
periodic,1,41001,HIO,124,62,124,124,1.27161875911133,1.70318609771187
periodic,1,41001,HIO,126,63,126,126,1.27125197779448,1.70796353638667
periodic,1,41001,HIO,128,64,128,128,1.27165327199304,1.70652514065987
periodic,1,41001,HIO,130,65,130,130,1.27305623253687,1.72015704625044
periodic,1,41001,HIO,132,66,132,132,1.27421695073406,1.72563169099205
periodic,1,41001,HIO,134,67,134,134,1.27979606822614,1.73166690399714
periodic,1,41001,HIO,136,68,136,136,1.28547292316052,1.74361637246004
periodic,1,41001,HIO,138,69,138,138,1.29308563057771,1.76131553453671
periodic,1,41001,HIO,140,70,140,140,1.29816021979358,1.77090091040799
periodic,1,41001,HIO,142,71,142,142,1.29892451325883,1.76348206915451
periodic,1,41001,HIO,144,72,144,144,1.29511958725571,1.75445229577258
periodic,1,41001,HIO,146,73,146,146,1.29306697372738,1.74865216090143
periodic,1,41001,HIO,148,74,148,148,1.29249622243761,1.73761894889511
periodic,1,41001,HIO,150,75,150,150,1.29283920683134,1.74052555689092
periodic,1,41001,HIO,152,76,152,152,1.29349296621417,1.74645100443973
periodic,1,41001,HIO,154,77,154,154,1.2998200264558,1.75157110170111
periodic,1,41001,HIO,156,78,156,156,1.30290884851205,1.75141716847358
periodic,1,41001,HIO,158,79,158,158,1.30269909719475,1.76346770400096
periodic,1,41001,HIO,160,80,160,160,1.30034349746286,1.76027946173502
periodic,1,41001,HIO,162,81,162,162,1.29860360104615,1.76245802721406
periodic,1,41001,HIO,164,82,164,164,1.29851853391242,1.7678175442475
periodic,1,41001,HIO,166,83,166,166,1.29604749551421,1.77814221862191
periodic,1,41001,HIO,168,84,168,168,1.29305088338737,1.77222121871792
periodic,1,41001,HIO,170,85,170,170,1.29351774419467,1.7721326510006
periodic,1,41001,HIO,172,86,172,172,1.2956280091778,1.77755279873059
periodic,1,41001,HIO,174,87,174,174,1.29618009409918,1.77704046484171
periodic,1,41001,HIO,176,88,176,176,1.29437805911393,1.76912583922133
periodic,1,41001,HIO,178,89,178,178,1.28882612372824,1.74649580595372
periodic,1,41001,HIO,180,90,180,180,1.28432304251823,1.72763462911432
periodic,1,41001,HIO,182,91,182,182,1.279989315116,1.72059255009466
periodic,1,41001,HIO,184,92,184,184,1.27500781020987,1.71426998294338
periodic,1,41001,HIO,186,93,186,186,1.26843804335704,1.70560978033638
periodic,1,41001,HIO,188,94,188,188,1.26352724710675,1.70655188860834
periodic,1,41001,HIO,190,95,190,190,1.26099335970975,1.70950380415639
periodic,1,41001,HIO,192,96,192,192,1.26011448481685,1.71083094011007
periodic,1,41001,HIO,194,97,194,194,1.26251747134084,1.71516882267892
periodic,1,41001,HIO,196,98,196,196,1.26335339327803,1.71736584117526
periodic,1,41001,HIO,198,99,198,198,1.26836809973847,1.72791504664886
periodic,1,41001,HIO,200,100,200,200,1.27512469700863,1.73948175079997
periodic,1,41001,ER,0,0,0,0,0.655475183732924,0.250364933641618
periodic,1,41001,ER,2,1,2,2,0.330241242701898,0.261395522609973
periodic,1,41001,ER,4,2,4,4,0.350453020948577,0.26964014307661
periodic,1,41001,ER,6,3,6,6,0.366747670598759,0.279076388233913
periodic,1,41001,ER,8,4,8,8,0.379682522289623,0.287702592764263
periodic,1,41001,ER,10,5,10,10,0.390635332206817,0.295525034480247
periodic,1,41001,ER,12,6,12,12,0.400384324167838,0.302719564928515
periodic,1,41001,ER,14,7,14,14,0.409355418152273,0.309444462386711
periodic,1,41001,ER,16,8,16,16,0.417786066532172,0.315876834070683
periodic,1,41001,ER,18,9,18,18,0.425825143295,0.322239797817422
periodic,1,41001,ER,20,10,20,20,0.433598015704422,0.328719018751443
periodic,1,41001,ER,22,11,22,22,0.4411792812803,0.335334087662148
periodic,1,41001,ER,24,12,24,24,0.448472179826007,0.341805521131396
periodic,1,41001,ER,26,13,26,26,0.455433386099864,0.348031106633087
periodic,1,41001,ER,28,14,28,28,0.462130882949028,0.354131504440421
periodic,1,41001,ER,30,15,30,30,0.468611151089209,0.360376905193802
periodic,1,41001,ER,32,16,32,32,0.474900703593825,0.367543812477766
periodic,1,41001,ER,34,17,34,34,0.481008286458866,0.374170998645027
periodic,1,41001,ER,36,18,36,36,0.486931679784289,0.380076774959835
periodic,1,41001,ER,38,19,38,38,0.492676335798418,0.385685854613314
periodic,1,41001,ER,40,20,40,40,0.498243449465535,0.391118425379173
periodic,1,41001,ER,42,21,42,42,0.503605455446856,0.396392110835446
periodic,1,41001,ER,44,22,44,44,0.5087427271611,0.401524227174874
periodic,1,41001,ER,46,23,46,46,0.513664229651569,0.406539864168389
periodic,1,41001,ER,48,24,48,48,0.518390271992996,0.411444398073099
periodic,1,41001,ER,50,25,50,50,0.522941745043745,0.416229112720276
periodic,1,41001,ER,52,26,52,52,0.527338256551642,0.420890988690263
periodic,1,41001,ER,54,27,54,54,0.531597102672276,0.425430340599038
periodic,1,41001,ER,56,28,56,56,0.535727901699383,0.429836313192418
periodic,1,41001,ER,58,29,58,58,0.539731127842505,0.43410344566472
periodic,1,41001,ER,60,30,60,60,0.543612024298173,0.43825811230063
periodic,1,41001,ER,62,31,62,62,0.547382719107474,0.442336050793133
periodic,1,41001,ER,64,32,64,64,0.551052162215972,0.446356271889566
periodic,1,41001,ER,66,33,66,66,0.554625573473076,0.450324683802109
periodic,1,41001,ER,68,34,68,68,0.55810738289303,0.454247227915241
periodic,1,41001,ER,70,35,70,70,0.561502621144065,0.458133191091873
periodic,1,41001,ER,72,36,72,72,0.564817235581862,0.461990602924778
periodic,1,41001,ER,74,37,74,74,0.568058120050843,0.465555460471429
periodic,1,41001,ER,76,38,76,76,0.571233082639406,0.469121343444519
periodic,1,41001,ER,78,39,78,78,0.574350840681838,0.472704474323626
periodic,1,41001,ER,80,40,80,80,0.577421015270422,0.476313254944096
periodic,1,41001,ER,82,41,82,82,0.580453530741393,0.479957016924522
periodic,1,41001,ER,84,42,84,84,0.583456880023885,0.483632685355922
periodic,1,41001,ER,86,43,86,86,0.586438351615293,0.487316402473088
periodic,1,41001,ER,88,44,88,88,0.58940956880424,0.490976432890737
periodic,1,41001,ER,90,45,90,90,0.592378582174961,0.494456386741489
periodic,1,41001,ER,92,46,92,92,0.595313532351083,0.49774461274098
periodic,1,41001,ER,94,47,94,94,0.598169192255611,0.500931427917308
periodic,1,41001,ER,96,48,96,96,0.600938791319023,0.504024104956719
periodic,1,41001,ER,98,49,98,98,0.603636574808264,0.507047372346778
periodic,1,41001,ER,100,50,100,100,0.60627364953615,0.510016962361113
periodic,1,41001,ER,102,51,102,102,0.608852416746439,0.512933416839302
periodic,1,41001,ER,104,52,104,104,0.611369702853992,0.515791164429806
periodic,1,41001,ER,106,53,106,106,0.613823042156006,0.518598167524078
periodic,1,41001,ER,108,54,108,108,0.616215374723566,0.521392711045497
periodic,1,41001,ER,110,55,110,110,0.618553810248894,0.524240738374477
periodic,1,41001,ER,112,56,112,112,0.62084398229285,0.527199934222282
periodic,1,41001,ER,114,57,114,114,0.623088407908814,0.530232763933679
periodic,1,41001,ER,116,58,116,116,0.625290097706648,0.533207715767227
periodic,1,41001,ER,118,59,118,118,0.627453023939158,0.53571952555312
periodic,1,41001,ER,120,60,120,120,0.629580135964382,0.538076995800805
periodic,1,41001,ER,122,61,122,122,0.631672458823378,0.540360000920779
periodic,1,41001,ER,124,62,124,124,0.63372975108276,0.542596590553933
periodic,1,41001,ER,126,63,126,126,0.635751708653354,0.54480443519174
periodic,1,41001,ER,128,64,128,128,0.637738143859573,0.546993793011662
periodic,1,41001,ER,130,65,130,130,0.639687711651789,0.549173206057922
periodic,1,41001,ER,132,66,132,132,0.641597187951711,0.551355097975846
periodic,1,41001,ER,134,67,134,134,0.643463425911639,0.553556749774583
periodic,1,41001,ER,136,68,136,136,0.645285901838659,0.555797169852351
periodic,1,41001,ER,138,69,138,138,0.647066866088537,0.558099339422633
periodic,1,41001,ER,140,70,140,140,0.648810316381352,0.560501126741908
periodic,1,41001,ER,142,71,142,142,0.650520652035906,0.563052489604876
periodic,1,41001,ER,144,72,144,144,0.652199938868745,0.565753892057884
periodic,1,41001,ER,146,73,146,146,0.653846090308893,0.568463579613977
periodic,1,41001,ER,148,74,148,148,0.655455988455269,0.571036268622954
periodic,1,41001,ER,150,75,150,150,0.657030340200317,0.573482273149951
periodic,1,41001,ER,152,76,152,152,0.658574255921147,0.575739780910795
periodic,1,41001,ER,154,77,154,154,0.660093744172336,0.577922065141394
periodic,1,41001,ER,156,78,156,156,0.661591266677766,0.57999634459045
periodic,1,41001,ER,158,79,158,158,0.663066446765615,0.581763460333505
periodic,1,41001,ER,160,80,160,160,0.664520321750614,0.583517772345023
periodic,1,41001,ER,162,81,162,162,0.665955884683783,0.585260826867945
periodic,1,41001,ER,164,82,164,164,0.667376980036912,0.587017657889564
periodic,1,41001,ER,166,83,166,166,0.668787705241171,0.588809555510265
periodic,1,41001,ER,168,84,168,168,0.670192260225311,0.590779407866637
periodic,1,41001,ER,170,85,170,170,0.67159497200766,0.591770487103235
periodic,1,41001,ER,172,86,172,172,0.673000196463622,0.592138320890717
periodic,1,41001,ER,174,87,174,174,0.674411557634801,0.593743096307638
periodic,1,41001,ER,176,88,176,176,0.675830103663384,0.595612758134854
periodic,1,41001,ER,178,89,178,178,0.67725254020344,0.597749394667633
periodic,1,41001,ER,180,90,180,180,0.678672262906636,0.600173460461891
periodic,1,41001,ER,182,91,182,182,0.680082887789191,0.603112382551292
periodic,1,41001,ER,184,92,184,184,0.68148025808177,0.605600482619181
periodic,1,41001,ER,186,93,186,186,0.682861980730169,0.607632300561683
periodic,1,41001,ER,188,94,188,188,0.684226445413955,0.609554607059602
periodic,1,41001,ER,190,95,190,190,0.685572259902515,0.61149331457117
periodic,1,41001,ER,192,96,192,192,0.686898135705769,0.613515978419483
periodic,1,41001,ER,194,97,194,194,0.688203064388349,0.615606657347718
periodic,1,41001,ER,196,98,196,196,0.689486504463364,0.6176707620365
periodic,1,41001,ER,198,99,198,198,0.690748410280955,0.61964132278402
periodic,1,41001,ER,200,100,200,200,0.691989127291458,0.621481116348389
periodic,1,41001,RAAR,0,0,0,0,0.655475183732924,0.250364933641618
periodic,1,41001,RAAR,2,1,2,2,0.330241242701898,0.261395522609973
periodic,1,41001,RAAR,4,2,4,4,0.528929712595715,0.42635644760101
periodic,1,41001,RAAR,6,3,6,6,0.643110237381354,0.573795177642448
periodic,1,41001,RAAR,8,4,8,8,0.743498835662997,0.73703232815011
periodic,1,41001,RAAR,10,5,10,10,0.835728656926564,0.883772816943708
periodic,1,41001,RAAR,12,6,12,12,0.905640077027192,1.01588583712945
periodic,1,41001,RAAR,14,7,14,14,0.92930967196247,1.08383989985568
periodic,1,41001,RAAR,16,8,16,16,0.932165088230771,1.08891005313382
periodic,1,41001,RAAR,18,9,18,18,0.936875933258911,1.09304312561868
periodic,1,41001,RAAR,20,10,20,20,0.947005723991693,1.09609578854593
periodic,1,41001,RAAR,22,11,22,22,0.953659840916242,1.12383401485347
periodic,1,41001,RAAR,24,12,24,24,0.95489982437413,1.14289214664133
periodic,1,41001,RAAR,26,13,26,26,0.965716503885004,1.1745962052388
periodic,1,41001,RAAR,28,14,28,28,0.97786847085103,1.20684084589948
periodic,1,41001,RAAR,30,15,30,30,0.993423547105214,1.2423742724413
periodic,1,41001,RAAR,32,16,32,32,0.998516336923897,1.23941172029726
periodic,1,41001,RAAR,34,17,34,34,1.00147670187521,1.24389163382365
periodic,1,41001,RAAR,36,18,36,36,0.998038119169756,1.22745738709375
periodic,1,41001,RAAR,38,19,38,38,0.999044308045926,1.2387557653891
periodic,1,41001,RAAR,40,20,40,40,1.00353208970281,1.27989655535763
periodic,1,41001,RAAR,42,21,42,42,1.00845367818407,1.27791436992705
periodic,1,41001,RAAR,44,22,44,44,1.01714391967306,1.29198692276256
periodic,1,41001,RAAR,46,23,46,46,1.02139095319578,1.28663932771235
periodic,1,41001,RAAR,48,24,48,48,1.03039448068824,1.30944166995091
periodic,1,41001,RAAR,50,25,50,50,1.04177210916618,1.34621231171577
periodic,1,41001,RAAR,52,26,52,52,1.0532241388701,1.38059802675378
periodic,1,41001,RAAR,54,27,54,54,1.06310335563706,1.39085609926361
periodic,1,41001,RAAR,56,28,56,56,1.06881215994541,1.40076873208121
periodic,1,41001,RAAR,58,29,58,58,1.07270119710962,1.41065768036707
periodic,1,41001,RAAR,60,30,60,60,1.06914160105008,1.40573370389575
periodic,1,41001,RAAR,62,31,62,62,1.06407782867568,1.3981217138314
periodic,1,41001,RAAR,64,32,64,64,1.06147279646617,1.40757165880152
periodic,1,41001,RAAR,66,33,66,66,1.06257183737425,1.39978515512803
periodic,1,41001,RAAR,68,34,68,68,1.06766907379204,1.39671808797468
periodic,1,41001,RAAR,70,35,70,70,1.06543469352656,1.38083757451299
periodic,1,41001,RAAR,72,36,72,72,1.06376555888693,1.37969271408907
periodic,1,41001,RAAR,74,37,74,74,1.06689979902865,1.38254638958142
periodic,1,41001,RAAR,76,38,76,76,1.07629748603563,1.40138002954876
periodic,1,41001,RAAR,78,39,78,78,1.08433492436516,1.4101939334545
periodic,1,41001,RAAR,80,40,80,80,1.08661125910278,1.43478365402245
periodic,1,41001,RAAR,82,41,82,82,1.08095634151947,1.42382724447322
periodic,1,41001,RAAR,84,42,84,84,1.07665200853611,1.42339936550605
periodic,1,41001,RAAR,86,43,86,86,1.07742609429025,1.42570208114031
periodic,1,41001,RAAR,88,44,88,88,1.07567013798997,1.43206913464297
periodic,1,41001,RAAR,90,45,90,90,1.07866407351751,1.44295116585863
periodic,1,41001,RAAR,92,46,92,92,1.08005735315288,1.44584818034796
periodic,1,41001,RAAR,94,47,94,94,1.07386427855228,1.44071105193266
periodic,1,41001,RAAR,96,48,96,96,1.07516519473392,1.43685167981054
periodic,1,41001,RAAR,98,49,98,98,1.07660125430016,1.43179488790218
periodic,1,41001,RAAR,100,50,100,100,1.07984596217441,1.43256250553539
periodic,1,41001,RAAR,102,51,102,102,1.07792529330495,1.42111625680477
periodic,1,41001,RAAR,104,52,104,104,1.08359168176818,1.42730106312018
periodic,1,41001,RAAR,106,53,106,106,1.08855114560809,1.427552087703
periodic,1,41001,RAAR,108,54,108,108,1.0905623790191,1.43365876118838
periodic,1,41001,RAAR,110,55,110,110,1.09500978895797,1.44062831752268
periodic,1,41001,RAAR,112,56,112,112,1.10172963103675,1.46616691974169
periodic,1,41001,RAAR,114,57,114,114,1.10715690336634,1.48868463117031
periodic,1,41001,RAAR,116,58,116,116,1.1124976681269,1.49987357565459
periodic,1,41001,RAAR,118,59,118,118,1.11311140909492,1.512553821621
periodic,1,41001,RAAR,120,60,120,120,1.11642165776573,1.5222603012051
periodic,1,41001,RAAR,122,61,122,122,1.12202677368303,1.53525384484624
periodic,1,41001,RAAR,124,62,124,124,1.11990768165896,1.5242986231668
periodic,1,41001,RAAR,126,63,126,126,1.11436048421882,1.49353834209272
periodic,1,41001,RAAR,128,64,128,128,1.10781680290208,1.47949591915981
periodic,1,41001,RAAR,130,65,130,130,1.09676278428318,1.45302629583564
periodic,1,41001,RAAR,132,66,132,132,1.09569314118461,1.45278271469729
periodic,1,41001,RAAR,134,67,134,134,1.09354237639591,1.44829723239274
periodic,1,41001,RAAR,136,68,136,136,1.10302941547157,1.47268921207168
periodic,1,41001,RAAR,138,69,138,138,1.10876838525634,1.48274124960903
periodic,1,41001,RAAR,140,70,140,140,1.11731572471933,1.50619403977117
periodic,1,41001,RAAR,142,71,142,142,1.11966987248704,1.51867971290331
periodic,1,41001,RAAR,144,72,144,144,1.1254249813456,1.54244265612823
periodic,1,41001,RAAR,146,73,146,146,1.12585663648928,1.54195298396662
periodic,1,41001,RAAR,148,74,148,148,1.12752100426363,1.5493803612968
periodic,1,41001,RAAR,150,75,150,150,1.1249154217449,1.53208088840392
periodic,1,41001,RAAR,152,76,152,152,1.12447069328112,1.5171702563588
periodic,1,41001,RAAR,154,77,154,154,1.12604172885995,1.5168468310898
periodic,1,41001,RAAR,156,78,156,156,1.12365103234996,1.51488538573045
periodic,1,41001,RAAR,158,79,158,158,1.12583888815352,1.50805300269587
periodic,1,41001,RAAR,160,80,160,160,1.12680845042214,1.52197430910204
periodic,1,41001,RAAR,162,81,162,162,1.12616814561883,1.52325125788566
periodic,1,41001,RAAR,164,82,164,164,1.12508382325102,1.50783323627407
periodic,1,41001,RAAR,166,83,166,166,1.12365834153903,1.52027654731037
periodic,1,41001,RAAR,168,84,168,168,1.12488293600641,1.52727720724279
periodic,1,41001,RAAR,170,85,170,170,1.12862977491394,1.54964956453094
periodic,1,41001,RAAR,172,86,172,172,1.13416009406298,1.56106564051476
periodic,1,41001,RAAR,174,87,174,174,1.13723245821015,1.56441052548223
periodic,1,41001,RAAR,176,88,176,176,1.14085735109319,1.56191557709069
periodic,1,41001,RAAR,178,89,178,178,1.14914307887632,1.56963136285309
periodic,1,41001,RAAR,180,90,180,180,1.15395769350443,1.57369835675568
periodic,1,41001,RAAR,182,91,182,182,1.15166781740709,1.57451315602876
periodic,1,41001,RAAR,184,92,184,184,1.15052632403,1.57418868094202
periodic,1,41001,RAAR,186,93,186,186,1.14420533707494,1.56904770245394
periodic,1,41001,RAAR,188,94,188,188,1.13882562195161,1.54963062969355
periodic,1,41001,RAAR,190,95,190,190,1.13826352423398,1.53558529385444
periodic,1,41001,RAAR,192,96,192,192,1.14094754761078,1.54349981175771
periodic,1,41001,RAAR,194,97,194,194,1.14546684627864,1.5572526995826
periodic,1,41001,RAAR,196,98,196,196,1.14936149090883,1.57235932048504
periodic,1,41001,RAAR,198,99,198,198,1.14788590002461,1.56611131322182
periodic,1,41001,RAAR,200,100,200,200,1.14803503080617,1.5746111719957
periodic,1,41001,LBFGS,0,0,0,0,0.655475183732924,0.250364933641618
periodic,1,41001,LBFGS,2,0,2,2,0.655475183732924,0.250364933641618
periodic,1,41001,LBFGS,4,1,4,4,0.330241242701899,0.261395522609973
periodic,1,41001,LBFGS,6,2,6,6,0.354479935841239,0.271925002985751
periodic,1,41001,LBFGS,8,3,8,8,0.416749626984963,0.31325486326175
periodic,1,41001,LBFGS,10,4,10,10,0.427771287825546,0.324993265695162
periodic,1,41001,LBFGS,12,5,12,12,0.464003392136919,0.359510851965139
periodic,1,41001,LBFGS,14,6,14,14,0.4832861703376,0.378933887207668
periodic,1,41001,LBFGS,16,7,16,16,0.521302117017258,0.415138299909908
periodic,1,41001,LBFGS,18,8,18,18,0.530028720340519,0.419235320758073
periodic,1,41001,LBFGS,20,9,20,20,0.569705531080113,0.458728562862391
periodic,1,41001,LBFGS,22,10,22,22,0.561854496954441,0.456864438859895
periodic,1,41001,LBFGS,24,11,24,24,0.578731703084239,0.475325900802967
periodic,1,41001,LBFGS,26,12,26,26,0.589273271128575,0.491324111683018
periodic,1,41001,LBFGS,28,13,28,28,0.613567470427359,0.519113481253557
periodic,1,41001,LBFGS,30,14,30,30,0.638986649502503,0.550471688924965
periodic,1,41001,LBFGS,32,15,32,32,0.63244968168193,0.543451868918116
periodic,1,41001,LBFGS,34,16,34,34,0.655693682829002,0.5705972438855
periodic,1,41001,LBFGS,36,17,36,36,0.659489963085976,0.57789354689571
periodic,1,41001,LBFGS,38,18,38,38,0.670602257182609,0.595609426599034
periodic,1,41001,LBFGS,40,19,40,40,0.67727011639872,0.609342633733315
periodic,1,41001,LBFGS,42,20,42,42,0.695629831262492,0.630457381869709
periodic,1,41001,LBFGS,44,21,44,44,0.693158941779116,0.625045877991404
periodic,1,41001,LBFGS,46,22,46,46,0.71120574418677,0.649231664693057
periodic,1,41001,LBFGS,48,23,48,48,0.709718794725097,0.645286552073043
periodic,1,41001,LBFGS,50,24,50,50,0.721571501160809,0.655716947251633
periodic,1,41001,LBFGS,52,25,52,52,0.719317953166527,0.652836406759116
periodic,1,41001,LBFGS,54,26,54,54,0.724766942800986,0.660361484413199
periodic,1,41001,LBFGS,56,27,56,56,0.73260503329373,0.670409262569521
periodic,1,41001,LBFGS,58,28,58,58,0.744846170872452,0.6875086716136
periodic,1,41001,LBFGS,60,29,60,60,0.746058397389607,0.690369276906191
periodic,1,41001,LBFGS,62,30,62,62,0.760495780529771,0.707617197421748
periodic,1,41001,LBFGS,64,31,64,64,0.752990222818728,0.698840727430452
periodic,1,41001,LBFGS,66,32,66,66,0.756599884852903,0.70362148906502
periodic,1,41001,LBFGS,68,33,68,68,0.764100559148259,0.713447406217157
periodic,1,41001,LBFGS,70,34,70,70,0.770107508245936,0.722237441092454
periodic,1,41001,LBFGS,72,35,72,72,0.785208349536708,0.745960508549758
periodic,1,41001,LBFGS,74,36,74,74,0.785280789188483,0.749790730713469
periodic,1,41001,LBFGS,76,37,76,76,0.792504399683977,0.762785147442033
periodic,1,41001,LBFGS,78,38,78,78,0.799264233929436,0.772522272511814
periodic,1,41001,LBFGS,80,39,80,80,0.803383524487773,0.778380049132488
periodic,1,41001,LBFGS,82,40,82,82,0.807703038891133,0.785383377687772
periodic,1,41001,LBFGS,84,41,84,84,0.812203965728601,0.791883574639452
periodic,1,41001,LBFGS,86,42,86,86,0.808489429454971,0.787975762451913
periodic,1,41001,LBFGS,88,42,88,86,0.808489429454971,0.787975762451913
periodic,1,41001,LBFGS,90,43,90,90,0.816404769645148,0.799770975095665
periodic,1,41001,LBFGS,92,44,92,92,0.82036969213313,0.805119970203806
periodic,1,41001,LBFGS,94,45,94,94,0.824393289866616,0.811643842977457
periodic,1,41001,LBFGS,96,46,96,96,0.825471145288172,0.813192498814563
periodic,1,41001,LBFGS,98,47,98,98,0.826567531866119,0.814926310123798
periodic,1,41001,LBFGS,100,48,100,100,0.83330592922464,0.82504747031159
periodic,1,41001,LBFGS,102,49,102,102,0.832153474622718,0.825192743677857
periodic,1,41001,LBFGS,104,50,104,104,0.838657401891004,0.834483656345342
periodic,1,41001,LBFGS,106,51,106,106,0.841710389087436,0.83845399476523
periodic,1,41001,LBFGS,108,52,108,108,0.848330698144962,0.848142251899474
periodic,1,41001,LBFGS,110,53,110,110,0.846636605445888,0.845056648290796
periodic,1,41001,LBFGS,112,54,112,112,0.849731762334146,0.850608424995513
periodic,1,41001,LBFGS,114,55,114,114,0.855193262626522,0.859101713172537
periodic,1,41001,LBFGS,116,56,116,116,0.8599242810846,0.866380328549146
periodic,1,41001,LBFGS,118,57,118,118,0.86743318837876,0.878093893380932
periodic,1,41001,LBFGS,120,58,120,120,0.864926627297059,0.875870905161468
periodic,1,41001,LBFGS,122,59,122,122,0.866177496965782,0.877289276601838
periodic,1,41001,LBFGS,124,60,124,124,0.869328922112648,0.881783495174922
periodic,1,41001,LBFGS,126,61,126,126,0.868800446723965,0.88117097196126
periodic,1,41001,LBFGS,128,62,128,128,0.872467906857438,0.886110604399751
periodic,1,41001,LBFGS,130,63,130,130,0.872605603819385,0.887239690515991
periodic,1,41001,LBFGS,132,64,132,132,0.875470775067464,0.888189233336293
periodic,1,41001,LBFGS,134,65,134,134,0.880737760064204,0.892997208405659
periodic,1,41001,LBFGS,136,66,136,136,0.882634998501223,0.896224604493004
periodic,1,41001,LBFGS,138,67,138,138,0.888371508731756,0.904142503108918
periodic,1,41001,LBFGS,140,67,140,138,0.888371508731756,0.904142503108918
periodic,1,41001,LBFGS,142,68,142,142,0.885285313753906,0.901888692662576
periodic,1,41001,LBFGS,144,69,144,144,0.884652843826198,0.900168264050318
periodic,1,41001,LBFGS,146,70,146,146,0.886297143850506,0.902862634441809
periodic,1,41001,LBFGS,148,71,148,148,0.889513866255682,0.906050508410572
periodic,1,41001,LBFGS,150,72,150,150,0.888876830253208,0.90531891091807
periodic,1,41001,LBFGS,152,73,152,152,0.890020970939738,0.906874924177419
periodic,1,41001,LBFGS,154,74,154,154,0.89509806908902,0.914194030009819
periodic,1,41001,LBFGS,156,75,156,156,0.892330028206129,0.910789992913194
periodic,1,41001,LBFGS,158,76,158,158,0.893485755422737,0.913468611455214
periodic,1,41001,LBFGS,160,77,160,160,0.8958634138194,0.917511889210289
periodic,1,41001,LBFGS,162,78,162,162,0.897536163609714,0.92082679937433
periodic,1,41001,LBFGS,164,79,164,164,0.900036384986955,0.924272013375881
periodic,1,41001,LBFGS,166,80,166,166,0.902878410085564,0.928593453735269
periodic,1,41001,LBFGS,168,81,168,168,0.905631444891982,0.931726168700593
periodic,1,41001,LBFGS,170,82,170,170,0.906840153380025,0.93495518252095
periodic,1,41001,LBFGS,172,83,172,172,0.907645551246526,0.935888382979104
periodic,1,41001,LBFGS,174,84,174,174,0.907464544988083,0.936323444154978
periodic,1,41001,LBFGS,176,85,176,176,0.910525640891274,0.942079743029645
periodic,1,41001,LBFGS,178,86,178,178,0.908204785005737,0.940871128602279
periodic,1,41001,LBFGS,180,87,180,180,0.908857314606367,0.941464748981443
periodic,1,41001,LBFGS,182,88,182,182,0.910706542882652,0.944980603074937
periodic,1,41001,LBFGS,184,89,184,184,0.913989458526848,0.952733144654452
periodic,1,41001,LBFGS,186,90,186,186,0.915930535393707,0.956721551910801
periodic,1,41001,LBFGS,188,90,188,186,0.915930535393707,0.956721551910801
periodic,1,41001,LBFGS,190,91,190,190,0.918973268820715,0.963633365798023
periodic,1,41001,LBFGS,192,92,192,192,0.92128145973807,0.970702621362643
periodic,1,41001,LBFGS,194,93,194,194,0.919468425592538,0.966031238991457
periodic,1,41001,LBFGS,196,94,196,196,0.9241955046177,0.973612194037504
periodic,1,41001,LBFGS,198,95,198,198,0.922835588884218,0.971343826506611
periodic,1,41001,LBFGS,200,96,200,200,0.923196056812342,0.97156109474972
periodic,1,41002,HIO,0,0,0,0,0.655475183732924,0.250364933641618
periodic,1,41002,HIO,2,1,2,2,0.32539193435817,0.258728094847847
periodic,1,41002,HIO,4,2,4,4,0.374311095326958,0.287936388596753
periodic,1,41002,HIO,6,3,6,6,0.446230847184809,0.347297909687627
periodic,1,41002,HIO,8,4,8,8,0.523392120330005,0.424752905223103
periodic,1,41002,HIO,10,5,10,10,0.599982071037068,0.508324555264211
periodic,1,41002,HIO,12,6,12,12,0.67395567357315,0.608994990969816
periodic,1,41002,HIO,14,7,14,14,0.742410133497442,0.709082074129643
periodic,1,41002,HIO,16,8,16,16,0.810046125229311,0.812440605602459
periodic,1,41002,HIO,18,9,18,18,0.87339035941661,0.920563811420977
periodic,1,41002,HIO,20,10,20,20,0.931229122288844,1.02770668726757
periodic,1,41002,HIO,22,11,22,22,0.984557376924745,1.13358633347623
periodic,1,41002,HIO,24,12,24,24,1.02867923162927,1.22842019578794
periodic,1,41002,HIO,26,13,26,26,1.06664227156317,1.30937710096702
periodic,1,41002,HIO,28,14,28,28,1.10156556507413,1.37885802115174
periodic,1,41002,HIO,30,15,30,30,1.13456107081938,1.44470159746233
periodic,1,41002,HIO,32,16,32,32,1.1636732552575,1.48904667566578
periodic,1,41002,HIO,34,17,34,34,1.19019447066454,1.5460704336057
periodic,1,41002,HIO,36,18,36,36,1.21477049598442,1.60961915004305
periodic,1,41002,HIO,38,19,38,38,1.23592609930482,1.66919331437274
periodic,1,41002,HIO,40,20,40,40,1.25529410969909,1.71865285548146
periodic,1,41002,HIO,42,21,42,42,1.27363038376968,1.76026497030052
periodic,1,41002,HIO,44,22,44,44,1.29248617768042,1.79930337393836
periodic,1,41002,HIO,46,23,46,46,1.30865264031156,1.84037749931008
periodic,1,41002,HIO,48,24,48,48,1.31663373022829,1.78020495191125
periodic,1,41002,HIO,50,25,50,50,1.30597982261642,1.74811740217859
periodic,1,41002,HIO,52,26,52,52,1.29240501215694,1.71593153654111
periodic,1,41002,HIO,54,27,54,54,1.27818230180385,1.68960771882347
periodic,1,41002,HIO,56,28,56,56,1.26809205588689,1.67092351145077
periodic,1,41002,HIO,58,29,58,58,1.26316224523423,1.66731324528998
periodic,1,41002,HIO,60,30,60,60,1.26154435475261,1.65945849864275
periodic,1,41002,HIO,62,31,62,62,1.26347174225263,1.64931923581664
periodic,1,41002,HIO,64,32,64,64,1.26529220216031,1.65238443671742
periodic,1,41002,HIO,66,33,66,66,1.26763751280425,1.65943927618016
periodic,1,41002,HIO,68,34,68,68,1.27104832010807,1.67661494828947
periodic,1,41002,HIO,70,35,70,70,1.27346087815548,1.67810579427695
periodic,1,41002,HIO,72,36,72,72,1.27335800894976,1.68112570284287
periodic,1,41002,HIO,74,37,74,74,1.27254213699654,1.67995418992807
periodic,1,41002,HIO,76,38,76,76,1.27020881376175,1.68301564575681
periodic,1,41002,HIO,78,39,78,78,1.26809391560319,1.68049130499234
periodic,1,41002,HIO,80,40,80,80,1.26567352050687,1.6740860577465
periodic,1,41002,HIO,82,41,82,82,1.26415844368016,1.6675999762493
periodic,1,41002,HIO,84,42,84,84,1.2661172269368,1.65659295761525
periodic,1,41002,HIO,86,43,86,86,1.26812660577801,1.66797523846415
periodic,1,41002,HIO,88,44,88,88,1.27038445599668,1.68298983589139
periodic,1,41002,HIO,90,45,90,90,1.27242408554934,1.70154068668652
periodic,1,41002,HIO,92,46,92,92,1.27700889722733,1.71989756855502
periodic,1,41002,HIO,94,47,94,94,1.28139536161704,1.72952749790207
periodic,1,41002,HIO,96,48,96,96,1.28499814234995,1.73235685322012
periodic,1,41002,HIO,98,49,98,98,1.28513302664264,1.73421829361519
periodic,1,41002,HIO,100,50,100,100,1.28508805552395,1.73561528280449
periodic,1,41002,HIO,102,51,102,102,1.28524012852501,1.7294195668169
periodic,1,41002,HIO,104,52,104,104,1.28853888782492,1.73748434231766
periodic,1,41002,HIO,106,53,106,106,1.28847541368439,1.74278207730893
periodic,1,41002,HIO,108,54,108,108,1.28900441799489,1.74431809012727
periodic,1,41002,HIO,110,55,110,110,1.29181065392028,1.75924668747361
periodic,1,41002,HIO,112,56,112,112,1.29608032693172,1.77667831642298
periodic,1,41002,HIO,114,57,114,114,1.29817503950846,1.78075533111191
periodic,1,41002,HIO,116,58,116,116,1.30245181669255,1.77878712607848
periodic,1,41002,HIO,118,59,118,118,1.3038879938214,1.78646745512718
periodic,1,41002,HIO,120,60,120,120,1.3028831385798,1.7832671454899
periodic,1,41002,HIO,122,61,122,122,1.30001672453391,1.77517287584684
periodic,1,41002,HIO,124,62,124,124,1.2958008789076,1.75429316072087
periodic,1,41002,HIO,126,63,126,126,1.29335684517013,1.74483074123085
periodic,1,41002,HIO,128,64,128,128,1.28723915464484,1.71923997701287
periodic,1,41002,HIO,130,65,130,130,1.28217174117633,1.69747136715545
periodic,1,41002,HIO,132,66,132,132,1.2799971223565,1.68855874419188
periodic,1,41002,HIO,134,67,134,134,1.27777841798706,1.70800518380225
periodic,1,41002,HIO,136,68,136,136,1.27709209777148,1.71223202056009
periodic,1,41002,HIO,138,69,138,138,1.27994233967993,1.72231212068229
periodic,1,41002,HIO,140,70,140,140,1.27966109356639,1.72398489742258
periodic,1,41002,HIO,142,71,142,142,1.28039285775448,1.71684648505208
periodic,1,41002,HIO,144,72,144,144,1.27813227117338,1.70993007430996
periodic,1,41002,HIO,146,73,146,146,1.27299608050139,1.6950449604322
periodic,1,41002,HIO,148,74,148,148,1.26915318296016,1.67367488768892
periodic,1,41002,HIO,150,75,150,150,1.26855602278405,1.67229125733369
periodic,1,41002,HIO,152,76,152,152,1.27126945230559,1.68835163617852
periodic,1,41002,HIO,154,77,154,154,1.27580281234011,1.71774925134431
periodic,1,41002,HIO,156,78,156,156,1.28023072221043,1.72679546357339
periodic,1,41002,HIO,158,79,158,158,1.28704752068358,1.74996256384833
periodic,1,41002,HIO,160,80,160,160,1.2928693851749,1.76953530519052
periodic,1,41002,HIO,162,81,162,162,1.29879939043704,1.7774848913083
periodic,1,41002,HIO,164,82,164,164,1.30459941555145,1.79649913532801
periodic,1,41002,HIO,166,83,166,166,1.31155849791177,1.81023571764676
periodic,1,41002,HIO,168,84,168,168,1.31848959433875,1.83179809346887
periodic,1,41002,HIO,170,85,170,170,1.31691778589178,1.77738586766091
periodic,1,41002,HIO,172,86,172,172,1.31093077025202,1.75950337941008
periodic,1,41002,HIO,174,87,174,174,1.30622523833273,1.75267063037503
periodic,1,41002,HIO,176,88,176,176,1.30302060834787,1.74778999967324
periodic,1,41002,HIO,178,89,178,178,1.29920174635143,1.74262908227616
periodic,1,41002,HIO,180,90,180,180,1.29827174170809,1.75143381627702
periodic,1,41002,HIO,182,91,182,182,1.29858348301691,1.74692845613854
periodic,1,41002,HIO,184,92,184,184,1.29933711051134,1.75557428208662
periodic,1,41002,HIO,186,93,186,186,1.29891715133145,1.75881151622285
periodic,1,41002,HIO,188,94,188,188,1.29653074282318,1.75785409580988
periodic,1,41002,HIO,190,95,190,190,1.29320693025757,1.74817614647514
periodic,1,41002,HIO,192,96,192,192,1.29017162366764,1.75332789466057
periodic,1,41002,HIO,194,97,194,194,1.28688813847409,1.75214567766926
periodic,1,41002,HIO,196,98,196,196,1.28343563742219,1.75301285368894
periodic,1,41002,HIO,198,99,198,198,1.28357007102285,1.7550164180641
periodic,1,41002,HIO,200,100,200,200,1.28660849767966,1.75932029348729
periodic,1,41002,ER,0,0,0,0,0.655475183732924,0.250364933641618
periodic,1,41002,ER,2,1,2,2,0.32539193435817,0.258728094847847
periodic,1,41002,ER,4,2,4,4,0.344629856605485,0.266636772091497
periodic,1,41002,ER,6,3,6,6,0.360596035556223,0.276475658183084
periodic,1,41002,ER,8,4,8,8,0.373779344187825,0.285712591040844
periodic,1,41002,ER,10,5,10,10,0.38510599275236,0.294172371036823
periodic,1,41002,ER,12,6,12,12,0.395147823462427,0.30198482872366
periodic,1,41002,ER,14,7,14,14,0.404284327554621,0.309284995289142
periodic,1,41002,ER,16,8,16,16,0.412767151790097,0.316188871742808
periodic,1,41002,ER,18,9,18,18,0.420750016372836,0.3228330914198
periodic,1,41002,ER,20,10,20,20,0.428334222050432,0.329354669944916
periodic,1,41002,ER,22,11,22,22,0.435593383350525,0.33576952105069
periodic,1,41002,ER,24,12,24,24,0.44258110125138,0.342010278375204
periodic,1,41002,ER,26,13,26,26,0.449342215223452,0.348086452798767
periodic,1,41002,ER,28,14,28,28,0.455921801197223,0.354039853015884
periodic,1,41002,ER,30,15,30,30,0.462359007866607,0.359885570789609
periodic,1,41002,ER,32,16,32,32,0.468679057290592,0.365666875460538
periodic,1,41002,ER,34,17,34,34,0.47488075848637,0.371463610879123
periodic,1,41002,ER,36,18,36,36,0.480927748616142,0.377347718106938
periodic,1,41002,ER,38,19,38,38,0.486784306709143,0.383349103407746
periodic,1,41002,ER,40,20,40,40,0.492440431381649,0.389378590539815
periodic,1,41002,ER,42,21,42,42,0.49790746291306,0.395280124422402
periodic,1,41002,ER,44,22,44,44,0.503211591316618,0.400974174271439
periodic,1,41002,ER,46,23,46,46,0.508374735135492,0.406475920212363
periodic,1,41002,ER,48,24,48,48,0.513396700032693,0.411832534452369
periodic,1,41002,ER,50,25,50,50,0.518267992671779,0.417044290313246
periodic,1,41002,ER,52,26,52,52,0.522978858522462,0.422059745591362
periodic,1,41002,ER,54,27,54,54,0.527520659559325,0.426831592719152
periodic,1,41002,ER,56,28,56,56,0.531892570051576,0.431504517431862
periodic,1,41002,ER,58,29,58,58,0.536097998499671,0.436625400055501
periodic,1,41002,ER,60,30,60,60,0.540141198331685,0.441393195329962
periodic,1,41002,ER,62,31,62,62,0.544029654390456,0.445811680480074
periodic,1,41002,ER,64,32,64,64,0.547776100477439,0.450020921238496
periodic,1,41002,ER,66,33,66,66,0.55139686245873,0.454090003691525
periodic,1,41002,ER,68,34,68,68,0.554905122026049,0.458102148446376
periodic,1,41002,ER,70,35,70,70,0.558306145187502,0.462142487841386
periodic,1,41002,ER,72,36,72,72,0.561603167435125,0.466195110048699
periodic,1,41002,ER,74,37,74,74,0.564801119746651,0.470165458361644
periodic,1,41002,ER,76,38,76,76,0.567911468510654,0.474012544050189
periodic,1,41002,ER,78,39,78,78,0.570952426418646,0.477759897592679
periodic,1,41002,ER,80,40,80,80,0.573932737052776,0.481420286870481
periodic,1,41002,ER,82,41,82,82,0.576834216445659,0.484934616740502
periodic,1,41002,ER,84,42,84,84,0.57963561056469,0.488244361476844
periodic,1,41002,ER,86,43,86,86,0.582339971006605,0.491362622944074
periodic,1,41002,ER,88,44,88,88,0.584964051553713,0.494332864429364
periodic,1,41002,ER,90,45,90,90,0.587525081572849,0.497192266016025
periodic,1,41002,ER,92,46,92,92,0.590037014585978,0.499968606205127
periodic,1,41002,ER,94,47,94,94,0.592509264897061,0.502687127921199
periodic,1,41002,ER,96,48,96,96,0.594946024818483,0.505375495981625
periodic,1,41002,ER,98,49,98,98,0.5973484459079,0.508062929525221
periodic,1,41002,ER,100,50,100,100,0.599717713486761,0.510780882858328
periodic,1,41002,ER,102,51,102,102,0.602055267475315,0.51356575463277
periodic,1,41002,ER,104,52,104,104,0.604361189849211,0.51643154711584
periodic,1,41002,ER,106,53,106,106,0.606633534809013,0.519306582528732
periodic,1,41002,ER,108,54,108,108,0.608869512360782,0.522082173039924
periodic,1,41002,ER,110,55,110,110,0.61106712902465,0.524731288465261
periodic,1,41002,ER,112,56,112,112,0.613226384791755,0.527287249237589
periodic,1,41002,ER,114,57,114,114,0.615350263695587,0.529784240354666
periodic,1,41002,ER,116,58,116,116,0.617444597499097,0.532242116769937
periodic,1,41002,ER,118,59,118,118,0.619516515816379,0.534655505570201
periodic,1,41002,ER,120,60,120,120,0.621572852700822,0.536891608955401
periodic,1,41002,ER,122,61,122,122,0.62361924555697,0.539116330255957
periodic,1,41002,ER,124,62,124,124,0.625659762064447,0.541333746373948
periodic,1,41002,ER,126,63,126,126,0.627696884932777,0.543572079909471
periodic,1,41002,ER,128,64,128,128,0.629731788916672,0.545891410392892
periodic,1,41002,ER,130,65,130,130,0.631764739078293,0.54859078289112
periodic,1,41002,ER,132,66,132,132,0.633795318008771,0.551959416822167
periodic,1,41002,ER,134,67,134,134,0.635821963028146,0.554334730838952
periodic,1,41002,ER,136,68,136,136,0.637840376212065,0.556399625704687
periodic,1,41002,ER,138,69,138,138,0.639843569570384,0.558340394726432
periodic,1,41002,ER,140,70,140,140,0.641825465409582,0.560213871940685
periodic,1,41002,ER,142,71,142,142,0.643782507367013,0.562058448771618
periodic,1,41002,ER,144,72,144,144,0.645712957078192,0.563899141710617
periodic,1,41002,ER,146,73,146,146,0.647615774322762,0.565751806735571
periodic,1,41002,ER,148,74,148,148,0.649489698055548,0.567630917758138
periodic,1,41002,ER,150,75,150,150,0.651333272722946,0.569552311315657
periodic,1,41002,ER,152,76,152,152,0.653145713034581,0.571527081500156
periodic,1,41002,ER,154,77,154,154,0.654927643123509,0.572966948441341
periodic,1,41002,ER,156,78,156,156,0.65668102260213,0.574245911593713
periodic,1,41002,ER,158,79,158,158,0.658408372966302,0.575587330914012
periodic,1,41002,ER,160,80,160,160,0.66011161574625,0.577001988705534
periodic,1,41002,ER,162,81,162,162,0.661790725908599,0.578482565965392
periodic,1,41002,ER,164,82,164,164,0.663442882954381,0.580017099438685
periodic,1,41002,ER,166,83,166,166,0.665063291576601,0.58159498840011
periodic,1,41002,ER,168,84,168,168,0.666647644911736,0.583203182046503
periodic,1,41002,ER,170,85,170,170,0.668194184835693,0.58482256031819
periodic,1,41002,ER,172,86,172,172,0.669703797122754,0.586433793365761
periodic,1,41002,ER,174,87,174,174,0.671178833652734,0.588024542000369
periodic,1,41002,ER,176,88,176,176,0.672622006625947,0.58959016311816
periodic,1,41002,ER,178,89,178,178,0.674035860748318,0.59113089718681
periodic,1,41002,ER,180,90,180,180,0.675422681822137,0.592649140496972
periodic,1,41002,ER,182,91,182,182,0.676784597921902,0.594147395915785
periodic,1,41002,ER,184,92,184,184,0.678123730961058,0.595626684005727
periodic,1,41002,ER,186,93,186,186,0.679442325791236,0.597085699299307
periodic,1,41002,ER,188,94,188,188,0.68074278909878,0.598499168996352
periodic,1,41002,ER,190,95,190,190,0.682027592119037,0.599796788087028
periodic,1,41002,ER,192,96,192,192,0.683299086595753,0.60108283992904
periodic,1,41002,ER,194,97,194,194,0.684559431864095,0.602370005451499
periodic,1,41002,ER,196,98,196,196,0.685810782524437,0.603557531782234
periodic,1,41002,ER,198,99,198,198,0.687055220405318,0.604794356720321
periodic,1,41002,ER,200,100,200,200,0.68829386160912,0.606103411035265
periodic,1,41002,RAAR,0,0,0,0,0.655475183732924,0.250364933641618
periodic,1,41002,RAAR,2,1,2,2,0.32539193435817,0.258728094847847
periodic,1,41002,RAAR,4,2,4,4,0.525657674297905,0.429646387304138
periodic,1,41002,RAAR,6,3,6,6,0.632404236038106,0.559077934997337
periodic,1,41002,RAAR,8,4,8,8,0.727352752697409,0.731273849941589
periodic,1,41002,RAAR,10,5,10,10,0.815676993252705,0.882853473006277
periodic,1,41002,RAAR,12,6,12,12,0.883898641449443,1.01655096818388
periodic,1,41002,RAAR,14,7,14,14,0.911026087644525,1.07941916060691
periodic,1,41002,RAAR,16,8,16,16,0.927794300440449,1.12424717375123
periodic,1,41002,RAAR,18,9,18,18,0.938852392352336,1.13852959537707
periodic,1,41002,RAAR,20,10,20,20,0.955358767196791,1.16863306694908
periodic,1,41002,RAAR,22,11,22,22,0.955866086556231,1.17487032695909
periodic,1,41002,RAAR,24,12,24,24,0.960228821577718,1.18052358202369
periodic,1,41002,RAAR,26,13,26,26,0.960390039611289,1.18510348762432
periodic,1,41002,RAAR,28,14,28,28,0.963688519430203,1.18988285952747
periodic,1,41002,RAAR,30,15,30,30,0.968166164243282,1.21399788048641
periodic,1,41002,RAAR,32,16,32,32,0.97167218374516,1.21575612377377
periodic,1,41002,RAAR,34,17,34,34,0.978877706432747,1.21720202417615
periodic,1,41002,RAAR,36,18,36,36,0.989140585973062,1.24714585355814
periodic,1,41002,RAAR,38,19,38,38,1.00205675861555,1.26352918106722
periodic,1,41002,RAAR,40,20,40,40,1.00729323757616,1.28416171127322
periodic,1,41002,RAAR,42,21,42,42,1.0178372153981,1.31880416210465
periodic,1,41002,RAAR,44,22,44,44,1.02483175252867,1.33357929135746
periodic,1,41002,RAAR,46,23,46,46,1.03193539187459,1.35644126600357
periodic,1,41002,RAAR,48,24,48,48,1.03432947976508,1.35950586887044
periodic,1,41002,RAAR,50,25,50,50,1.02789091125066,1.33333327023548
periodic,1,41002,RAAR,52,26,52,52,1.02737802898685,1.32781281013747
periodic,1,41002,RAAR,54,27,54,54,1.02277781912676,1.31124858790612
periodic,1,41002,RAAR,56,28,56,56,1.02050475257058,1.30885506565075
periodic,1,41002,RAAR,58,29,58,58,1.01845770496406,1.3091077862491
periodic,1,41002,RAAR,60,30,60,60,1.01816261132418,1.30267255518082
periodic,1,41002,RAAR,62,31,62,62,1.01843805241495,1.29312145032826
periodic,1,41002,RAAR,64,32,64,64,1.02393650166646,1.32374228211981
periodic,1,41002,RAAR,66,33,66,66,1.03295038364504,1.35080919850516
periodic,1,41002,RAAR,68,34,68,68,1.04446800258213,1.37591254920077
periodic,1,41002,RAAR,70,35,70,70,1.05422723655035,1.40469143944393
periodic,1,41002,RAAR,72,36,72,72,1.06741509939975,1.42470184567736
periodic,1,41002,RAAR,74,37,74,74,1.07418166329745,1.4479132160434
periodic,1,41002,RAAR,76,38,76,76,1.07800051962771,1.43898364484964
periodic,1,41002,RAAR,78,39,78,78,1.08269821180511,1.43932094234472
periodic,1,41002,RAAR,80,40,80,80,1.08357395066119,1.43537828204105
periodic,1,41002,RAAR,82,41,82,82,1.08582081982308,1.45478819673203
periodic,1,41002,RAAR,84,42,84,84,1.08881794342952,1.46676165925481
periodic,1,41002,RAAR,86,43,86,86,1.09554186224868,1.47682209257224
periodic,1,41002,RAAR,88,44,88,88,1.09882220559479,1.49988117445485
periodic,1,41002,RAAR,90,45,90,90,1.10101222038735,1.50783361054577
periodic,1,41002,RAAR,92,46,92,92,1.10063176575724,1.5103393699075
periodic,1,41002,RAAR,94,47,94,94,1.10148048370674,1.50589715505625
periodic,1,41002,RAAR,96,48,96,96,1.10337404226981,1.50390069108845
periodic,1,41002,RAAR,98,49,98,98,1.10171129880537,1.513765796448
periodic,1,41002,RAAR,100,50,100,100,1.09634183910263,1.50773108485239
periodic,1,41002,RAAR,102,51,102,102,1.09750000245221,1.5143760142275
periodic,1,41002,RAAR,104,52,104,104,1.09824463485868,1.5094341947427
periodic,1,41002,RAAR,106,53,106,106,1.098335305901,1.51229572828609
periodic,1,41002,RAAR,108,54,108,108,1.10178753106448,1.50241880898188
periodic,1,41002,RAAR,110,55,110,110,1.10322637421905,1.50173431916904
periodic,1,41002,RAAR,112,56,112,112,1.10101042571092,1.49150730185626
periodic,1,41002,RAAR,114,57,114,114,1.10228269108261,1.48805741212738
periodic,1,41002,RAAR,116,58,116,116,1.10623257567034,1.50641220709069
periodic,1,41002,RAAR,118,59,118,118,1.10469195563592,1.51847922019015
periodic,1,41002,RAAR,120,60,120,120,1.11091619541258,1.53503586244769
periodic,1,41002,RAAR,122,61,122,122,1.10392922644804,1.5155479144057
periodic,1,41002,RAAR,124,62,124,124,1.09962268867136,1.50314679574431
periodic,1,41002,RAAR,126,63,126,126,1.09308888190143,1.47443379075572
periodic,1,41002,RAAR,128,64,128,128,1.09922024105089,1.48391981041053
periodic,1,41002,RAAR,130,65,130,130,1.10119687508637,1.47930453448074
periodic,1,41002,RAAR,132,66,132,132,1.10154525286296,1.468762762705
periodic,1,41002,RAAR,134,67,134,134,1.09831901574408,1.45881721298247
periodic,1,41002,RAAR,136,68,136,136,1.09486236840286,1.4571894927114
periodic,1,41002,RAAR,138,69,138,138,1.0961427890067,1.46480131253097
periodic,1,41002,RAAR,140,70,140,140,1.09596079286041,1.46539878471745
periodic,1,41002,RAAR,142,71,142,142,1.10053587689136,1.47971717778549
periodic,1,41002,RAAR,144,72,144,144,1.10031587501108,1.47538507770335
periodic,1,41002,RAAR,146,73,146,146,1.10032674254966,1.47637250712929
periodic,1,41002,RAAR,148,74,148,148,1.10091533363319,1.46750348535274
periodic,1,41002,RAAR,150,75,150,150,1.10041488142016,1.48039672222821
periodic,1,41002,RAAR,152,76,152,152,1.10285064435987,1.46565733360994
periodic,1,41002,RAAR,154,77,154,154,1.10503342603658,1.45924060229388
periodic,1,41002,RAAR,156,78,156,156,1.1075591219197,1.46917208676205
periodic,1,41002,RAAR,158,79,158,158,1.11294304728963,1.48430627526654
periodic,1,41002,RAAR,160,80,160,160,1.11193912579958,1.48024501842157
periodic,1,41002,RAAR,162,81,162,162,1.11601123715225,1.49505162024371
periodic,1,41002,RAAR,164,82,164,164,1.11542083130938,1.49477937125294
periodic,1,41002,RAAR,166,83,166,166,1.11642802455311,1.50471965649854
periodic,1,41002,RAAR,168,84,168,168,1.11806943120083,1.51697533928101
periodic,1,41002,RAAR,170,85,170,170,1.12142129581082,1.53629554169134
periodic,1,41002,RAAR,172,86,172,172,1.12550344697785,1.54863185477591
periodic,1,41002,RAAR,174,87,174,174,1.12605553647169,1.54549937654118
periodic,1,41002,RAAR,176,88,176,176,1.11823359278139,1.52534790812925
periodic,1,41002,RAAR,178,89,178,178,1.11050688701687,1.51950208946096
periodic,1,41002,RAAR,180,90,180,180,1.10942921267338,1.5200265787419
periodic,1,41002,RAAR,182,91,182,182,1.10403338360765,1.49275391640796
periodic,1,41002,RAAR,184,92,184,184,1.10478353452951,1.48964366097744
periodic,1,41002,RAAR,186,93,186,186,1.10755794862388,1.48692008536395
periodic,1,41002,RAAR,188,94,188,188,1.10889039005339,1.48355479158245
periodic,1,41002,RAAR,190,95,190,190,1.10587154920726,1.47909104031056
periodic,1,41002,RAAR,192,96,192,192,1.1088299598574,1.47328987726958
periodic,1,41002,RAAR,194,97,194,194,1.11326527786359,1.49804858233862
periodic,1,41002,RAAR,196,98,196,196,1.11807790972751,1.5112535375634
periodic,1,41002,RAAR,198,99,198,198,1.12986562529517,1.55923381385736
periodic,1,41002,RAAR,200,100,200,200,1.13937929232875,1.57476435860873
periodic,1,41002,LBFGS,0,0,0,0,0.655475183732924,0.250364933641618
periodic,1,41002,LBFGS,2,0,2,2,0.655475183732924,0.250364933641618
periodic,1,41002,LBFGS,4,1,4,4,0.32539193435817,0.258728094847847
periodic,1,41002,LBFGS,6,2,6,6,0.348509626765055,0.268858789845851
periodic,1,41002,LBFGS,8,3,8,8,0.413074880205761,0.31350881710389
periodic,1,41002,LBFGS,10,4,10,10,0.420007422916586,0.323049433313228
periodic,1,41002,LBFGS,12,5,12,12,0.457768694524679,0.3594589154517
periodic,1,41002,LBFGS,14,6,14,14,0.481119750155917,0.381171936325627
periodic,1,41002,LBFGS,16,7,16,16,0.5174862806173,0.417953135989657
periodic,1,41002,LBFGS,18,8,18,18,0.539344652385829,0.440780765537471
periodic,1,41002,LBFGS,20,9,20,20,0.563140136210115,0.465562260486183
periodic,1,41002,LBFGS,22,10,22,22,0.553253339407733,0.462655774764361
periodic,1,41002,LBFGS,24,11,24,24,0.597152917486492,0.508884087953035
periodic,1,41002,LBFGS,26,12,26,26,0.583032110467798,0.495149430455492
periodic,1,41002,LBFGS,28,13,28,28,0.586934502771611,0.501522721437983
periodic,1,41002,LBFGS,30,14,30,30,0.615720371070226,0.533355365999244
periodic,1,41002,LBFGS,32,15,32,32,0.616587151919778,0.53687766866233
periodic,1,41002,LBFGS,34,16,34,34,0.633432565562614,0.560269775118727
periodic,1,41002,LBFGS,36,17,36,36,0.649125339991804,0.583450407491642
periodic,1,41002,LBFGS,38,18,38,38,0.667810269866211,0.602673923772138
periodic,1,41002,LBFGS,40,19,40,40,0.675236690735408,0.60543806884588
periodic,1,41002,LBFGS,42,20,42,42,0.680257983445134,0.611129604754437
periodic,1,41002,LBFGS,44,21,44,44,0.689571016686655,0.625804081644858
periodic,1,41002,LBFGS,46,22,46,46,0.696072095490807,0.631700680437562
periodic,1,41002,LBFGS,48,23,48,48,0.710917253429324,0.64908316607996
periodic,1,41002,LBFGS,50,24,50,50,0.699960684381826,0.637623973242836
periodic,1,41002,LBFGS,52,25,52,52,0.714581663001936,0.652797110510628
periodic,1,41002,LBFGS,54,26,54,54,0.72786111659729,0.66708376736061
periodic,1,41002,LBFGS,56,27,56,56,0.730548928763718,0.672359719336622
periodic,1,41002,LBFGS,58,28,58,58,0.74252285642964,0.688801490448811
periodic,1,41002,LBFGS,60,29,60,60,0.743127157392513,0.689692886001731
periodic,1,41002,LBFGS,62,30,62,62,0.752842908725775,0.701100461742135
periodic,1,41002,LBFGS,64,31,64,64,0.76876876017864,0.724606406523967
periodic,1,41002,LBFGS,66,32,66,66,0.76218117739453,0.716295825236672
periodic,1,41002,LBFGS,68,33,68,68,0.767129582087934,0.722479158743439
periodic,1,41002,LBFGS,70,34,70,70,0.780592052193467,0.738641431324422
periodic,1,41002,LBFGS,72,35,72,72,0.780128390288365,0.738536189625294
periodic,1,41002,LBFGS,74,36,74,74,0.788810333161483,0.750086423006706
periodic,1,41002,LBFGS,76,37,76,76,0.7924303498382,0.75660482923715
periodic,1,41002,LBFGS,78,38,78,78,0.807716569656265,0.778008637140704
periodic,1,41002,LBFGS,80,39,80,80,0.808594624090216,0.782778476123173
periodic,1,41002,LBFGS,82,40,82,82,0.81513168283881,0.794432646428432
periodic,1,41002,LBFGS,84,41,84,84,0.819609032540509,0.802833590120049
periodic,1,41002,LBFGS,86,42,86,86,0.833430686068686,0.826285418168719
periodic,1,41002,LBFGS,88,43,88,88,0.831607373500089,0.822472099899165
periodic,1,41002,LBFGS,90,44,90,90,0.834607896311498,0.82591003000088
periodic,1,41002,LBFGS,92,45,92,92,0.839574614342184,0.832216233538593
periodic,1,41002,LBFGS,94,46,94,94,0.846076737408664,0.841717799281449
periodic,1,41002,LBFGS,96,47,96,96,0.849784784092104,0.846771083235552
periodic,1,41002,LBFGS,98,48,98,98,0.849013532569811,0.845502378294203
periodic,1,41002,LBFGS,100,49,100,100,0.861501013137202,0.861553610088467
periodic,1,41002,LBFGS,102,50,102,102,0.856423476007989,0.855544323676208
periodic,1,41002,LBFGS,104,51,104,104,0.858227522443043,0.857971506678462
periodic,1,41002,LBFGS,106,52,106,106,0.870887968186065,0.875098681675643
periodic,1,41002,LBFGS,108,53,108,108,0.864338104579102,0.867735602245538
periodic,1,41002,LBFGS,110,54,110,110,0.866668042723906,0.870708513547068
periodic,1,41002,LBFGS,112,55,112,112,0.878454344508213,0.884245068253994
periodic,1,41002,LBFGS,114,56,114,114,0.872909007600045,0.878131298202991
periodic,1,41002,LBFGS,116,57,116,116,0.874638295102602,0.88044594477749
periodic,1,41002,LBFGS,118,58,118,118,0.887354729509079,0.898544851863897
periodic,1,41002,LBFGS,120,59,120,120,0.883540853308804,0.894307500228558
periodic,1,41002,LBFGS,122,60,122,122,0.886010490912099,0.898836364662151
periodic,1,41002,LBFGS,124,60,124,122,0.886010490912099,0.898836364662151
periodic,1,41002,LBFGS,126,61,126,126,0.896242558911578,0.914960052342579
periodic,1,41002,LBFGS,128,62,128,128,0.893717764003629,0.912657720143948
periodic,1,41002,LBFGS,130,63,130,130,0.896892119508393,0.916863801120624
periodic,1,41002,LBFGS,132,64,132,132,0.904716612674389,0.926526050816658
periodic,1,41002,LBFGS,134,65,134,134,0.904026730468729,0.926137744456131
periodic,1,41002,LBFGS,136,66,136,136,0.907897124645032,0.931541942450179
periodic,1,41002,LBFGS,138,67,138,138,0.911014011583534,0.937065165220594
periodic,1,41002,LBFGS,140,68,140,140,0.915534972357248,0.945149676225182
periodic,1,41002,LBFGS,142,69,142,142,0.917705594057086,0.950023984101527
periodic,1,41002,LBFGS,144,70,144,144,0.921788171584178,0.956948118265195
periodic,1,41002,LBFGS,146,71,146,146,0.92150878572101,0.957170111060072
periodic,1,41002,LBFGS,148,72,148,148,0.927745270139672,0.96720722711807
periodic,1,41002,LBFGS,150,73,150,150,0.925927245519352,0.964425661607837
periodic,1,41002,LBFGS,152,74,152,152,0.926924860129444,0.96650462175938
periodic,1,41002,LBFGS,154,75,154,154,0.930541807645996,0.973731579060741
periodic,1,41002,LBFGS,156,76,156,156,0.931004877399153,0.975162898839125
periodic,1,41002,LBFGS,158,77,158,158,0.934386727509481,0.981825971024655
periodic,1,41002,LBFGS,160,78,160,160,0.935681812282101,0.986065961761306
periodic,1,41002,LBFGS,162,79,162,162,0.939215250521249,0.993119511336928
periodic,1,41002,LBFGS,164,80,164,164,0.938258998136694,0.991873571705424
periodic,1,41002,LBFGS,166,81,166,166,0.939199774528423,0.993676622597208
periodic,1,41002,LBFGS,168,82,168,168,0.940765666642205,0.995543179188446
periodic,1,41002,LBFGS,170,83,170,170,0.943704560909643,0.999566812763713
periodic,1,41002,LBFGS,172,84,172,172,0.946097420048106,1.00327467371114
periodic,1,41002,LBFGS,174,85,174,174,0.948379327729517,1.00543330296758
periodic,1,41002,LBFGS,176,86,176,176,0.946926355991259,1.00312416982544
periodic,1,41002,LBFGS,178,87,178,178,0.951251570328979,1.00706162029713
periodic,1,41002,LBFGS,180,88,180,180,0.95046733158706,1.00580476139118
periodic,1,41002,LBFGS,182,89,182,182,0.95173421688085,1.00621863753397
periodic,1,41002,LBFGS,184,90,184,184,0.956588779772683,1.01152145302106
periodic,1,41002,LBFGS,186,91,186,186,0.955317410324506,1.01038637931151
periodic,1,41002,LBFGS,188,92,188,188,0.95794762497798,1.01429953678344
periodic,1,41002,LBFGS,190,92,190,188,0.95794762497798,1.01429953678344
periodic,1,41002,LBFGS,192,93,192,192,0.961804182442038,1.02056534846766
periodic,1,41002,LBFGS,194,94,194,194,0.962934652450315,1.02262887661161
periodic,1,41002,LBFGS,196,95,196,196,0.965266941803996,1.02601584613348
periodic,1,41002,LBFGS,198,96,198,198,0.964998821657737,1.02570406730067
periodic,1,41002,LBFGS,200,97,200,200,0.967801174138775,1.03030707076254
periodic,1,41003,HIO,0,0,0,0,0.655475183732924,0.250364933641618
periodic,1,41003,HIO,2,1,2,2,0.329251814117455,0.260975702587907
periodic,1,41003,HIO,4,2,4,4,0.380340677286924,0.293314986409904
periodic,1,41003,HIO,6,3,6,6,0.448991156884762,0.352032856456873
periodic,1,41003,HIO,8,4,8,8,0.525381925123727,0.427170984751583
periodic,1,41003,HIO,10,5,10,10,0.599725309983484,0.502577418936483
periodic,1,41003,HIO,12,6,12,12,0.669591163159646,0.586895249001812
periodic,1,41003,HIO,14,7,14,14,0.739874363230473,0.684521184350701
periodic,1,41003,HIO,16,8,16,16,0.80739875253535,0.784039656449925
periodic,1,41003,HIO,18,9,18,18,0.870861630670645,0.884142478191341
periodic,1,41003,HIO,20,10,20,20,0.927866468726334,0.99923224384566
periodic,1,41003,HIO,22,11,22,22,0.981975136277298,1.10879913479226
periodic,1,41003,HIO,24,12,24,24,1.03119529376061,1.20493890357229
periodic,1,41003,HIO,26,13,26,26,1.07667838456751,1.30697376844282
periodic,1,41003,HIO,28,14,28,28,1.12333099674696,1.40327281965408
periodic,1,41003,HIO,30,15,30,30,1.16799345729388,1.50891228589279
periodic,1,41003,HIO,32,16,32,32,1.20341811095393,1.59965828817238
periodic,1,41003,HIO,34,17,34,34,1.23312506872201,1.66060845270422
periodic,1,41003,HIO,36,18,36,36,1.25798135456198,1.70091967485688
periodic,1,41003,HIO,38,19,38,38,1.27985005025061,1.74583463360844
periodic,1,41003,HIO,40,20,40,40,1.29781837983242,1.78007119078027
periodic,1,41003,HIO,42,21,42,42,1.31318266826545,1.81136564791949
periodic,1,41003,HIO,44,22,44,44,1.31346111127173,1.7925711128308
periodic,1,41003,HIO,46,23,46,46,1.301184275776,1.76194682730715
periodic,1,41003,HIO,48,24,48,48,1.28777861441525,1.73354548963555
periodic,1,41003,HIO,50,25,50,50,1.27722639174922,1.70227902015338
periodic,1,41003,HIO,52,26,52,52,1.26628590488862,1.67511979128633
periodic,1,41003,HIO,54,27,54,54,1.25926430604379,1.64745537085908
periodic,1,41003,HIO,56,28,56,56,1.25431418179454,1.6376415615637
periodic,1,41003,HIO,58,29,58,58,1.25127476455813,1.64062678271637
periodic,1,41003,HIO,60,30,60,60,1.24872478077669,1.63716794798942
periodic,1,41003,HIO,62,31,62,62,1.24500614647443,1.62300961251649
periodic,1,41003,HIO,64,32,64,64,1.23919585419918,1.60826891168897
periodic,1,41003,HIO,66,33,66,66,1.23305408187302,1.6051546662501
periodic,1,41003,HIO,68,34,68,68,1.22784277985433,1.61104684017273
periodic,1,41003,HIO,70,35,70,70,1.22687311060153,1.60809579124987
periodic,1,41003,HIO,72,36,72,72,1.22824091972775,1.61282191397818
periodic,1,41003,HIO,74,37,74,74,1.22704786502635,1.61736892421136
periodic,1,41003,HIO,76,38,76,76,1.2288409035418,1.62053302211858
periodic,1,41003,HIO,78,39,78,78,1.23588468773477,1.63227282421694
periodic,1,41003,HIO,80,40,80,80,1.24299988726185,1.63766924650976
periodic,1,41003,HIO,82,41,82,82,1.24879077742379,1.64809906371331
periodic,1,41003,HIO,84,42,84,84,1.25617716176572,1.66407852731958
periodic,1,41003,HIO,86,43,86,86,1.26193595608199,1.66981898199052
periodic,1,41003,HIO,88,44,88,88,1.26460478422947,1.67426315788413
periodic,1,41003,HIO,90,45,90,90,1.26775899172399,1.67817529428403
periodic,1,41003,HIO,92,46,92,92,1.2725862492838,1.68084217893203
periodic,1,41003,HIO,94,47,94,94,1.27496300763383,1.68678530631094
periodic,1,41003,HIO,96,48,96,96,1.27861026351028,1.69334256114045
periodic,1,41003,HIO,98,49,98,98,1.28204167264689,1.70311900243716
periodic,1,41003,HIO,100,50,100,100,1.28581838732434,1.71812981062699
periodic,1,41003,HIO,102,51,102,102,1.29229811221085,1.740927666347
periodic,1,41003,HIO,104,52,104,104,1.29841029765009,1.75416103562744
periodic,1,41003,HIO,106,53,106,106,1.30324437443811,1.76447718857436
periodic,1,41003,HIO,108,54,108,108,1.30322168011836,1.77774133771849
periodic,1,41003,HIO,110,55,110,110,1.3024220904789,1.78694539687341
periodic,1,41003,HIO,112,56,112,112,1.30424252145585,1.79477922416759
periodic,1,41003,HIO,114,57,114,114,1.30513131073241,1.79298293070593
periodic,1,41003,HIO,116,58,116,116,1.30604629885225,1.80607598558397
periodic,1,41003,HIO,118,59,118,118,1.30712958004797,1.80496113997007
periodic,1,41003,HIO,120,60,120,120,1.30886751436782,1.80240949434846
periodic,1,41003,HIO,122,61,122,122,1.30834690633063,1.81006071507166
periodic,1,41003,HIO,124,62,124,124,1.30729565615417,1.80829838547463
periodic,1,41003,HIO,126,63,126,126,1.30700994748235,1.79813510791013
periodic,1,41003,HIO,128,64,128,128,1.30673765419536,1.78209655661071
periodic,1,41003,HIO,130,65,130,130,1.30742209121421,1.77861162141705
periodic,1,41003,HIO,132,66,132,132,1.30495593236371,1.77131610541009
periodic,1,41003,HIO,134,67,134,134,1.30060480566733,1.76597444694712
periodic,1,41003,HIO,136,68,136,136,1.29912595253408,1.76350389738748
periodic,1,41003,HIO,138,69,138,138,1.30098243620989,1.76256553347382
periodic,1,41003,HIO,140,70,140,140,1.30051893385517,1.75480571689121
periodic,1,41003,HIO,142,71,142,142,1.30160957350788,1.76024707475933
periodic,1,41003,HIO,144,72,144,144,1.30647429040114,1.78650681096027
periodic,1,41003,HIO,146,73,146,146,1.31127852257676,1.79583001060992
periodic,1,41003,HIO,148,74,148,148,1.3139020962288,1.80861326291633
periodic,1,41003,HIO,150,75,150,150,1.31773274380685,1.82814085389586
periodic,1,41003,HIO,152,76,152,152,1.31652992156166,1.82141526007449
periodic,1,41003,HIO,154,77,154,154,1.31190396082006,1.79186258202082
periodic,1,41003,HIO,156,78,156,156,1.30867045300994,1.7780589091481
periodic,1,41003,HIO,158,79,158,158,1.31128705642121,1.78285723130716
periodic,1,41003,HIO,160,80,160,160,1.31416701509555,1.780901275516
periodic,1,41003,HIO,162,81,162,162,1.31438197154927,1.79928685750479
periodic,1,41003,HIO,164,82,164,164,1.3122255747576,1.81007049825785
periodic,1,41003,HIO,166,83,166,166,1.31141174920841,1.80856957675216
periodic,1,41003,HIO,168,84,168,168,1.30999975808978,1.80289246459925
periodic,1,41003,HIO,170,85,170,170,1.30673262645245,1.78663604435461
periodic,1,41003,HIO,172,86,172,172,1.30052206535523,1.77678937843325
periodic,1,41003,HIO,174,87,174,174,1.2950279464839,1.77174882917565
periodic,1,41003,HIO,176,88,176,176,1.29115440866008,1.76075601468579
periodic,1,41003,HIO,178,89,178,178,1.28712494373363,1.74715731570391
periodic,1,41003,HIO,180,90,180,180,1.28659757636718,1.73972608692742
periodic,1,41003,HIO,182,91,182,182,1.28419715802426,1.72991385497547
periodic,1,41003,HIO,184,92,184,184,1.28066760040354,1.72406734065597
periodic,1,41003,HIO,186,93,186,186,1.28000150501451,1.72932253311757
periodic,1,41003,HIO,188,94,188,188,1.28210662878138,1.72589987228673
periodic,1,41003,HIO,190,95,190,190,1.28327287977543,1.7226092210296
periodic,1,41003,HIO,192,96,192,192,1.28281149066123,1.71438556570864
periodic,1,41003,HIO,194,97,194,194,1.28513984784071,1.70983926745116
periodic,1,41003,HIO,196,98,196,196,1.28657384018171,1.7095559728632
periodic,1,41003,HIO,198,99,198,198,1.28652253098048,1.7023278966744
periodic,1,41003,HIO,200,100,200,200,1.28657767066489,1.70405679603552
periodic,1,41003,ER,0,0,0,0,0.655475183732924,0.250364933641618
periodic,1,41003,ER,2,1,2,2,0.329251814117455,0.260975702587907
periodic,1,41003,ER,4,2,4,4,0.349875765481729,0.271697125053354
periodic,1,41003,ER,6,3,6,6,0.3669423380822,0.283558875563838
periodic,1,41003,ER,8,4,8,8,0.380968496766983,0.294567569760018
periodic,1,41003,ER,10,5,10,10,0.392731701079597,0.304201984893816
periodic,1,41003,ER,12,6,12,12,0.402972095344614,0.312763798913779
periodic,1,41003,ER,14,7,14,14,0.412166021653918,0.320527462252332
periodic,1,41003,ER,16,8,16,16,0.420655760575693,0.327639339541442
periodic,1,41003,ER,18,9,18,18,0.428572151678463,0.334222908993752
periodic,1,41003,ER,20,10,20,20,0.436076742443161,0.340506752838859
periodic,1,41003,ER,22,11,22,22,0.443219916646691,0.346528584691878
periodic,1,41003,ER,24,12,24,24,0.450019995450659,0.352252250349983
periodic,1,41003,ER,26,13,26,26,0.456513970718328,0.357676296972329
periodic,1,41003,ER,28,14,28,28,0.462748868760666,0.362847597766581
periodic,1,41003,ER,30,15,30,30,0.46876342021057,0.367828162739352
periodic,1,41003,ER,32,16,32,32,0.47457721232623,0.372660033085883
periodic,1,41003,ER,34,17,34,34,0.480190666665749,0.37732978381434
periodic,1,41003,ER,36,18,36,36,0.485575291082545,0.381753992692552
periodic,1,41003,ER,38,19,38,38,0.490736873374608,0.385942042966275
periodic,1,41003,ER,40,20,40,40,0.49570169141615,0.389952263119922
periodic,1,41003,ER,42,21,42,42,0.500497845828992,0.393847803076536
periodic,1,41003,ER,44,22,44,44,0.505148429172001,0.397706031385499
periodic,1,41003,ER,46,23,46,46,0.509664114212803,0.401625853732888
periodic,1,41003,ER,48,24,48,48,0.51404701533459,0.405644459010264
periodic,1,41003,ER,50,25,50,50,0.518304618985061,0.40967455133573
periodic,1,41003,ER,52,26,52,52,0.522440630877462,0.413606076282661
periodic,1,41003,ER,54,27,54,54,0.526455322240698,0.417391802949982
periodic,1,41003,ER,56,28,56,56,0.530358512083859,0.421045274635038
periodic,1,41003,ER,58,29,58,58,0.534166059817745,0.424604801821553
periodic,1,41003,ER,60,30,60,60,0.537890199935805,0.428111373682937
periodic,1,41003,ER,62,31,62,62,0.541538324256733,0.431634779199323
periodic,1,41003,ER,64,32,64,64,0.545117101898781,0.436402651277699
periodic,1,41003,ER,66,33,66,66,0.54862999282374,0.43842412234332
periodic,1,41003,ER,68,34,68,68,0.552073481705698,0.441827812214559
periodic,1,41003,ER,70,35,70,70,0.555444565558243,0.445304068434599
periodic,1,41003,ER,72,36,72,72,0.558743720898772,0.448827015969267
periodic,1,41003,ER,74,37,74,74,0.561972683613167,0.45235113471208
periodic,1,41003,ER,76,38,76,76,0.56513456787288,0.455806073894788
periodic,1,41003,ER,78,39,78,78,0.56823290716793,0.459165996049729
periodic,1,41003,ER,80,40,80,80,0.571270719409134,0.4624420416998
periodic,1,41003,ER,82,41,82,82,0.574252630741075,0.465651944826854
periodic,1,41003,ER,84,42,84,84,0.57718668081911,0.468808760443394
periodic,1,41003,ER,86,43,86,86,0.580082094732504,0.471923714942822
periodic,1,41003,ER,88,44,88,88,0.582945356962174,0.475007206502081
periodic,1,41003,ER,90,45,90,90,0.585778188437464,0.478065766685162
periodic,1,41003,ER,92,46,92,92,0.588577564090253,0.481100712888773
periodic,1,41003,ER,94,47,94,94,0.591337407521337,0.48410915809748
periodic,1,41003,ER,96,48,96,96,0.594052079626174,0.487085364450997
periodic,1,41003,ER,98,49,98,98,0.596719474648322,0.489994983980404
periodic,1,41003,ER,100,50,100,100,0.599340999662958,0.492827338592309
periodic,1,41003,ER,102,51,102,102,0.601918566883802,0.495650932879434
periodic,1,41003,ER,104,52,104,104,0.604451095845316,0.498456375230344
periodic,1,41003,ER,106,53,106,106,0.606935012779768,0.501226418640962
periodic,1,41003,ER,108,54,108,108,0.609368680886974,0.503944827100644
periodic,1,41003,ER,110,55,110,110,0.611753115197866,0.506605178936523
periodic,1,41003,ER,112,56,112,112,0.614089838877991,0.509207657204652
periodic,1,41003,ER,114,57,114,114,0.616380602669651,0.511752905466833
periodic,1,41003,ER,116,58,116,116,0.618628435357939,0.514235434382245
periodic,1,41003,ER,118,59,118,118,0.620838500390097,0.516602278498345
periodic,1,41003,ER,120,60,120,120,0.623018779759697,0.518902761737704
periodic,1,41003,ER,122,61,122,122,0.625173943421031,0.521022180653781
periodic,1,41003,ER,124,62,124,124,0.627289313919852,0.522931090388212
periodic,1,41003,ER,126,63,126,126,0.629353046343767,0.524664740727012
periodic,1,41003,ER,128,64,128,128,0.631372529395641,0.526395562032239
periodic,1,41003,ER,130,65,130,130,0.633356239299946,0.528211156601962
periodic,1,41003,ER,132,66,132,132,0.635308864056544,0.529956376021557
periodic,1,41003,ER,134,67,134,134,0.637232741253286,0.531687259740487
periodic,1,41003,ER,136,68,136,136,0.639129094522493,0.533455393949265
periodic,1,41003,ER,138,69,138,138,0.64099886287559,0.535239686515596
periodic,1,41003,ER,140,70,140,140,0.642843129722739,0.537024495036062
periodic,1,41003,ER,142,71,142,142,0.644663225984481,0.538773948087348
periodic,1,41003,ER,144,72,144,144,0.646460737510743,0.540508663324996
periodic,1,41003,ER,146,73,146,146,0.648237598228288,0.54223099288351
periodic,1,41003,ER,148,74,148,148,0.649996329583985,0.543945368988975
periodic,1,41003,ER,150,75,150,150,0.651740370122815,0.545659266642641
periodic,1,41003,ER,152,76,152,152,0.653474178910765,0.547382098862292
periodic,1,41003,ER,154,77,154,154,0.655202134127137,0.549122297326158
periodic,1,41003,ER,156,78,156,156,0.656924888393572,0.550880102361238
periodic,1,41003,ER,158,79,158,158,0.658635811434331,0.552641087342131
periodic,1,41003,ER,160,80,160,160,0.660326069680663,0.554387712948447
periodic,1,41003,ER,162,81,162,162,0.661993130822274,0.556119692557113
periodic,1,41003,ER,164,82,164,164,0.663637358657787,0.557852934419334
periodic,1,41003,ER,166,83,166,166,0.665255558540609,0.559608575189265
periodic,1,41003,ER,168,84,168,168,0.666843915429266,0.561408329727814
periodic,1,41003,ER,170,85,170,170,0.668402479283904,0.563272918661197
periodic,1,41003,ER,172,86,172,172,0.66993396324458,0.565212511961655
periodic,1,41003,ER,174,87,174,174,0.671441230663722,0.567213239264627
periodic,1,41003,ER,176,88,176,176,0.672925995982829,0.569246931582065
periodic,1,41003,ER,178,89,178,178,0.674388517859605,0.571302100992376
periodic,1,41003,ER,180,90,180,180,0.67582826709287,0.573401246948484
periodic,1,41003,ER,182,91,182,182,0.677245066394662,0.575594825792824
periodic,1,41003,ER,184,92,184,184,0.678639596198641,0.577918317403836
periodic,1,41003,ER,186,93,186,186,0.680013114661279,0.579215525159066
periodic,1,41003,ER,188,94,188,188,0.681367009220002,0.580548222045088
periodic,1,41003,ER,190,95,190,190,0.682702526368444,0.582074591222985
periodic,1,41003,ER,192,96,192,192,0.684020683819632,0.583772397457992
periodic,1,41003,ER,194,97,194,194,0.685322290901504,0.585557011915686
periodic,1,41003,ER,196,98,196,196,0.686608026309313,0.587336562043697
periodic,1,41003,ER,198,99,198,198,0.687878543010079,0.589074864652106
periodic,1,41003,ER,200,100,200,200,0.689134574148261,0.590770713179049
periodic,1,41003,RAAR,0,0,0,0,0.655475183732924,0.250364933641618
periodic,1,41003,RAAR,2,1,2,2,0.329251814117455,0.260975702587907
periodic,1,41003,RAAR,4,2,4,4,0.524486622527901,0.428136446158982
periodic,1,41003,RAAR,6,3,6,6,0.631627343155824,0.553191879763731
periodic,1,41003,RAAR,8,4,8,8,0.727954512171271,0.707792921861854
periodic,1,41003,RAAR,10,5,10,10,0.821860330601506,0.870035195830489
periodic,1,41003,RAAR,12,6,12,12,0.892289829385632,1.00544392662308
periodic,1,41003,RAAR,14,7,14,14,0.925110645924164,1.06883359779043
periodic,1,41003,RAAR,16,8,16,16,0.938282605806401,1.11496039409311
periodic,1,41003,RAAR,18,9,18,18,0.938951374755346,1.11973035069271
periodic,1,41003,RAAR,20,10,20,20,0.943267222640351,1.1356192843315
periodic,1,41003,RAAR,22,11,22,22,0.942325588198466,1.13477552731171
periodic,1,41003,RAAR,24,12,24,24,0.945736974884559,1.14704548645352
periodic,1,41003,RAAR,26,13,26,26,0.948716921547978,1.15129092024945
periodic,1,41003,RAAR,28,14,28,28,0.95532425759444,1.15526186388017
periodic,1,41003,RAAR,30,15,30,30,0.957560256820124,1.16369418090583
periodic,1,41003,RAAR,32,16,32,32,0.964442139764401,1.16802888602091
periodic,1,41003,RAAR,34,17,34,34,0.967509949526201,1.1821116720137
periodic,1,41003,RAAR,36,18,36,36,0.981283714717595,1.2201818982181
periodic,1,41003,RAAR,38,19,38,38,0.99512254705534,1.24459958639652
periodic,1,41003,RAAR,40,20,40,40,1.00644012450565,1.25430385188184
periodic,1,41003,RAAR,42,21,42,42,1.01245142032142,1.26799395793356
periodic,1,41003,RAAR,44,22,44,44,1.01831811607257,1.2835103790741
periodic,1,41003,RAAR,46,23,46,46,1.0231617558118,1.30077575358865
periodic,1,41003,RAAR,48,24,48,48,1.03379837606169,1.32982150201165
periodic,1,41003,RAAR,50,25,50,50,1.0383898740082,1.33258376418443
periodic,1,41003,RAAR,52,26,52,52,1.04800235640247,1.33179215888249
periodic,1,41003,RAAR,54,27,54,54,1.04578228535422,1.33851969223897
periodic,1,41003,RAAR,56,28,56,56,1.05065036160561,1.36070443797893
periodic,1,41003,RAAR,58,29,58,58,1.04769877243421,1.34511698757411
periodic,1,41003,RAAR,60,30,60,60,1.04995498408369,1.33439723549263
periodic,1,41003,RAAR,62,31,62,62,1.05173344822423,1.34703087228037
periodic,1,41003,RAAR,64,32,64,64,1.05725702155533,1.3613765947735
periodic,1,41003,RAAR,66,33,66,66,1.06224736337261,1.39005299493028
periodic,1,41003,RAAR,68,34,68,68,1.07061368320295,1.40505040126846
periodic,1,41003,RAAR,70,35,70,70,1.07441009652329,1.39416970529097
periodic,1,41003,RAAR,72,36,72,72,1.07675321613573,1.42631924708292
periodic,1,41003,RAAR,74,37,74,74,1.07338479082798,1.40283085780489
periodic,1,41003,RAAR,76,38,76,76,1.07307902208283,1.41201792427581
periodic,1,41003,RAAR,78,39,78,78,1.0719426921563,1.40984079173251
periodic,1,41003,RAAR,80,40,80,80,1.0695252848297,1.40776674856555
periodic,1,41003,RAAR,82,41,82,82,1.06937376345899,1.40343622809039
periodic,1,41003,RAAR,84,42,84,84,1.07332781988059,1.40280359878907
periodic,1,41003,RAAR,86,43,86,86,1.07499241228221,1.40035475647186
periodic,1,41003,RAAR,88,44,88,88,1.07844525651833,1.42950723150971
periodic,1,41003,RAAR,90,45,90,90,1.08523660411024,1.45873471607482
periodic,1,41003,RAAR,92,46,92,92,1.09054697802167,1.47322194253085
periodic,1,41003,RAAR,94,47,94,94,1.09512123734479,1.48696230661686
periodic,1,41003,RAAR,96,48,96,96,1.09284673027019,1.47657071432808
periodic,1,41003,RAAR,98,49,98,98,1.08758330340713,1.46618483587281
periodic,1,41003,RAAR,100,50,100,100,1.0892293172577,1.46151390779976
periodic,1,41003,RAAR,102,51,102,102,1.08623387084509,1.45618977736073
periodic,1,41003,RAAR,104,52,104,104,1.0885705516398,1.47035516835251
periodic,1,41003,RAAR,106,53,106,106,1.08905333679235,1.47501065278071
periodic,1,41003,RAAR,108,54,108,108,1.09362060161816,1.48100645830983
periodic,1,41003,RAAR,110,55,110,110,1.0968287509116,1.4910119538346
periodic,1,41003,RAAR,112,56,112,112,1.09830315918379,1.49962600301153
periodic,1,41003,RAAR,114,57,114,114,1.10613308987112,1.51192310961899
periodic,1,41003,RAAR,116,58,116,116,1.11196777941285,1.52092202615801
periodic,1,41003,RAAR,118,59,118,118,1.1206690457703,1.53129451814853
periodic,1,41003,RAAR,120,60,120,120,1.13077920097124,1.52994268382101
periodic,1,41003,RAAR,122,61,122,122,1.12924892377993,1.52582338327962
periodic,1,41003,RAAR,124,62,124,124,1.12410599440887,1.51054542764967
periodic,1,41003,RAAR,126,63,126,126,1.12272680348237,1.51970273854698
periodic,1,41003,RAAR,128,64,128,128,1.11955668540852,1.52741455400739
periodic,1,41003,RAAR,130,65,130,130,1.11693721491068,1.51074689581592
periodic,1,41003,RAAR,132,66,132,132,1.11508813890043,1.49477200305163
periodic,1,41003,RAAR,134,67,134,134,1.11681554068501,1.50706152711019
periodic,1,41003,RAAR,136,68,136,136,1.11670893583459,1.51879374232023
periodic,1,41003,RAAR,138,69,138,138,1.11509702858667,1.51004902670579
periodic,1,41003,RAAR,140,70,140,140,1.11628150468725,1.53681257413357
periodic,1,41003,RAAR,142,71,142,142,1.12314031996411,1.55122556579698
periodic,1,41003,RAAR,144,72,144,144,1.12730487921026,1.54933811676031
periodic,1,41003,RAAR,146,73,146,146,1.13475983587171,1.57069637779665
periodic,1,41003,RAAR,148,74,148,148,1.14378961001743,1.58188956118553
periodic,1,41003,RAAR,150,75,150,150,1.1475510188272,1.60202886142932
periodic,1,41003,RAAR,152,76,152,152,1.14667235434479,1.58177824807818
periodic,1,41003,RAAR,154,77,154,154,1.14053289122039,1.56772173463921
periodic,1,41003,RAAR,156,78,156,156,1.13976145567938,1.57152753156748
periodic,1,41003,RAAR,158,79,158,158,1.14211603142396,1.5688557475519
periodic,1,41003,RAAR,160,80,160,160,1.14327491067528,1.57995156161109
periodic,1,41003,RAAR,162,81,162,162,1.1430008997899,1.58121558727162
periodic,1,41003,RAAR,164,82,164,164,1.13906838081549,1.5741852065417
periodic,1,41003,RAAR,166,83,166,166,1.136033560122,1.55914613896572
periodic,1,41003,RAAR,168,84,168,168,1.14091979832164,1.56255913431835
periodic,1,41003,RAAR,170,85,170,170,1.14436398639295,1.56169988028408
periodic,1,41003,RAAR,172,86,172,172,1.14722772206838,1.57822279957625
periodic,1,41003,RAAR,174,87,174,174,1.15315024842908,1.5844577395028
periodic,1,41003,RAAR,176,88,176,176,1.1537222687791,1.60172966737596
periodic,1,41003,RAAR,178,89,178,178,1.15820384687932,1.61071442694416
periodic,1,41003,RAAR,180,90,180,180,1.16222842068564,1.61668033883484
periodic,1,41003,RAAR,182,91,182,182,1.16012149185753,1.60610145996468
periodic,1,41003,RAAR,184,92,184,184,1.16021670675446,1.61159903047973
periodic,1,41003,RAAR,186,93,186,186,1.15318232777031,1.61439703174286
periodic,1,41003,RAAR,188,94,188,188,1.14606640976395,1.58227025308087
periodic,1,41003,RAAR,190,95,190,190,1.14182641482597,1.56926755465577
periodic,1,41003,RAAR,192,96,192,192,1.14275164916234,1.57004291716351
periodic,1,41003,RAAR,194,97,194,194,1.13726288215841,1.54476736241649
periodic,1,41003,RAAR,196,98,196,196,1.13478319218951,1.56535931154846
periodic,1,41003,RAAR,198,99,198,198,1.13277945092482,1.55325514208408
periodic,1,41003,RAAR,200,100,200,200,1.13394195332312,1.53859703881798
periodic,1,41003,LBFGS,0,0,0,0,0.655475183732924,0.250364933641618
periodic,1,41003,LBFGS,2,0,2,2,0.655475183732924,0.250364933641618
periodic,1,41003,LBFGS,4,1,4,4,0.329251814117455,0.260975702587907
periodic,1,41003,LBFGS,6,2,6,6,0.354027583347908,0.274266206497421
periodic,1,41003,LBFGS,8,3,8,8,0.424349232466726,0.329610910647451
periodic,1,41003,LBFGS,10,4,10,10,0.427358820081122,0.334588221805699
periodic,1,41003,LBFGS,12,5,12,12,0.458235844266348,0.363708606501285
periodic,1,41003,LBFGS,14,6,14,14,0.489312044829394,0.387895234546715
periodic,1,41003,LBFGS,16,7,16,16,0.512401170903821,0.405645105592659
periodic,1,41003,LBFGS,18,8,18,18,0.544192360006554,0.436154127722615
periodic,1,41003,LBFGS,20,9,20,20,0.548184502896276,0.444354848452467
periodic,1,41003,LBFGS,22,10,22,22,0.601802013604378,0.502302017773533
periodic,1,41003,LBFGS,24,11,24,24,0.576207763118958,0.477461479759179
periodic,1,41003,LBFGS,26,12,26,26,0.582103517120767,0.483051354205522
periodic,1,41003,LBFGS,28,13,28,28,0.611925144981312,0.512770169670114
periodic,1,41003,LBFGS,30,14,30,30,0.623092400491881,0.523111435156797
periodic,1,41003,LBFGS,32,15,32,32,0.643906556396211,0.545067640911881
periodic,1,41003,LBFGS,34,16,34,34,0.647012703792991,0.547056826016036
periodic,1,41003,LBFGS,36,17,36,36,0.673729345125448,0.575865419338125
periodic,1,41003,LBFGS,38,18,38,38,0.667559369892995,0.569742908886632
periodic,1,41003,LBFGS,40,19,40,40,0.67523016404797,0.579517858411496
periodic,1,41003,LBFGS,42,20,42,42,0.691727717539553,0.600444631671758
periodic,1,41003,LBFGS,44,21,44,44,0.694326855987632,0.60473601667936
periodic,1,41003,LBFGS,46,22,46,46,0.719084370331929,0.635812720825324
periodic,1,41003,LBFGS,48,23,48,48,0.707029885669204,0.621900081712807
periodic,1,41003,LBFGS,50,24,50,50,0.713063168679817,0.629350090114288
periodic,1,41003,LBFGS,52,25,52,52,0.726702884538319,0.648134528272534
periodic,1,41003,LBFGS,54,26,54,54,0.733652525763483,0.656193504894967
periodic,1,41003,LBFGS,56,27,56,56,0.746967457030388,0.674569872368639
periodic,1,41003,LBFGS,58,28,58,58,0.744622693829046,0.675833977997952
periodic,1,41003,LBFGS,60,29,60,60,0.755464099707459,0.689698402905135
periodic,1,41003,LBFGS,62,30,62,62,0.764871299690086,0.701703841428438
periodic,1,41003,LBFGS,64,31,64,64,0.770809101703558,0.71108046130991
periodic,1,41003,LBFGS,66,32,66,66,0.780899072556942,0.72921914915597
periodic,1,41003,LBFGS,68,33,68,68,0.782061266445951,0.73356991142218
periodic,1,41003,LBFGS,70,34,70,70,0.789615988005046,0.745233380992256
periodic,1,41003,LBFGS,72,34,72,70,0.789615988005046,0.745233380992256
periodic,1,41003,LBFGS,74,35,74,74,0.796037639441043,0.75761917840787
periodic,1,41003,LBFGS,76,36,76,76,0.812623874454491,0.784298742841206
periodic,1,41003,LBFGS,78,37,78,78,0.805292185895855,0.775308820109346
periodic,1,41003,LBFGS,80,38,80,80,0.809981633827472,0.783211759500429
periodic,1,41003,LBFGS,82,39,82,82,0.816264338999191,0.795471563315884
periodic,1,41003,LBFGS,84,40,84,84,0.818963560819145,0.802142450506719
periodic,1,41003,LBFGS,86,41,86,86,0.828268551846122,0.82062878220671
periodic,1,41003,LBFGS,88,42,88,88,0.82957519165301,0.825038770901756
periodic,1,41003,LBFGS,90,43,90,90,0.834303957894983,0.832437485345981
periodic,1,41003,LBFGS,92,44,92,92,0.837512143805496,0.837129494723162
periodic,1,41003,LBFGS,94,45,94,94,0.847812902027897,0.853099598892066
periodic,1,41003,LBFGS,96,46,96,96,0.841662370440189,0.84226974102015
periodic,1,41003,LBFGS,98,47,98,98,0.843065051782657,0.84580199000694
periodic,1,41003,LBFGS,100,48,100,100,0.849343690441394,0.854318670932281
periodic,1,41003,LBFGS,102,49,102,102,0.851098571152729,0.857342119418961
periodic,1,41003,LBFGS,104,50,104,104,0.856993606377515,0.86723821592753
periodic,1,41003,LBFGS,106,51,106,106,0.859761381561243,0.87091972936403
periodic,1,41003,LBFGS,108,52,108,108,0.864971001186704,0.878579369814348
periodic,1,41003,LBFGS,110,53,110,110,0.864391489938844,0.879272251788647
periodic,1,41003,LBFGS,112,54,112,112,0.871694374427965,0.890605454831335
periodic,1,41003,LBFGS,114,55,114,114,0.867707155365712,0.884616607330622
periodic,1,41003,LBFGS,116,56,116,116,0.868080384218549,0.886591813290928
periodic,1,41003,LBFGS,118,57,118,118,0.870801698067021,0.891588066020698
periodic,1,41003,LBFGS,120,58,120,120,0.874793913338472,0.900157079399182
periodic,1,41003,LBFGS,122,59,122,122,0.881047720629166,0.910834674176222
periodic,1,41003,LBFGS,124,60,124,124,0.882118710131232,0.914611327932768
periodic,1,41003,LBFGS,126,61,126,126,0.884393492460415,0.918271360426078
periodic,1,41003,LBFGS,128,62,128,128,0.888153054248689,0.924714420861254
periodic,1,41003,LBFGS,130,63,130,130,0.891111141211168,0.929703974516103
periodic,1,41003,LBFGS,132,64,132,132,0.898592738348904,0.94065046098479
periodic,1,41003,LBFGS,134,65,134,134,0.893617298619595,0.934356971668549
periodic,1,41003,LBFGS,136,66,136,136,0.895306757833793,0.936799514808027
periodic,1,41003,LBFGS,138,67,138,138,0.898619112216661,0.941553933374448
periodic,1,41003,LBFGS,140,68,140,140,0.90287973853485,0.947079868093494
periodic,1,41003,LBFGS,142,69,142,142,0.902633778843216,0.946587915938748
periodic,1,41003,LBFGS,144,70,144,144,0.904596268757555,0.949902972098531
periodic,1,41003,LBFGS,146,71,146,146,0.905491437176126,0.954279722494307
periodic,1,41003,LBFGS,148,72,148,148,0.911938716917801,0.964270625781657
periodic,1,41003,LBFGS,150,73,150,150,0.91172637813531,0.964219261784303
periodic,1,41003,LBFGS,152,74,152,152,0.913889525816729,0.967540744710175
periodic,1,41003,LBFGS,154,75,154,154,0.913115560216303,0.966717097449403
periodic,1,41003,LBFGS,156,76,156,156,0.91500110494731,0.969637400684879
periodic,1,41003,LBFGS,158,77,158,158,0.915110123544041,0.970206814073875
periodic,1,41003,LBFGS,160,78,160,160,0.917443770018887,0.974521471138548
periodic,1,41003,LBFGS,162,79,162,162,0.920990639642739,0.980564480971028
periodic,1,41003,LBFGS,164,80,164,164,0.922193068465639,0.984475337366461
periodic,1,41003,LBFGS,166,81,166,166,0.924311017208267,0.988005378172994
periodic,1,41003,LBFGS,168,82,168,168,0.921934477020226,0.985120105363268
periodic,1,41003,LBFGS,170,83,170,170,0.925691262523258,0.989769631841429
periodic,1,41003,LBFGS,172,84,172,172,0.925547506181326,0.98921958853322
periodic,1,41003,LBFGS,174,85,174,174,0.926069639088713,0.990020805390359
periodic,1,41003,LBFGS,176,86,176,176,0.928183747516723,0.992129679128242
periodic,1,41003,LBFGS,178,87,178,178,0.929245848492761,0.993426335061432
periodic,1,41003,LBFGS,180,88,180,180,0.933225350832499,0.999097499717701
periodic,1,41003,LBFGS,182,89,182,182,0.934586249314324,1.0012886147086
periodic,1,41003,LBFGS,184,90,184,184,0.937337259217782,1.00674953065703
periodic,1,41003,LBFGS,186,91,186,186,0.93887140798941,1.00963192616455
periodic,1,41003,LBFGS,188,92,188,188,0.94053246079021,1.01234417792384
periodic,1,41003,LBFGS,190,92,190,188,0.94053246079021,1.01234417792384
periodic,1,41003,LBFGS,192,93,192,192,0.939214265142252,1.01114620555779
periodic,1,41003,LBFGS,194,94,194,194,0.940235093229187,1.01312098407175
periodic,1,41003,LBFGS,196,95,196,196,0.945086126720579,1.02101279917592
periodic,1,41003,LBFGS,198,96,198,198,0.945183016144938,1.02300558650674
periodic,1,41003,LBFGS,200,97,200,200,0.948144172803398,1.02868415203653
periodic,10,41001,HIO,0,0,0,0,0.655475183732924,0.250364933641618
periodic,10,41001,HIO,2,1,2,2,0.224502437396704,0.186233650114415
periodic,10,41001,HIO,4,2,4,4,0.223321916302891,0.177942356741303
periodic,10,41001,HIO,6,3,6,6,0.23270984149532,0.179204231831032
periodic,10,41001,HIO,8,4,8,8,0.24658490190704,0.184772160189414
periodic,10,41001,HIO,10,5,10,10,0.262946224304447,0.193738383830276
periodic,10,41001,HIO,12,6,12,12,0.281096673034538,0.20495312054196
periodic,10,41001,HIO,14,7,14,14,0.3000046090491,0.21695061806533
periodic,10,41001,HIO,16,8,16,16,0.319060523129194,0.229251080376356
periodic,10,41001,HIO,18,9,18,18,0.339193790481571,0.242801073819621
periodic,10,41001,HIO,20,10,20,20,0.360148195645095,0.258297520225578
periodic,10,41001,HIO,22,11,22,22,0.38014679341901,0.274162271758279
periodic,10,41001,HIO,24,12,24,24,0.399411393725976,0.29154206683043
periodic,10,41001,HIO,26,13,26,26,0.419889941215015,0.310260843926179
periodic,10,41001,HIO,28,14,28,28,0.440631222088933,0.328227250877833
periodic,10,41001,HIO,30,15,30,30,0.460661708206614,0.346403997356867
periodic,10,41001,HIO,32,16,32,32,0.481188902867449,0.363866104749271
periodic,10,41001,HIO,34,17,34,34,0.501096456186983,0.384704333362177
periodic,10,41001,HIO,36,18,36,36,0.521268544321583,0.409201723308085
periodic,10,41001,HIO,38,19,38,38,0.541858581733139,0.432353645518183
periodic,10,41001,HIO,40,20,40,40,0.562928367413789,0.454073518088681
periodic,10,41001,HIO,42,21,42,42,0.585081643355392,0.475271185711014
periodic,10,41001,HIO,44,22,44,44,0.606096313884685,0.497341069678144
periodic,10,41001,HIO,46,23,46,46,0.625711595827396,0.521021401996006
periodic,10,41001,HIO,48,24,48,48,0.644165866183805,0.549178404237577
periodic,10,41001,HIO,50,25,50,50,0.662537245821401,0.573784845815736
periodic,10,41001,HIO,52,26,52,52,0.681309934465136,0.603979134742049
periodic,10,41001,HIO,54,27,54,54,0.700242609232989,0.637468649250491
periodic,10,41001,HIO,56,28,56,56,0.71894702143169,0.670658808856035
periodic,10,41001,HIO,58,29,58,58,0.736299288095689,0.700348706357427
periodic,10,41001,HIO,60,30,60,60,0.753884023062206,0.725480127813293
periodic,10,41001,HIO,62,31,62,62,0.77203901373776,0.750932617937314
periodic,10,41001,HIO,64,32,64,64,0.789686168318941,0.779023442616754
periodic,10,41001,HIO,66,33,66,66,0.806614421704748,0.802311461026894
periodic,10,41001,HIO,68,34,68,68,0.82411105847723,0.834849293293513
periodic,10,41001,HIO,70,35,70,70,0.842422787214719,0.870346496855117
periodic,10,41001,HIO,72,36,72,72,0.85933416847874,0.893261965366222
periodic,10,41001,HIO,74,37,74,74,0.874252924793997,0.922855795251509
periodic,10,41001,HIO,76,38,76,76,0.887932495698781,0.955973688140179
periodic,10,41001,HIO,78,39,78,78,0.900410447439108,0.98669476209891
periodic,10,41001,HIO,80,40,80,80,0.913961282835076,1.01518239701697
periodic,10,41001,HIO,82,41,82,82,0.928264502313103,1.04256430997302
periodic,10,41001,HIO,84,42,84,84,0.94155960629636,1.07302251863703
periodic,10,41001,HIO,86,43,86,86,0.953776822297384,1.10094102033619
periodic,10,41001,HIO,88,44,88,88,0.966208286898583,1.11788870783457
periodic,10,41001,HIO,90,45,90,90,0.977371949693553,1.13791125611716
periodic,10,41001,HIO,92,46,92,92,0.9866180134514,1.14772497926941
periodic,10,41001,HIO,94,47,94,94,0.995705082757231,1.1555105020786
periodic,10,41001,HIO,96,48,96,96,1.00515522124678,1.17175953246654
periodic,10,41001,HIO,98,49,98,98,1.01502991934188,1.19093719426167
periodic,10,41001,HIO,100,50,100,100,1.02502739798486,1.21273805947039
periodic,10,41001,HIO,102,51,102,102,1.03598077373004,1.22773728802729
periodic,10,41001,HIO,104,52,104,104,1.04705438212382,1.24783272790588
periodic,10,41001,HIO,106,53,106,106,1.0574408282083,1.27543092830276
periodic,10,41001,HIO,108,54,108,108,1.06692431932419,1.29497410911396
periodic,10,41001,HIO,110,55,110,110,1.07534626765282,1.30059215291814
periodic,10,41001,HIO,112,56,112,112,1.08293789838403,1.31204782979341
periodic,10,41001,HIO,114,57,114,114,1.08992975884266,1.32936053099068
periodic,10,41001,HIO,116,58,116,116,1.097306272765,1.34109633877092
periodic,10,41001,HIO,118,59,118,118,1.10402327508816,1.34755795226495
periodic,10,41001,HIO,120,60,120,120,1.11159053966119,1.36227072779355
periodic,10,41001,HIO,122,61,122,122,1.11977334539598,1.38031067040015
periodic,10,41001,HIO,124,62,124,124,1.1297066847736,1.40210264325191
periodic,10,41001,HIO,126,63,126,126,1.14085120064346,1.42011128986593
periodic,10,41001,HIO,128,64,128,128,1.15234401599054,1.44017671824185
periodic,10,41001,HIO,130,65,130,130,1.16282833279475,1.45556560710351
periodic,10,41001,HIO,132,66,132,132,1.17178269524118,1.46601584013692
periodic,10,41001,HIO,134,67,134,134,1.17855076174161,1.482194673369
periodic,10,41001,HIO,136,68,136,136,1.18554295959671,1.49064840906408
periodic,10,41001,HIO,138,69,138,138,1.19272372866568,1.50044568531108
periodic,10,41001,HIO,140,70,140,140,1.19896431233972,1.51649864321048
periodic,10,41001,HIO,142,71,142,142,1.20473626901044,1.52305575149333
periodic,10,41001,HIO,144,72,144,144,1.21105269359084,1.53289117376741
periodic,10,41001,HIO,146,73,146,146,1.21755112285495,1.5409097745905
periodic,10,41001,HIO,148,74,148,148,1.22323675934232,1.55276190270989
periodic,10,41001,HIO,150,75,150,150,1.22718984174738,1.55926346201671
periodic,10,41001,HIO,152,76,152,152,1.22836577000497,1.56366102773959
periodic,10,41001,HIO,154,77,154,154,1.2283642576572,1.56254123473066
periodic,10,41001,HIO,156,78,156,156,1.22849045583783,1.56614314105467
periodic,10,41001,HIO,158,79,158,158,1.22876310307103,1.57348714308261
periodic,10,41001,HIO,160,80,160,160,1.23081457254807,1.57587097385627
periodic,10,41001,HIO,162,81,162,162,1.23325404343517,1.58045955077531
periodic,10,41001,HIO,164,82,164,164,1.23604227087269,1.58544689557796
periodic,10,41001,HIO,166,83,166,166,1.2389620192454,1.5947692543747
periodic,10,41001,HIO,168,84,168,168,1.2414276615071,1.59651119551062
periodic,10,41001,HIO,170,85,170,170,1.24425349472893,1.59892120421905
periodic,10,41001,HIO,172,86,172,172,1.24798307348865,1.60288511777748
periodic,10,41001,HIO,174,87,174,174,1.25201322534595,1.60474340741172
periodic,10,41001,HIO,176,88,176,176,1.25561958870112,1.60187331854816
periodic,10,41001,HIO,178,89,178,178,1.25934784089252,1.60491907355536
periodic,10,41001,HIO,180,90,180,180,1.26285650744141,1.60884573159702
periodic,10,41001,HIO,182,91,182,182,1.26782807439447,1.61158585326324
periodic,10,41001,HIO,184,92,184,184,1.2732156886833,1.6255027928676
periodic,10,41001,HIO,186,93,186,186,1.27768816428551,1.6308512317586
periodic,10,41001,HIO,188,94,188,188,1.28019068119312,1.63729816886365
periodic,10,41001,HIO,190,95,190,190,1.28176072281384,1.64211308118741
periodic,10,41001,HIO,192,96,192,192,1.28318854265162,1.64956180758591
periodic,10,41001,HIO,194,97,194,194,1.28495084954009,1.65705060817094
periodic,10,41001,HIO,196,98,196,196,1.28584173417013,1.65986270599593
periodic,10,41001,HIO,198,99,198,198,1.28596191907523,1.65933796494562
periodic,10,41001,HIO,200,100,200,200,1.28608918016786,1.65350357046404
periodic,10,41001,ER,0,0,0,0,0.655475183732924,0.250364933641618
periodic,10,41001,ER,2,1,2,2,0.224502437396704,0.186233650114415
periodic,10,41001,ER,4,2,4,4,0.219619103797141,0.177934256619887
periodic,10,41001,ER,6,3,6,6,0.219352514839851,0.175034923132105
periodic,10,41001,ER,8,4,8,8,0.219952223978836,0.173538339598486
periodic,10,41001,ER,10,5,10,10,0.220759009549697,0.17257593503195
periodic,10,41001,ER,12,6,12,12,0.221646311988638,0.171968792671836
periodic,10,41001,ER,14,7,14,14,0.222573680912271,0.17160565357243
periodic,10,41001,ER,16,8,16,16,0.22353122339271,0.171404401633254
periodic,10,41001,ER,18,9,18,18,0.224510106080659,0.171319511078918
periodic,10,41001,ER,20,10,20,20,0.225493744979541,0.171303597075656
periodic,10,41001,ER,22,11,22,22,0.226479209843882,0.171352447535429
periodic,10,41001,ER,24,12,24,24,0.227478367497215,0.171481214522031
periodic,10,41001,ER,26,13,26,26,0.228491072283838,0.171677517424615
periodic,10,41001,ER,28,14,28,28,0.229509796231215,0.17192561798757
periodic,10,41001,ER,30,15,30,30,0.230531403346076,0.172217363481641
periodic,10,41001,ER,32,16,32,32,0.231555646734954,0.172548871555618
periodic,10,41001,ER,34,17,34,34,0.232583277860139,0.172914948403454
periodic,10,41001,ER,36,18,36,36,0.233613553505109,0.17330560667383
periodic,10,41001,ER,38,19,38,38,0.234640207856922,0.173710089707024
periodic,10,41001,ER,40,20,40,40,0.235653970301978,0.174121552915904
periodic,10,41001,ER,42,21,42,42,0.236649590413735,0.174535299367221
periodic,10,41001,ER,44,22,44,44,0.237626722688352,0.174947421129448
periodic,10,41001,ER,46,23,46,46,0.238586809289697,0.175355176920895
periodic,10,41001,ER,48,24,48,48,0.239531065130621,0.175757802880573
periodic,10,41001,ER,50,25,50,50,0.240460327738633,0.176155655891443
periodic,10,41001,ER,52,26,52,52,0.24137615562543,0.176548239002399
periodic,10,41001,ER,54,27,54,54,0.242281030972886,0.176934522189006
periodic,10,41001,ER,56,28,56,56,0.243177648634203,0.177314382961967
periodic,10,41001,ER,58,29,58,58,0.244068799897103,0.177688953518986
periodic,10,41001,ER,60,30,60,60,0.244957060398373,0.178059892229775
periodic,10,41001,ER,62,31,62,62,0.245842716096385,0.178429109998952
periodic,10,41001,ER,64,32,64,64,0.246723802370675,0.178798498756427
periodic,10,41001,ER,66,33,66,66,0.2475993426042,0.179168213688153
periodic,10,41001,ER,68,34,68,68,0.248470297199474,0.179537360213935
periodic,10,41001,ER,70,35,70,70,0.249336832816549,0.179903848271953
periodic,10,41001,ER,72,36,72,72,0.25019628339663,0.180265858287091
periodic,10,41001,ER,74,37,74,74,0.251046324526289,0.180623512209354
periodic,10,41001,ER,76,38,76,76,0.251886272183841,0.180977871591813
periodic,10,41001,ER,78,39,78,78,0.252716915415477,0.181330383548679
periodic,10,41001,ER,80,40,80,80,0.253539953381307,0.181682787487454
periodic,10,41001,ER,82,41,82,82,0.254357367428889,0.182037166433908
periodic,10,41001,ER,84,42,84,84,0.255170762597408,0.182395862241677
periodic,10,41001,ER,86,43,86,86,0.255980683948391,0.182760892792544
periodic,10,41001,ER,88,44,88,88,0.256786263990435,0.183132862912825
periodic,10,41001,ER,90,45,90,90,0.257585699599637,0.183510514323998
periodic,10,41001,ER,92,46,92,92,0.258377198546167,0.183891657751423
periodic,10,41001,ER,94,47,94,94,0.259159610244808,0.184274339362611
periodic,10,41001,ER,96,48,96,96,0.259932604412569,0.184657308357939
periodic,10,41001,ER,98,49,98,98,0.260696554657081,0.185039935005043
periodic,10,41001,ER,100,50,100,100,0.261452215278489,0.185421945218465
periodic,10,41001,ER,102,51,102,102,0.262200387120006,0.185803259393554
periodic,10,41001,ER,104,52,104,104,0.262941745482321,0.186183966032557
periodic,10,41001,ER,106,53,106,106,0.263676825592748,0.186564307078203
periodic,10,41001,ER,108,54,108,108,0.264406069231632,0.186944634279963
periodic,10,41001,ER,110,55,110,110,0.26512986161653,0.18732536261209
periodic,10,41001,ER,112,56,112,112,0.265848542693382,0.187706926994063
periodic,10,41001,ER,114,57,114,114,0.266562407591642,0.188089726845117
periodic,10,41001,ER,116,58,116,116,0.267271716953064,0.188474052013648
periodic,10,41001,ER,118,59,118,118,0.26797672496157,0.188860009625432
periodic,10,41001,ER,120,60,120,120,0.26867770642971,0.189247485209518
periodic,10,41001,ER,122,61,122,122,0.269374946796181,0.189636149172598
periodic,10,41001,ER,124,62,124,124,0.270068672858652,0.190025485069849
periodic,10,41001,ER,126,63,126,126,0.27075894812645,0.19041482303696
periodic,10,41001,ER,128,64,128,128,0.27144560545014,0.190803402538471
periodic,10,41001,ER,130,65,130,130,0.272128280310484,0.191190485052414
periodic,10,41001,ER,132,66,132,132,0.272806524506836,0.191575471343736
periodic,10,41001,ER,134,67,134,134,0.273479914046268,0.191957943443457
periodic,10,41001,ER,136,68,136,136,0.274148093585204,0.192337607131928
periodic,10,41001,ER,138,69,138,138,0.274810775339214,0.192714199700504
periodic,10,41001,ER,140,70,140,140,0.275467751002689,0.193087463765004
periodic,10,41001,ER,142,71,142,142,0.276118948450627,0.193457225994104
periodic,10,41001,ER,144,72,144,144,0.276764497416326,0.193823515605716
periodic,10,41001,ER,146,73,146,146,0.277404742058055,0.194186635333536
periodic,10,41001,ER,148,74,148,148,0.278040192697126,0.19454716354073
periodic,10,41001,ER,150,75,150,150,0.278671468433872,0.19490592049207
periodic,10,41001,ER,152,76,152,152,0.279299268325176,0.195263920194198
periodic,10,41001,ER,154,77,154,154,0.279924342581118,0.195622265820836
periodic,10,41001,ER,156,78,156,156,0.280547395747534,0.195981900980995
periodic,10,41001,ER,158,79,158,158,0.281168892241134,0.196343190897397
periodic,10,41001,ER,160,80,160,160,0.281788871211692,0.196705582032514
periodic,10,41001,ER,162,81,162,162,0.28240699268989,0.197067843286159
periodic,10,41001,ER,164,82,164,164,0.28302281261846,0.197428827467057
periodic,10,41001,ER,166,83,166,166,0.283635981036011,0.197787936819968
periodic,10,41001,ER,168,84,168,168,0.284246261252146,0.198145019582095
periodic,10,41001,ER,170,85,170,170,0.284853511204101,0.198500101382964
periodic,10,41001,ER,172,86,172,172,0.285457673843446,0.19885320715376
periodic,10,41001,ER,174,87,174,174,0.286058743093647,0.199204291563996
periodic,10,41001,ER,176,88,176,176,0.286656744140716,0.199553282899128
periodic,10,41001,ER,178,89,178,178,0.287251816822858,0.19990023929363
periodic,10,41001,ER,180,90,180,180,0.287844175861393,0.200245211114381
periodic,10,41001,ER,182,91,182,182,0.288433251996618,0.200587048183295
periodic,10,41001,ER,184,92,184,184,0.289017133923201,0.200923093593455
periodic,10,41001,ER,186,93,186,186,0.289594548144489,0.20125203476408
periodic,10,41001,ER,188,94,188,188,0.29016591106418,0.201574704711591
periodic,10,41001,ER,190,95,190,190,0.29073229080643,0.201892382256872
periodic,10,41001,ER,192,96,192,192,0.29129472149496,0.202206018224771
periodic,10,41001,ER,194,97,194,194,0.291854050514524,0.20251629341437
periodic,10,41001,ER,196,98,196,196,0.292410805715208,0.202823811486689
periodic,10,41001,ER,198,99,198,198,0.292964977531366,0.203129235992851
periodic,10,41001,ER,200,100,200,200,0.293516013756012,0.203433242187927
periodic,10,41001,RAAR,0,0,0,0,0.655475183732924,0.250364933641618
periodic,10,41001,RAAR,2,1,2,2,0.224502437396704,0.186233650114415
periodic,10,41001,RAAR,4,2,4,4,0.249038545503258,0.190098193360336
periodic,10,41001,RAAR,6,3,6,6,0.273263433414005,0.202825392651375
periodic,10,41001,RAAR,8,4,8,8,0.300761300834261,0.225180510455872
periodic,10,41001,RAAR,10,5,10,10,0.331331949036983,0.248346778817908
periodic,10,41001,RAAR,12,6,12,12,0.357778244530381,0.268679679841137
periodic,10,41001,RAAR,14,7,14,14,0.373859028382401,0.281205239947582
periodic,10,41001,RAAR,16,8,16,16,0.383924392070299,0.291120430911781
periodic,10,41001,RAAR,18,9,18,18,0.390469567641314,0.297546602479525
periodic,10,41001,RAAR,20,10,20,20,0.396104069213144,0.302872848723992
periodic,10,41001,RAAR,22,11,22,22,0.401097202432127,0.30738679760143
periodic,10,41001,RAAR,24,12,24,24,0.405381598112286,0.312369417090057
periodic,10,41001,RAAR,26,13,26,26,0.409305705464952,0.311715902066949
periodic,10,41001,RAAR,28,14,28,28,0.414867052067484,0.316472682604232
periodic,10,41001,RAAR,30,15,30,30,0.417497938569341,0.316763028692
periodic,10,41001,RAAR,32,16,32,32,0.423496643365474,0.318222498222241
periodic,10,41001,RAAR,34,17,34,34,0.427805594766038,0.32363611860629
periodic,10,41001,RAAR,36,18,36,36,0.434373287682033,0.335109159553094
periodic,10,41001,RAAR,38,19,38,38,0.439496570210573,0.340759813542365
periodic,10,41001,RAAR,40,20,40,40,0.44581575084563,0.347679819221931
periodic,10,41001,RAAR,42,21,42,42,0.451994247610277,0.358134998603615
periodic,10,41001,RAAR,44,22,44,44,0.455978519676136,0.360556678524219
periodic,10,41001,RAAR,46,23,46,46,0.459979796543925,0.36447883459325
periodic,10,41001,RAAR,48,24,48,48,0.464250355151499,0.366084412411131
periodic,10,41001,RAAR,50,25,50,50,0.467140391229852,0.36689864569147
periodic,10,41001,RAAR,52,26,52,52,0.470989581224415,0.368646908311408
periodic,10,41001,RAAR,54,27,54,54,0.474093949597872,0.369811953646632
periodic,10,41001,RAAR,56,28,56,56,0.478296335962974,0.371798722179386
periodic,10,41001,RAAR,58,29,58,58,0.480074139663592,0.369341490321374
periodic,10,41001,RAAR,60,30,60,60,0.483868365930907,0.375603856460324
periodic,10,41001,RAAR,62,31,62,62,0.486429770724293,0.384053369398649
periodic,10,41001,RAAR,64,32,64,64,0.49043968272539,0.389036448718038
periodic,10,41001,RAAR,66,33,66,66,0.494189516489579,0.397171676346573
periodic,10,41001,RAAR,68,34,68,68,0.498901807592356,0.402622330292329
periodic,10,41001,RAAR,70,35,70,70,0.500314415133604,0.400956863574087
periodic,10,41001,RAAR,72,36,72,72,0.503191839729284,0.403592768882301
periodic,10,41001,RAAR,74,37,74,74,0.504347833741426,0.408325068858272
periodic,10,41001,RAAR,76,38,76,76,0.507768455454381,0.411051832013583
periodic,10,41001,RAAR,78,39,78,78,0.509718911332057,0.411937859088613
periodic,10,41001,RAAR,80,40,80,80,0.514168493273134,0.422123427082938
periodic,10,41001,RAAR,82,41,82,82,0.516134818980055,0.422291436317685
periodic,10,41001,RAAR,84,42,84,84,0.519956946614576,0.428741934136308
periodic,10,41001,RAAR,86,43,86,86,0.521078376984663,0.426467582544152
periodic,10,41001,RAAR,88,44,88,88,0.522104173458419,0.429828120911394
periodic,10,41001,RAAR,90,45,90,90,0.522077800253835,0.428953964223106
periodic,10,41001,RAAR,92,46,92,92,0.523263287854646,0.431175184227479
periodic,10,41001,RAAR,94,47,94,94,0.523176064876326,0.42632808876568
periodic,10,41001,RAAR,96,48,96,96,0.524439078846448,0.428920427639171
periodic,10,41001,RAAR,98,49,98,98,0.52461868050768,0.427580970470237
periodic,10,41001,RAAR,100,50,100,100,0.526982995209929,0.434225134441177
periodic,10,41001,RAAR,102,51,102,102,0.527383016327431,0.432196201392173
periodic,10,41001,RAAR,104,52,104,104,0.529722647783301,0.435815068755196
periodic,10,41001,RAAR,106,53,106,106,0.531547858049921,0.436632585414768
periodic,10,41001,RAAR,108,54,108,108,0.533207385965385,0.438680169754263
periodic,10,41001,RAAR,110,55,110,110,0.534405160661121,0.438272247455372
periodic,10,41001,RAAR,112,56,112,112,0.535528620563684,0.44094643620101
periodic,10,41001,RAAR,114,57,114,114,0.534995145667458,0.436075446990267
periodic,10,41001,RAAR,116,58,116,116,0.536322269945585,0.438942211877252
periodic,10,41001,RAAR,118,59,118,118,0.537680377554178,0.441092430203927
periodic,10,41001,RAAR,120,60,120,120,0.539951099603789,0.442562448247135
periodic,10,41001,RAAR,122,61,122,122,0.543338207057426,0.445382725113514
periodic,10,41001,RAAR,124,62,124,124,0.54460310186194,0.449762796805173
periodic,10,41001,RAAR,126,63,126,126,0.546918319052002,0.457264839836947
periodic,10,41001,RAAR,128,64,128,128,0.547750201194613,0.455960479835384
periodic,10,41001,RAAR,130,65,130,130,0.548152646693884,0.459678460180438
periodic,10,41001,RAAR,132,66,132,132,0.548279329206911,0.462501824711918
periodic,10,41001,RAAR,134,67,134,134,0.549161919916055,0.462179160769125
periodic,10,41001,RAAR,136,68,136,136,0.550065349552593,0.461364288365534
periodic,10,41001,RAAR,138,69,138,138,0.552792841314264,0.460652034414134
periodic,10,41001,RAAR,140,70,140,140,0.554387508639791,0.465183219945132
periodic,10,41001,RAAR,142,71,142,142,0.555862462808474,0.463409588877749
periodic,10,41001,RAAR,144,72,144,144,0.557174881420833,0.465356040500681
periodic,10,41001,RAAR,146,73,146,146,0.55722532779891,0.460926093203731
periodic,10,41001,RAAR,148,74,148,148,0.558656226289501,0.464242925976151
periodic,10,41001,RAAR,150,75,150,150,0.558780259498575,0.463633107494821
periodic,10,41001,RAAR,152,76,152,152,0.558713128815219,0.465267253868554
periodic,10,41001,RAAR,154,77,154,154,0.558464522014712,0.473726228450276
periodic,10,41001,RAAR,156,78,156,156,0.558744808265871,0.474710752753169
periodic,10,41001,RAAR,158,79,158,158,0.558946961920315,0.47213838854269
periodic,10,41001,RAAR,160,80,160,160,0.559243995221439,0.468241627246137
periodic,10,41001,RAAR,162,81,162,162,0.560585845763328,0.457883763127003
periodic,10,41001,RAAR,164,82,164,164,0.562707323880041,0.454865610695073
periodic,10,41001,RAAR,166,83,166,166,0.563658482286981,0.456164579482891
periodic,10,41001,RAAR,168,84,168,168,0.565848050285997,0.459186712053021
periodic,10,41001,RAAR,170,85,170,170,0.566965477690955,0.465105766859734
periodic,10,41001,RAAR,172,86,172,172,0.569668772364828,0.47444740976492
periodic,10,41001,RAAR,174,87,174,174,0.570335245584169,0.482758327876522
periodic,10,41001,RAAR,176,88,176,176,0.571106856868504,0.488146810561951
periodic,10,41001,RAAR,178,89,178,178,0.570718589673782,0.48833434143852
periodic,10,41001,RAAR,180,90,180,180,0.57055898061142,0.489441416939332
periodic,10,41001,RAAR,182,91,182,182,0.571404369722613,0.48640317624975
periodic,10,41001,RAAR,184,92,184,184,0.57257453888268,0.492535255564425
periodic,10,41001,RAAR,186,93,186,186,0.57204378265284,0.486845309302514
periodic,10,41001,RAAR,188,94,188,188,0.573001769719206,0.4866984584049
periodic,10,41001,RAAR,190,95,190,190,0.57422619343778,0.488437700280791
periodic,10,41001,RAAR,192,96,192,192,0.574328696707692,0.493194073935267
periodic,10,41001,RAAR,194,97,194,194,0.575358760247829,0.49157792092066
periodic,10,41001,RAAR,196,98,196,196,0.576146870448753,0.490842116625165
periodic,10,41001,RAAR,198,99,198,198,0.578349967475455,0.491727033922007
periodic,10,41001,RAAR,200,100,200,200,0.578985684428669,0.495668068923372
periodic,10,41001,LBFGS,0,0,0,0,0.655475183732924,0.250364933641618
periodic,10,41001,LBFGS,2,0,2,2,0.655475183732924,0.250364933641618
periodic,10,41001,LBFGS,4,1,4,4,0.224502437396704,0.186233650114415
periodic,10,41001,LBFGS,6,2,6,6,0.219844344678248,0.17774628183768
periodic,10,41001,LBFGS,8,3,8,8,0.22716556470157,0.174113329440476
periodic,10,41001,LBFGS,10,4,10,10,0.227622428532933,0.17259418101089
periodic,10,41001,LBFGS,12,5,12,12,0.230782863108938,0.172625894079227
periodic,10,41001,LBFGS,14,6,14,14,0.236267523455557,0.173960584725727
periodic,10,41001,LBFGS,16,7,16,16,0.24040761183594,0.175432054896123
periodic,10,41001,LBFGS,18,8,18,18,0.247149580761901,0.178229194220049
periodic,10,41001,LBFGS,20,9,20,20,0.251094244750707,0.180035094616501
periodic,10,41001,LBFGS,22,10,22,22,0.262441607960249,0.186021938846144
periodic,10,41001,LBFGS,24,11,24,24,0.259601108420529,0.184658330666647
periodic,10,41001,LBFGS,26,12,26,26,0.263605072715709,0.18668250616259
periodic,10,41001,LBFGS,28,13,28,28,0.270823279120438,0.190146117741515
periodic,10,41001,LBFGS,30,14,30,30,0.276270858558282,0.192723334309699
periodic,10,41001,LBFGS,32,15,32,32,0.289466743702456,0.199999612677188
periodic,10,41001,LBFGS,34,16,34,34,0.287304001503571,0.198562991230973
periodic,10,41001,LBFGS,36,17,36,36,0.289559930975539,0.199986174963268
periodic,10,41001,LBFGS,38,18,38,38,0.298499133954088,0.205243456213713
periodic,10,41001,LBFGS,40,19,40,40,0.300238279106944,0.206233218090012
periodic,10,41001,LBFGS,42,20,42,42,0.307151795467086,0.210622898572464
periodic,10,41001,LBFGS,44,21,44,44,0.311118553649775,0.213288914765394
periodic,10,41001,LBFGS,46,22,46,46,0.3192262729103,0.218941778975516
periodic,10,41001,LBFGS,48,23,48,48,0.321473984342564,0.220889073519607
periodic,10,41001,LBFGS,50,24,50,50,0.331575450091287,0.228068237811515
periodic,10,41001,LBFGS,52,25,52,52,0.327076717367901,0.224584667682625
periodic,10,41001,LBFGS,54,26,54,54,0.329423275589954,0.22627292993519
periodic,10,41001,LBFGS,56,27,56,56,0.336653757563924,0.231379017507906
periodic,10,41001,LBFGS,58,28,58,58,0.339000057036777,0.233055676451879
periodic,10,41001,LBFGS,60,29,60,60,0.349471016372043,0.240715429374613
periodic,10,41001,LBFGS,62,30,62,62,0.349204804592072,0.240790091937465
periodic,10,41001,LBFGS,64,31,64,64,0.354883670464614,0.245206695828999
periodic,10,41001,LBFGS,66,32,66,66,0.361845736962429,0.250799702155715
periodic,10,41001,LBFGS,68,33,68,68,0.362822691190173,0.251608531266974
periodic,10,41001,LBFGS,70,34,70,70,0.370588192015552,0.257845342824863
periodic,10,41001,LBFGS,72,35,72,72,0.367784145967345,0.254652015967431
periodic,10,41001,LBFGS,74,36,74,74,0.371680543989282,0.257455277331595
periodic,10,41001,LBFGS,76,37,76,76,0.378092358850347,0.262095881150395
periodic,10,41001,LBFGS,78,38,78,78,0.381503523124943,0.264702759344026
periodic,10,41001,LBFGS,80,39,80,80,0.389638616014932,0.27177544158254
periodic,10,41001,LBFGS,82,40,82,82,0.386446812665114,0.269183089919394
periodic,10,41001,LBFGS,84,41,84,84,0.389887469871335,0.272121303984622
periodic,10,41001,LBFGS,86,42,86,86,0.396624947637942,0.28057145886807
periodic,10,41001,LBFGS,88,43,88,88,0.398917206650684,0.281837087413433
periodic,10,41001,LBFGS,90,44,90,90,0.404893417633283,0.286362100769934
periodic,10,41001,LBFGS,92,45,92,92,0.406920700906628,0.288515015521114
periodic,10,41001,LBFGS,94,46,94,94,0.409345789711484,0.290583195973959
periodic,10,41001,LBFGS,96,47,96,96,0.413054135015848,0.293867286357334
periodic,10,41001,LBFGS,98,48,98,98,0.413653935179501,0.294728377051399
periodic,10,41001,LBFGS,100,49,100,100,0.42392606621606,0.304203008835625
periodic,10,41001,LBFGS,102,50,102,102,0.419201658987809,0.299891326756022
periodic,10,41001,LBFGS,104,51,104,104,0.420540787170478,0.301352927507417
periodic,10,41001,LBFGS,106,52,106,106,0.428092642584953,0.309425388107038
periodic,10,41001,LBFGS,108,53,108,108,0.429694214336155,0.31091396288837
periodic,10,41001,LBFGS,110,54,110,110,0.433348167702188,0.314741329817708
periodic,10,41001,LBFGS,112,55,112,112,0.439641608694378,0.321399289941185
periodic,10,41001,LBFGS,114,56,114,114,0.444424815011391,0.327418941209451
periodic,10,41001,LBFGS,116,57,116,116,0.445493511190053,0.330276332915582
periodic,10,41001,LBFGS,118,57,118,116,0.445493511190053,0.330276332915582
periodic,10,41001,LBFGS,120,58,120,120,0.451475035281283,0.33503302065044
periodic,10,41001,LBFGS,122,59,122,122,0.452603265478886,0.336102504256798
periodic,10,41001,LBFGS,124,60,124,124,0.456394718364557,0.338678650698463
periodic,10,41001,LBFGS,126,61,126,126,0.461417095162982,0.348151059605998
periodic,10,41001,LBFGS,128,62,128,128,0.465728980056325,0.352286461175795
periodic,10,41001,LBFGS,130,63,130,130,0.468202396272977,0.355877467296708
periodic,10,41001,LBFGS,132,63,132,130,0.468202396272977,0.355877467296708
periodic,10,41001,LBFGS,134,64,134,134,0.473299282250768,0.362040648450036
periodic,10,41001,LBFGS,136,65,136,136,0.474480037934256,0.363457691416842
periodic,10,41001,LBFGS,138,66,138,138,0.475898698785248,0.364464272291978
periodic,10,41001,LBFGS,140,67,140,140,0.47869452880374,0.366800472148017
periodic,10,41001,LBFGS,142,68,142,142,0.480117363867474,0.36733955609074
periodic,10,41001,LBFGS,144,69,144,144,0.485530434310084,0.372354836445083
periodic,10,41001,LBFGS,146,70,146,146,0.48171766227582,0.368303118946421
periodic,10,41001,LBFGS,148,71,148,148,0.484727359086585,0.371615358617726
periodic,10,41001,LBFGS,150,72,150,150,0.487148460422109,0.374291105025133
periodic,10,41001,LBFGS,152,73,152,152,0.487868039810264,0.375017264461357
periodic,10,41001,LBFGS,154,74,154,154,0.491586456930283,0.37871658049046
periodic,10,41001,LBFGS,156,75,156,156,0.493316553719764,0.380341748284919
periodic,10,41001,LBFGS,158,76,158,158,0.496996685963596,0.384237189307262
periodic,10,41001,LBFGS,160,77,160,160,0.50022507735944,0.387623412999564
periodic,10,41001,LBFGS,162,78,162,162,0.504575527755894,0.392428015577299
periodic,10,41001,LBFGS,164,79,164,164,0.507067045548385,0.395046290235748
periodic,10,41001,LBFGS,166,80,166,166,0.512655782418093,0.401077342145255
periodic,10,41001,LBFGS,168,81,168,168,0.514396773563635,0.402915745966886
periodic,10,41001,LBFGS,170,82,170,170,0.520235944529362,0.409953983419528
periodic,10,41001,LBFGS,172,83,172,172,0.520692438487424,0.410648409778208
periodic,10,41001,LBFGS,174,84,174,174,0.525459136956318,0.416704678576546
periodic,10,41001,LBFGS,176,85,176,176,0.527699369859377,0.418824857066072
periodic,10,41001,LBFGS,178,86,178,178,0.53245852251021,0.423278131699265
periodic,10,41001,LBFGS,180,87,180,180,0.53250197047762,0.422511624539105
periodic,10,41001,LBFGS,182,88,182,182,0.536784963358377,0.426994335769369
periodic,10,41001,LBFGS,184,89,184,184,0.536442199570164,0.426552272051483
periodic,10,41001,LBFGS,186,90,186,186,0.539555366378704,0.429796245918531
periodic,10,41001,LBFGS,188,91,188,188,0.540349771504671,0.430596874316155
periodic,10,41001,LBFGS,190,92,190,190,0.541881856516228,0.43220022632686
periodic,10,41001,LBFGS,192,93,192,192,0.544944858859775,0.43552152132358
periodic,10,41001,LBFGS,194,94,194,194,0.547562571327904,0.439288498894287
periodic,10,41001,LBFGS,196,95,196,196,0.550842099686381,0.444675454879185
periodic,10,41001,LBFGS,198,96,198,198,0.551538262359046,0.445557642598114
periodic,10,41001,LBFGS,200,96,200,198,0.551538262359046,0.445557642598114
periodic,10,41002,HIO,0,0,0,0,0.655475183732924,0.250364933641618
periodic,10,41002,HIO,2,1,2,2,0.224648691485446,0.18569655481458
periodic,10,41002,HIO,4,2,4,4,0.223893162531619,0.1779633515993
periodic,10,41002,HIO,6,3,6,6,0.233733920399248,0.179128189789206
periodic,10,41002,HIO,8,4,8,8,0.247556652921436,0.184546056042633
periodic,10,41002,HIO,10,5,10,10,0.263423815003646,0.191770078738426
periodic,10,41002,HIO,12,6,12,12,0.28108460592158,0.202170788448896
periodic,10,41002,HIO,14,7,14,14,0.29991028532352,0.214770464274913
periodic,10,41002,HIO,16,8,16,16,0.320241935109526,0.228773904826113
periodic,10,41002,HIO,18,9,18,18,0.341157361100381,0.243012071706382
periodic,10,41002,HIO,20,10,20,20,0.36198911879295,0.258775906609557
periodic,10,41002,HIO,22,11,22,22,0.382406710818516,0.276616343306337
periodic,10,41002,HIO,24,12,24,24,0.40184994121415,0.294729660926959
periodic,10,41002,HIO,26,13,26,26,0.422049014730214,0.311728944002891
periodic,10,41002,HIO,28,14,28,28,0.442929523735585,0.328483030473067
periodic,10,41002,HIO,30,15,30,30,0.463781733311554,0.346321154309333
periodic,10,41002,HIO,32,16,32,32,0.484433286334091,0.365470245092419
periodic,10,41002,HIO,34,17,34,34,0.505685644374011,0.387471309136688
periodic,10,41002,HIO,36,18,36,36,0.527279367158653,0.412686248410178
periodic,10,41002,HIO,38,19,38,38,0.547892354097885,0.440115803495186
periodic,10,41002,HIO,40,20,40,40,0.567083464024545,0.463946794119759
periodic,10,41002,HIO,42,21,42,42,0.586457786601016,0.487685760803756
periodic,10,41002,HIO,44,22,44,44,0.604135110460557,0.514288125757378
periodic,10,41002,HIO,46,23,46,46,0.621301720974238,0.541137741332514
periodic,10,41002,HIO,48,24,48,48,0.637975019022078,0.561385794007016
periodic,10,41002,HIO,50,25,50,50,0.655826708534336,0.584925805159107
periodic,10,41002,HIO,52,26,52,52,0.674389283732437,0.609481034499778
periodic,10,41002,HIO,54,27,54,54,0.693537959402223,0.641969513581758
periodic,10,41002,HIO,56,28,56,56,0.71343024983872,0.670585447028549
periodic,10,41002,HIO,58,29,58,58,0.73342157980076,0.69254823233281
periodic,10,41002,HIO,60,30,60,60,0.752432560452013,0.71731097914838
periodic,10,41002,HIO,62,31,62,62,0.772436582238019,0.743054816161485
periodic,10,41002,HIO,64,32,64,64,0.791736527163024,0.768472600162068
periodic,10,41002,HIO,66,33,66,66,0.80956701441996,0.795314987499309
periodic,10,41002,HIO,68,34,68,68,0.825860138610729,0.817928884970246
periodic,10,41002,HIO,70,35,70,70,0.841551300354197,0.843358827060035
periodic,10,41002,HIO,72,36,72,72,0.85724733950151,0.872723530616693
periodic,10,41002,HIO,74,37,74,74,0.873510757313915,0.901239585355298
periodic,10,41002,HIO,76,38,76,76,0.890119434058619,0.935664035513058
periodic,10,41002,HIO,78,39,78,78,0.906180839672916,0.967776012580169
periodic,10,41002,HIO,80,40,80,80,0.921387371703228,0.991458917130048
periodic,10,41002,HIO,82,41,82,82,0.937101841504973,1.01440167327083
periodic,10,41002,HIO,84,42,84,84,0.95381516332234,1.04000498340278
periodic,10,41002,HIO,86,43,86,86,0.969901917802861,1.06737719474017
periodic,10,41002,HIO,88,44,88,88,0.985721317193975,1.1009438923396
periodic,10,41002,HIO,90,45,90,90,1.00177727864503,1.13712456045311
periodic,10,41002,HIO,92,46,92,92,1.01652068614733,1.17013805623908
periodic,10,41002,HIO,94,47,94,94,1.0299207532454,1.19987336303607
periodic,10,41002,HIO,96,48,96,96,1.04048473989277,1.21962722246147
periodic,10,41002,HIO,98,49,98,98,1.04927990429433,1.23743805899226
periodic,10,41002,HIO,100,50,100,100,1.05754998408967,1.2581438902224
periodic,10,41002,HIO,102,51,102,102,1.06835456277954,1.2831225787311
periodic,10,41002,HIO,104,52,104,104,1.07927980406842,1.30014344928096
periodic,10,41002,HIO,106,53,106,106,1.09069581087702,1.32332470585781
periodic,10,41002,HIO,108,54,108,108,1.10093298579866,1.34173738178133
periodic,10,41002,HIO,110,55,110,110,1.11028888552204,1.35176850127644
periodic,10,41002,HIO,112,56,112,112,1.11813895506363,1.36801665863319
periodic,10,41002,HIO,114,57,114,114,1.12553863047263,1.38931086107371
periodic,10,41002,HIO,116,58,116,116,1.13312527910787,1.41205232380802
periodic,10,41002,HIO,118,59,118,118,1.13992782033024,1.42637787051575
periodic,10,41002,HIO,120,60,120,120,1.14643372681064,1.43540633116472
periodic,10,41002,HIO,122,61,122,122,1.1521291186763,1.4449871691065
periodic,10,41002,HIO,124,62,124,124,1.15691273747907,1.45908247536915
periodic,10,41002,HIO,126,63,126,126,1.16082600567578,1.47377104481241
periodic,10,41002,HIO,128,64,128,128,1.1654871006178,1.48501099128388
periodic,10,41002,HIO,130,65,130,130,1.16955860689018,1.49778634598212
periodic,10,41002,HIO,132,66,132,132,1.17423720009015,1.51331577524657
periodic,10,41002,HIO,134,67,134,134,1.17894313789339,1.52609234230984
periodic,10,41002,HIO,136,68,136,136,1.18460424633893,1.53313361045966
periodic,10,41002,HIO,138,69,138,138,1.19009767314185,1.54078273977428
periodic,10,41002,HIO,140,70,140,140,1.19451509161771,1.55035397452757
periodic,10,41002,HIO,142,71,142,142,1.19672851706717,1.55536805956918
periodic,10,41002,HIO,144,72,144,144,1.20042893011685,1.56044557405982
periodic,10,41002,HIO,146,73,146,146,1.20517711752254,1.56578572033525
periodic,10,41002,HIO,148,74,148,148,1.20892861021863,1.56887228033236
periodic,10,41002,HIO,150,75,150,150,1.21263052283444,1.56981930943022
periodic,10,41002,HIO,152,76,152,152,1.21631216125434,1.57583788871277
periodic,10,41002,HIO,154,77,154,154,1.2197803482427,1.57795585266885
periodic,10,41002,HIO,156,78,156,156,1.2224834421878,1.58372094741749
periodic,10,41002,HIO,158,79,158,158,1.22428995300435,1.58125741237495
periodic,10,41002,HIO,160,80,160,160,1.22396076799731,1.58168649353538
periodic,10,41002,HIO,162,81,162,162,1.22489006170744,1.58363849058953
periodic,10,41002,HIO,164,82,164,164,1.22797960804021,1.59411782260628
periodic,10,41002,HIO,166,83,166,166,1.23142423356391,1.59863977183679
periodic,10,41002,HIO,168,84,168,168,1.23471640903167,1.60231389394026
periodic,10,41002,HIO,170,85,170,170,1.23909884912859,1.60841394916935
periodic,10,41002,HIO,172,86,172,172,1.24371960112265,1.61479841818351
periodic,10,41002,HIO,174,87,174,174,1.24683103255871,1.61815135588129
periodic,10,41002,HIO,176,88,176,176,1.24845734093007,1.62349453514772
periodic,10,41002,HIO,178,89,178,178,1.2491094106328,1.62949973152865
periodic,10,41002,HIO,180,90,180,180,1.24916978759178,1.63270419401086
periodic,10,41002,HIO,182,91,182,182,1.2484592434998,1.63224382698027
periodic,10,41002,HIO,184,92,184,184,1.24801550454677,1.62781864380762
periodic,10,41002,HIO,186,93,186,186,1.24658999909535,1.62126915391828
periodic,10,41002,HIO,188,94,188,188,1.24678957317311,1.61746906664081
periodic,10,41002,HIO,190,95,190,190,1.2464997890333,1.6102733331826
periodic,10,41002,HIO,192,96,192,192,1.24712176828871,1.60978289038692
periodic,10,41002,HIO,194,97,194,194,1.24671097273062,1.6139588658588
periodic,10,41002,HIO,196,98,196,196,1.24720214156415,1.61064406106174
periodic,10,41002,HIO,198,99,198,198,1.24862871080403,1.61387420181725
periodic,10,41002,HIO,200,100,200,200,1.25038488149697,1.61557185454026
periodic,10,41002,ER,0,0,0,0,0.655475183732924,0.250364933641618
periodic,10,41002,ER,2,1,2,2,0.224648691485446,0.18569655481458
periodic,10,41002,ER,4,2,4,4,0.220489520973527,0.177763577427696
periodic,10,41002,ER,6,3,6,6,0.220323486633773,0.175147360206527
periodic,10,41002,ER,8,4,8,8,0.220871146497522,0.173830907827218
periodic,10,41002,ER,10,5,10,10,0.221700938147973,0.173124195674774
periodic,10,41002,ER,12,6,12,12,0.22266770089728,0.172745166202758
periodic,10,41002,ER,14,7,14,14,0.223721873367438,0.172559188740291
periodic,10,41002,ER,16,8,16,16,0.224851284544174,0.172507502245563
periodic,10,41002,ER,18,9,18,18,0.226043137487055,0.172561853759542
periodic,10,41002,ER,20,10,20,20,0.227270630976661,0.172722983535731
periodic,10,41002,ER,22,11,22,22,0.228515945338607,0.172977917872376
periodic,10,41002,ER,24,12,24,24,0.229750636272577,0.173261549549092
periodic,10,41002,ER,26,13,26,26,0.230986157944019,0.173607542485194
periodic,10,41002,ER,28,14,28,28,0.232230157202656,0.174014373199762
periodic,10,41002,ER,30,15,30,30,0.233479703647205,0.174468647821811
periodic,10,41002,ER,32,16,32,32,0.234727686813424,0.17495703952654
periodic,10,41002,ER,34,17,34,34,0.235965904676144,0.175469091608606
periodic,10,41002,ER,36,18,36,36,0.237188446086813,0.175998202058413
periodic,10,41002,ER,38,19,38,38,0.238392444670371,0.176539677571982
periodic,10,41002,ER,40,20,40,40,0.239577373415648,0.177089069110515
periodic,10,41002,ER,42,21,42,42,0.240744256426327,0.177642306785153
periodic,10,41002,ER,44,22,44,44,0.241895130889376,0.178196692212552
periodic,10,41002,ER,46,23,46,46,0.243032493532237,0.178751380695708
periodic,10,41002,ER,48,24,48,48,0.244157658784373,0.17930633290508
periodic,10,41002,ER,50,25,50,50,0.245269966693867,0.179860617156173
periodic,10,41002,ER,52,26,52,52,0.246368735137971,0.180412526053324
periodic,10,41002,ER,54,27,54,54,0.247453063895926,0.18096007576238
periodic,10,41002,ER,56,28,56,56,0.248520863468592,0.181501650123522
periodic,10,41002,ER,58,29,58,58,0.249570125043918,0.182037249284938
periodic,10,41002,ER,60,30,60,60,0.250600518349735,0.182568523885948
periodic,10,41002,ER,62,31,62,62,0.25161352641201,0.183097907745877
periodic,10,41002,ER,64,32,64,64,0.252611532435981,0.183627792452002
periodic,10,41002,ER,66,33,66,66,0.253595981245112,0.184158547034214
periodic,10,41002,ER,68,34,68,68,0.25456480518785,0.184685299601232
periodic,10,41002,ER,70,35,70,70,0.255514644135697,0.185200687118606
periodic,10,41002,ER,72,36,72,72,0.256445907499919,0.185702637358956
periodic,10,41002,ER,74,37,74,74,0.257361724942361,0.1861948652843
periodic,10,41002,ER,76,38,76,76,0.258262970731013,0.186680286678036
periodic,10,41002,ER,78,39,78,78,0.25914792566105,0.187158186999435
periodic,10,41002,ER,80,40,80,80,0.26001688717302,0.187629975607397
periodic,10,41002,ER,82,41,82,82,0.260871119584317,0.188097680916175
periodic,10,41002,ER,84,42,84,84,0.261712176714344,0.188561919330775
periodic,10,41002,ER,86,43,86,86,0.262541595884394,0.189021981520545
periodic,10,41002,ER,88,44,88,88,0.263358976010215,0.189475471693833
periodic,10,41002,ER,90,45,90,90,0.264161930077283,0.189919737873282
periodic,10,41002,ER,92,46,92,92,0.26494957693912,0.190355588297536
periodic,10,41002,ER,94,47,94,94,0.265724276284912,0.190788196142857
periodic,10,41002,ER,96,48,96,96,0.266489394334551,0.191221230680757
periodic,10,41002,ER,98,49,98,98,0.267243629617884,0.191649910094413
periodic,10,41002,ER,100,50,100,100,0.267983793995903,0.192070046695534
periodic,10,41002,ER,102,51,102,102,0.26871063402018,0.192484516142977
periodic,10,41002,ER,104,52,104,104,0.269426621645205,0.192897260277186
periodic,10,41002,ER,106,53,106,106,0.270133925269937,0.193310283437072
periodic,10,41002,ER,108,54,108,108,0.270834009361413,0.193723545457011
periodic,10,41002,ER,110,55,110,110,0.271527900865604,0.194135587067816
periodic,10,41002,ER,112,56,112,112,0.272216757786287,0.194544592759244
periodic,10,41002,ER,114,57,114,114,0.272901802767035,0.194949080695703
periodic,10,41002,ER,116,58,116,116,0.273583058126331,0.19534808020078
periodic,10,41002,ER,118,59,118,118,0.274258297181267,0.195741743425078
periodic,10,41002,ER,120,60,120,120,0.274924781732229,0.1961315954104
periodic,10,41002,ER,122,61,122,122,0.275581609754848,0.196519528871288
periodic,10,41002,ER,124,62,124,124,0.276229525861682,0.196906754631661
periodic,10,41002,ER,126,63,126,126,0.27686966784557,0.19729365822549
periodic,10,41002,ER,128,64,128,128,0.277502974480987,0.197680172670847
periodic,10,41002,ER,130,65,130,130,0.278130179491405,0.198065920959659
periodic,10,41002,ER,132,66,132,132,0.278751960266826,0.198450117848026
periodic,10,41002,ER,134,67,134,134,0.27936900014195,0.198831640702419
periodic,10,41002,ER,136,68,136,136,0.279981883042388,0.199209419989377
periodic,10,41002,ER,138,69,138,138,0.280590982548738,0.199582779500683
periodic,10,41002,ER,140,70,140,140,0.281196512962316,0.19995155438616
periodic,10,41002,ER,142,71,142,142,0.281798661967419,0.200316089111056
periodic,10,41002,ER,144,72,144,144,0.282397657459745,0.200677124367619
periodic,10,41002,ER,146,73,146,146,0.282993740172516,0.201035558967823
periodic,10,41002,ER,148,74,148,148,0.283587091812546,0.201392108664504
periodic,10,41002,ER,150,75,150,150,0.284177783382831,0.201746974819751
periodic,10,41002,ER,152,76,152,152,0.28476580762745,0.202099816772663
periodic,10,41002,ER,154,77,154,154,0.285351171692368,0.202450137212694
periodic,10,41002,ER,156,78,156,156,0.285933896734387,0.202797617798714
periodic,10,41002,ER,158,79,158,158,0.286513896805655,0.203142312493564
periodic,10,41002,ER,160,80,160,160,0.287090825448874,0.203484964757518
periodic,10,41002,ER,162,81,162,162,0.287664082323039,0.203826874796853
periodic,10,41002,ER,164,82,164,164,0.288233216271242,0.204169084548685
periodic,10,41002,ER,166,83,166,166,0.288798270123636,0.204511871347868
periodic,10,41002,ER,168,84,168,168,0.289359636488444,0.204854977335199
periodic,10,41002,ER,170,85,170,170,0.289917762823626,0.205197958686482
periodic,10,41002,ER,172,86,172,172,0.290473009075421,0.205540317015398
periodic,10,41002,ER,174,87,174,174,0.291025643485505,0.205881562729194
periodic,10,41002,ER,176,88,176,176,0.291575880332242,0.206221383340968
periodic,10,41002,ER,178,89,178,178,0.292123908342351,0.206559855043405
periodic,10,41002,ER,180,90,180,180,0.292669924757871,0.206897409060162
periodic,10,41002,ER,182,91,182,182,0.293214175483637,0.20723445865521
periodic,10,41002,ER,184,92,184,184,0.293756920539693,0.207571137865094
periodic,10,41002,ER,186,93,186,186,0.294298286590546,0.207907422712735
periodic,10,41002,ER,188,94,188,188,0.294838112884146,0.208243276105864
periodic,10,41002,ER,190,95,190,190,0.295375895942102,0.208578566419341
periodic,10,41002,ER,192,96,192,192,0.29591085850506,0.208912912124811
periodic,10,41002,ER,194,97,194,194,0.296442137380581,0.209245667579935
periodic,10,41002,ER,196,98,196,196,0.296969040587438,0.209576099805193
periodic,10,41002,ER,198,99,198,198,0.297491244632638,0.209903678791988
periodic,10,41002,ER,200,100,200,200,0.298008730254829,0.21022838141122
periodic,10,41002,RAAR,0,0,0,0,0.655475183732924,0.250364933641618
periodic,10,41002,RAAR,2,1,2,2,0.224648691485446,0.18569655481458
periodic,10,41002,RAAR,4,2,4,4,0.249596015341539,0.188745927861716
periodic,10,41002,RAAR,6,3,6,6,0.273630165266137,0.20118004134062
periodic,10,41002,RAAR,8,4,8,8,0.30229617594305,0.222586342757877
periodic,10,41002,RAAR,10,5,10,10,0.330480916548259,0.244697433173436
periodic,10,41002,RAAR,12,6,12,12,0.356470644094053,0.262392533457325
periodic,10,41002,RAAR,14,7,14,14,0.373551378673839,0.279412201351766
periodic,10,41002,RAAR,16,8,16,16,0.385136354349484,0.291430342476619
periodic,10,41002,RAAR,18,9,18,18,0.39233047301902,0.298232170817407
periodic,10,41002,RAAR,20,10,20,20,0.397229903049793,0.303772257970739
periodic,10,41002,RAAR,22,11,22,22,0.399151019977123,0.304867740928941
periodic,10,41002,RAAR,24,12,24,24,0.401737008470047,0.30536345236895
periodic,10,41002,RAAR,26,13,26,26,0.404274995480912,0.304695366622374
periodic,10,41002,RAAR,28,14,28,28,0.408210403785023,0.307494736093896
periodic,10,41002,RAAR,30,15,30,30,0.412641784142512,0.315137513710369
periodic,10,41002,RAAR,32,16,32,32,0.420043764181644,0.320804737598792
periodic,10,41002,RAAR,34,17,34,34,0.426300748127603,0.329533659496524
periodic,10,41002,RAAR,36,18,36,36,0.431524542477092,0.336922752060037
periodic,10,41002,RAAR,38,19,38,38,0.43691388201786,0.34629648518827
periodic,10,41002,RAAR,40,20,40,40,0.441554046876468,0.349148750512761
periodic,10,41002,RAAR,42,21,42,42,0.445674948688561,0.351409479863344
periodic,10,41002,RAAR,44,22,44,44,0.450828050703554,0.355642361120177
periodic,10,41002,RAAR,46,23,46,46,0.454159127321665,0.358011908550034
periodic,10,41002,RAAR,48,24,48,48,0.459118584243587,0.360924289642674
periodic,10,41002,RAAR,50,25,50,50,0.464167701173289,0.359210404657815
periodic,10,41002,RAAR,52,26,52,52,0.470499483783809,0.365129689023843
periodic,10,41002,RAAR,54,27,54,54,0.474083145679597,0.364555064953495
periodic,10,41002,RAAR,56,28,56,56,0.478618415907213,0.370420258199065
periodic,10,41002,RAAR,58,29,58,58,0.480146306265267,0.371381328559287
periodic,10,41002,RAAR,60,30,60,60,0.483959278316977,0.376480346774399
periodic,10,41002,RAAR,62,31,62,62,0.486560746969625,0.378362324913612
periodic,10,41002,RAAR,64,32,64,64,0.489150892352297,0.384260627268616
periodic,10,41002,RAAR,66,33,66,66,0.490424849704967,0.381042370679387
periodic,10,41002,RAAR,68,34,68,68,0.492507639092879,0.387274530151272
periodic,10,41002,RAAR,70,35,70,70,0.493160730391665,0.389756538370151
periodic,10,41002,RAAR,72,36,72,72,0.495605774502433,0.394215315043442
periodic,10,41002,RAAR,74,37,74,74,0.496623440650404,0.39289449879775
periodic,10,41002,RAAR,76,38,76,76,0.499924858570755,0.396332182939359
periodic,10,41002,RAAR,78,39,78,78,0.501747610727869,0.397182314554217
periodic,10,41002,RAAR,80,40,80,80,0.504204053552945,0.400561257762923
periodic,10,41002,RAAR,82,41,82,82,0.505712393848936,0.401187636538711
periodic,10,41002,RAAR,84,42,84,84,0.507933656932482,0.406843418752826
periodic,10,41002,RAAR,86,43,86,86,0.510710392464454,0.405212928780581
periodic,10,41002,RAAR,88,44,88,88,0.513076395682914,0.405727848305346
periodic,10,41002,RAAR,90,45,90,90,0.514248376487483,0.403999015777029
periodic,10,41002,RAAR,92,46,92,92,0.515875349058844,0.407628149695943
periodic,10,41002,RAAR,94,47,94,94,0.514617203769004,0.408119240697724
periodic,10,41002,RAAR,96,48,96,96,0.516280682342249,0.409954136488701
periodic,10,41002,RAAR,98,49,98,98,0.516180895131301,0.411192594503158
periodic,10,41002,RAAR,100,50,100,100,0.517027199305232,0.417216981713125
periodic,10,41002,RAAR,102,51,102,102,0.518209496344847,0.418302793837803
periodic,10,41002,RAAR,104,52,104,104,0.521342565745864,0.424487672499204
periodic,10,41002,RAAR,106,53,106,106,0.523191668894251,0.421895166826053
periodic,10,41002,RAAR,108,54,108,108,0.525899200387869,0.417396990611484
periodic,10,41002,RAAR,110,55,110,110,0.527085075391575,0.419430881998166
periodic,10,41002,RAAR,112,56,112,112,0.528847833953616,0.420024596088652
periodic,10,41002,RAAR,114,57,114,114,0.528853421125065,0.422858082012076
periodic,10,41002,RAAR,116,58,116,116,0.53133933406361,0.42728557278155
periodic,10,41002,RAAR,118,59,118,118,0.532100388571634,0.426344144659008
periodic,10,41002,RAAR,120,60,120,120,0.534121921338893,0.433740036331599
periodic,10,41002,RAAR,122,61,122,122,0.533554424480084,0.429994117555343
periodic,10,41002,RAAR,124,62,124,124,0.536004180669009,0.43726092669662
periodic,10,41002,RAAR,126,63,126,126,0.53589163381674,0.439384132463524
periodic,10,41002,RAAR,128,64,128,128,0.538729395210115,0.446517254247589
periodic,10,41002,RAAR,130,65,130,130,0.539594338074573,0.446144738999195
periodic,10,41002,RAAR,132,66,132,132,0.541162079390868,0.444627255688815
periodic,10,41002,RAAR,134,67,134,134,0.543172860583208,0.448074108185757
periodic,10,41002,RAAR,136,68,136,136,0.545599735236285,0.449159730203305
periodic,10,41002,RAAR,138,69,138,138,0.547892688201016,0.451799391696991
periodic,10,41002,RAAR,140,70,140,140,0.54872509974324,0.453374728421155
periodic,10,41002,RAAR,142,71,142,142,0.549019485143719,0.45220720728511
periodic,10,41002,RAAR,144,72,144,144,0.551560263207124,0.456551364178485
periodic,10,41002,RAAR,146,73,146,146,0.552675868809304,0.467633142122688
periodic,10,41002,RAAR,148,74,148,148,0.553570606863609,0.468663359234258
periodic,10,41002,RAAR,150,75,150,150,0.554656693584969,0.468991090429944
periodic,10,41002,RAAR,152,76,152,152,0.556598074733286,0.46944152280816
periodic,10,41002,RAAR,154,77,154,154,0.558828366548034,0.469156196656515
periodic,10,41002,RAAR,156,78,156,156,0.560296626813082,0.465293890396254
periodic,10,41002,RAAR,158,79,158,158,0.559947145269406,0.46430999139079
periodic,10,41002,RAAR,160,80,160,160,0.561078766522578,0.46104393927798
periodic,10,41002,RAAR,162,81,162,162,0.561280978427805,0.466711065883372
periodic,10,41002,RAAR,164,82,164,164,0.563291821226755,0.467208898367635
periodic,10,41002,RAAR,166,83,166,166,0.563790641201332,0.466931004252731
periodic,10,41002,RAAR,168,84,168,168,0.565675647764435,0.466153810448316
periodic,10,41002,RAAR,170,85,170,170,0.566084296344338,0.459324495244808
periodic,10,41002,RAAR,172,86,172,172,0.567398132605083,0.465413194782084
periodic,10,41002,RAAR,174,87,174,174,0.56730362596098,0.467869048686509
periodic,10,41002,RAAR,176,88,176,176,0.568392544880566,0.471584187817636
periodic,10,41002,RAAR,178,89,178,178,0.570591947680999,0.470375242067778
periodic,10,41002,RAAR,180,90,180,180,0.57087152079827,0.475906522634974
periodic,10,41002,RAAR,182,91,182,182,0.571109722936251,0.474305951301972
periodic,10,41002,RAAR,184,92,184,184,0.571295171705826,0.473482545855512
periodic,10,41002,RAAR,186,93,186,186,0.572940357904172,0.475477086220927
periodic,10,41002,RAAR,188,94,188,188,0.574343033911597,0.480006508886883
periodic,10,41002,RAAR,190,95,190,190,0.574933439650567,0.484546597595984
periodic,10,41002,RAAR,192,96,192,192,0.575583432205979,0.484985232411181
periodic,10,41002,RAAR,194,97,194,194,0.575474536631086,0.480814388343568
periodic,10,41002,RAAR,196,98,196,196,0.576748327191451,0.485580776200553
periodic,10,41002,RAAR,198,99,198,198,0.577906211735024,0.481278728632513
periodic,10,41002,RAAR,200,100,200,200,0.578998245581722,0.484112031397251
periodic,10,41002,LBFGS,0,0,0,0,0.655475183732924,0.250364933641618
periodic,10,41002,LBFGS,2,0,2,2,0.655475183732924,0.250364933641618
periodic,10,41002,LBFGS,4,1,4,4,0.224648691485446,0.18569655481458
periodic,10,41002,LBFGS,6,2,6,6,0.220755743901103,0.177584446936166
periodic,10,41002,LBFGS,8,3,8,8,0.228408211790625,0.174856878244782
periodic,10,41002,LBFGS,10,4,10,10,0.228169284706846,0.173256062446908
periodic,10,41002,LBFGS,12,5,12,12,0.233061866968736,0.174234485461458
periodic,10,41002,LBFGS,14,6,14,14,0.238510077199167,0.175973417141996
periodic,10,41002,LBFGS,16,7,16,16,0.247130601788766,0.179931300593028
periodic,10,41002,LBFGS,18,8,18,18,0.251764721405482,0.182345878821992
periodic,10,41002,LBFGS,20,9,20,20,0.260039845450121,0.186403863489227
periodic,10,41002,LBFGS,22,10,22,22,0.262496328267501,0.187947536849721
periodic,10,41002,LBFGS,24,11,24,24,0.27186117387475,0.193037950562121
periodic,10,41002,LBFGS,26,12,26,26,0.269968388270712,0.192176035211083
periodic,10,41002,LBFGS,28,13,28,28,0.276449499343774,0.196175258849065
periodic,10,41002,LBFGS,30,14,30,30,0.279662408891836,0.198190873868953
periodic,10,41002,LBFGS,32,15,32,32,0.287492262636319,0.203115206461973
periodic,10,41002,LBFGS,34,16,34,34,0.291400747482893,0.205865522624721
periodic,10,41002,LBFGS,36,17,36,36,0.296608625014058,0.209461977649811
periodic,10,41002,LBFGS,38,18,38,38,0.300601260849729,0.212453307831864
periodic,10,41002,LBFGS,40,19,40,40,0.312803904898352,0.22104652365126
periodic,10,41002,LBFGS,42,20,42,42,0.311729912565447,0.220317078533902
periodic,10,41002,LBFGS,44,21,44,44,0.312724427263768,0.220772672366283
periodic,10,41002,LBFGS,46,22,46,46,0.320681670336847,0.226032605251187
periodic,10,41002,LBFGS,48,23,48,48,0.322729483187572,0.227214039125621
periodic,10,41002,LBFGS,50,24,50,50,0.328515746724254,0.230957453579725
periodic,10,41002,LBFGS,52,25,52,52,0.334056648537533,0.234467830116065
periodic,10,41002,LBFGS,54,26,54,54,0.342572101316361,0.240175621878702
periodic,10,41002,LBFGS,56,27,56,56,0.345638205522918,0.242209516721153
periodic,10,41002,LBFGS,58,28,58,58,0.354669514547491,0.248365956295203
periodic,10,41002,LBFGS,60,29,60,60,0.350996497735057,0.245879996724056
periodic,10,41002,LBFGS,62,30,62,62,0.354466350684167,0.248218628921747
periodic,10,41002,LBFGS,64,31,64,64,0.361473331119812,0.253044389244095
periodic,10,41002,LBFGS,66,32,66,66,0.362708523309305,0.253982782837172
periodic,10,41002,LBFGS,68,33,68,68,0.369687775278432,0.259060172045667
periodic,10,41002,LBFGS,70,34,70,70,0.372445492325098,0.261311112761078
periodic,10,41002,LBFGS,72,35,72,72,0.380029341410333,0.267011650678938
periodic,10,41002,LBFGS,74,36,74,74,0.383865374248408,0.270152462030624
periodic,10,41002,LBFGS,76,37,76,76,0.390168190319519,0.275103965490872
periodic,10,41002,LBFGS,78,38,78,78,0.390615992900158,0.275767160688123
periodic,10,41002,LBFGS,80,39,80,80,0.399576095618135,0.283100281313413
periodic,10,41002,LBFGS,82,40,82,82,0.400442590859322,0.283984515712736
periodic,10,41002,LBFGS,84,41,84,84,0.404930016334734,0.287734098460038
periodic,10,41002,LBFGS,86,42,86,86,0.408763014620655,0.29113852463765
periodic,10,41002,LBFGS,88,43,88,88,0.419452532287985,0.300595141406698
periodic,10,41002,LBFGS,90,44,90,90,0.421599359620314,0.303354613865445
periodic,10,41002,LBFGS,92,45,92,92,0.426731650439373,0.308273366950673
periodic,10,41002,LBFGS,94,46,94,94,0.431625833166851,0.313254029519155
periodic,10,41002,LBFGS,96,47,96,96,0.437056388581137,0.318951399799105
periodic,10,41002,LBFGS,98,48,98,98,0.445717442133634,0.328482047949052
periodic,10,41002,LBFGS,100,48,100,98,0.445717442133634,0.328482047949052
periodic,10,41002,LBFGS,102,49,102,102,0.442881544294363,0.325725767951342
periodic,10,41002,LBFGS,104,50,104,104,0.447646998716222,0.331045223073223
periodic,10,41002,LBFGS,106,51,106,106,0.450876827574266,0.335079030250799
periodic,10,41002,LBFGS,108,52,108,108,0.453817806455596,0.3388171714145
periodic,10,41002,LBFGS,110,53,110,110,0.461075565546164,0.347283809430759
periodic,10,41002,LBFGS,112,54,112,112,0.466219488751574,0.353225540816399
periodic,10,41002,LBFGS,114,55,114,114,0.470164079721099,0.357816390464365
periodic,10,41002,LBFGS,116,56,116,116,0.474413524960377,0.363416032119952
periodic,10,41002,LBFGS,118,57,118,118,0.477389358293767,0.369257198946375
periodic,10,41002,LBFGS,120,58,120,120,0.487558898953012,0.382009313745575
periodic,10,41002,LBFGS,122,59,122,122,0.482234687681067,0.37567047509092
periodic,10,41002,LBFGS,124,60,124,124,0.48349498004445,0.376967143531947
periodic,10,41002,LBFGS,126,61,126,126,0.487684552024248,0.382393238763047
periodic,10,41002,LBFGS,128,62,128,128,0.493614950864692,0.391115557217025
periodic,10,41002,LBFGS,130,63,130,130,0.498276571818008,0.397742633102831
periodic,10,41002,LBFGS,132,64,132,132,0.501282579721595,0.400834559790076
periodic,10,41002,LBFGS,134,65,134,134,0.506294454124708,0.407654138528621
periodic,10,41002,LBFGS,136,66,136,136,0.50656982913401,0.408582342288413
periodic,10,41002,LBFGS,138,67,138,138,0.513722830591924,0.418132364066569
periodic,10,41002,LBFGS,140,68,140,140,0.511132773804051,0.415026953813384
periodic,10,41002,LBFGS,142,69,142,142,0.512281624197464,0.416710706976018
periodic,10,41002,LBFGS,144,70,144,144,0.516090614011976,0.422200586139361
periodic,10,41002,LBFGS,146,71,146,146,0.519270321866101,0.42710553083121
periodic,10,41002,LBFGS,148,72,148,148,0.52767015901153,0.441052740582216
periodic,10,41002,LBFGS,150,73,150,150,0.527017702612028,0.440069052562098
periodic,10,41002,LBFGS,152,74,152,152,0.530151372547319,0.443800827504038
periodic,10,41002,LBFGS,154,75,154,154,0.533785871950262,0.448125167996579
periodic,10,41002,LBFGS,156,76,156,156,0.534628263136027,0.448910474555393
periodic,10,41002,LBFGS,158,77,158,158,0.540635776706096,0.456011348640144
periodic,10,41002,LBFGS,160,78,160,160,0.537692948726086,0.452429875910535
periodic,10,41002,LBFGS,162,79,162,162,0.539061319390034,0.453949163905657
periodic,10,41002,LBFGS,164,80,164,164,0.543795627490573,0.459291970630407
periodic,10,41002,LBFGS,166,81,166,166,0.545984790218871,0.461588665778527
periodic,10,41002,LBFGS,168,82,168,168,0.549795998787376,0.465657828785246
periodic,10,41002,LBFGS,170,83,170,170,0.550184222097013,0.465869625734088
periodic,10,41002,LBFGS,172,84,172,172,0.552752955828206,0.468775321321019
periodic,10,41002,LBFGS,174,85,174,174,0.554587290517136,0.47095373552735
periodic,10,41002,LBFGS,176,86,176,176,0.557482082753972,0.474216569884798
periodic,10,41002,LBFGS,178,87,178,178,0.557733055656125,0.474533462794613
periodic,10,41002,LBFGS,180,88,180,180,0.561418665653708,0.478577610994762
periodic,10,41002,LBFGS,182,89,182,182,0.562520585690292,0.479841631277238
periodic,10,41002,LBFGS,184,90,184,184,0.565191975966356,0.482928331227982
periodic,10,41002,LBFGS,186,91,186,186,0.567103279106167,0.48518753350444
periodic,10,41002,LBFGS,188,92,188,188,0.572160187577646,0.490803400678018
periodic,10,41002,LBFGS,190,93,190,190,0.57133499741485,0.490161882711088
periodic,10,41002,LBFGS,192,94,192,192,0.573305004149785,0.492223294695345
periodic,10,41002,LBFGS,194,95,194,194,0.575342019833191,0.49632813954671
periodic,10,41002,LBFGS,196,96,196,196,0.580352580157712,0.501961136014292
periodic,10,41002,LBFGS,198,97,198,198,0.579230175977033,0.500004687140513
periodic,10,41002,LBFGS,200,98,200,200,0.582423069926614,0.503595381182947
periodic,10,41003,HIO,0,0,0,0,0.655475183732924,0.250364933641618
periodic,10,41003,HIO,2,1,2,2,0.224582366705576,0.186295233278345
periodic,10,41003,HIO,4,2,4,4,0.223615802340914,0.178665771887698
periodic,10,41003,HIO,6,3,6,6,0.23339870107504,0.179546264861519
periodic,10,41003,HIO,8,4,8,8,0.24710828178016,0.184543576520373
periodic,10,41003,HIO,10,5,10,10,0.263399382341417,0.192357671718478
periodic,10,41003,HIO,12,6,12,12,0.281127322503256,0.201311536568319
periodic,10,41003,HIO,14,7,14,14,0.300360529661241,0.213060225117519
periodic,10,41003,HIO,16,8,16,16,0.321146679662584,0.227202744871014
periodic,10,41003,HIO,18,9,18,18,0.341343167235268,0.241808207676134
periodic,10,41003,HIO,20,10,20,20,0.360595940969536,0.255408123529185
periodic,10,41003,HIO,22,11,22,22,0.378164292953975,0.268573240816464
periodic,10,41003,HIO,24,12,24,24,0.395935795335068,0.284397234012565
periodic,10,41003,HIO,26,13,26,26,0.414799835528453,0.302024525163819
periodic,10,41003,HIO,28,14,28,28,0.435571089422558,0.321284700582292
periodic,10,41003,HIO,30,15,30,30,0.4571538101993,0.342686607254317
periodic,10,41003,HIO,32,16,32,32,0.478557924324701,0.36236609474479
periodic,10,41003,HIO,34,17,34,34,0.499646139962015,0.381432034687723
periodic,10,41003,HIO,36,18,36,36,0.519856454712614,0.400802340874747
periodic,10,41003,HIO,38,19,38,38,0.539469774026201,0.418969561907711
periodic,10,41003,HIO,40,20,40,40,0.559164575965137,0.440098829638943
periodic,10,41003,HIO,42,21,42,42,0.579430991749755,0.464249750300732
periodic,10,41003,HIO,44,22,44,44,0.601037675603783,0.493104926045559
periodic,10,41003,HIO,46,23,46,46,0.623008233832849,0.520190093633016
periodic,10,41003,HIO,48,24,48,48,0.645081449985902,0.541759907021363
periodic,10,41003,HIO,50,25,50,50,0.667655290632577,0.569092132156285
periodic,10,41003,HIO,52,26,52,52,0.689843509684518,0.595715945968744
periodic,10,41003,HIO,54,27,54,54,0.711820038454359,0.631205100831748
periodic,10,41003,HIO,56,28,56,56,0.733886183041147,0.660455111401699
periodic,10,41003,HIO,58,29,58,58,0.754009845916498,0.699828370402331
periodic,10,41003,HIO,60,30,60,60,0.774169462945343,0.734370526379341
periodic,10,41003,HIO,62,31,62,62,0.793865724783273,0.762821681677763
periodic,10,41003,HIO,64,32,64,64,0.813305456060029,0.796820281428589
periodic,10,41003,HIO,66,33,66,66,0.832955712808104,0.831446752908382
periodic,10,41003,HIO,68,34,68,68,0.852797549756551,0.862783006888181
periodic,10,41003,HIO,70,35,70,70,0.871556209719605,0.892970091139838
periodic,10,41003,HIO,72,36,72,72,0.890476015477811,0.931982373850565
periodic,10,41003,HIO,74,37,74,74,0.908891075379176,0.975470751950358
periodic,10,41003,HIO,76,38,76,76,0.92559139332312,1.00601541542699
periodic,10,41003,HIO,78,39,78,78,0.942030491445978,1.03931328333337
periodic,10,41003,HIO,80,40,80,80,0.955840059580368,1.06721891613178
periodic,10,41003,HIO,82,41,82,82,0.968056644995648,1.09338265125505
periodic,10,41003,HIO,84,42,84,84,0.9803738822965,1.12073661443914
periodic,10,41003,HIO,86,43,86,86,0.992123873341794,1.14522431020978
periodic,10,41003,HIO,88,44,88,88,1.00279900803664,1.15900330608209
periodic,10,41003,HIO,90,45,90,90,1.01308323494221,1.17001044359807
periodic,10,41003,HIO,92,46,92,92,1.02249700666287,1.18861265267204
periodic,10,41003,HIO,94,47,94,94,1.03061328064826,1.19632797248513
periodic,10,41003,HIO,96,48,96,96,1.03972942982681,1.20801241401037
periodic,10,41003,HIO,98,49,98,98,1.04792222018059,1.2200771232124
periodic,10,41003,HIO,100,50,100,100,1.05578313125516,1.24025069801233
periodic,10,41003,HIO,102,51,102,102,1.06173622300901,1.2542445435081
periodic,10,41003,HIO,104,52,104,104,1.06699250175388,1.27331430758006
periodic,10,41003,HIO,106,53,106,106,1.07269844290819,1.29587697560094
periodic,10,41003,HIO,108,54,108,108,1.07785226710788,1.31220861810501
periodic,10,41003,HIO,110,55,110,110,1.08315481877318,1.32202442172969
periodic,10,41003,HIO,112,56,112,112,1.08915844374897,1.32911507465814
periodic,10,41003,HIO,114,57,114,114,1.09531417063398,1.34071594944495
periodic,10,41003,HIO,116,58,116,116,1.10221962006508,1.34985455146158
periodic,10,41003,HIO,118,59,118,118,1.10924089269592,1.36058537778904
periodic,10,41003,HIO,120,60,120,120,1.11492642603511,1.37093460345326
periodic,10,41003,HIO,122,61,122,122,1.12097992594177,1.37867296483029
periodic,10,41003,HIO,124,62,124,124,1.12666170534909,1.38624299577688
periodic,10,41003,HIO,126,63,126,126,1.13231827439151,1.39638205068222
periodic,10,41003,HIO,128,64,128,128,1.13668552727964,1.40275452500385
periodic,10,41003,HIO,130,65,130,130,1.14224078720429,1.41239796561579
periodic,10,41003,HIO,132,66,132,132,1.14767015256833,1.41919687765407
periodic,10,41003,HIO,134,67,134,134,1.15448404232761,1.43135524751023
periodic,10,41003,HIO,136,68,136,136,1.16118397357777,1.43746950130855
periodic,10,41003,HIO,138,69,138,138,1.16811254620817,1.44615657687364
periodic,10,41003,HIO,140,70,140,140,1.17481804388229,1.4571712355379
periodic,10,41003,HIO,142,71,142,142,1.18155393022263,1.47313477926817
periodic,10,41003,HIO,144,72,144,144,1.18905612486085,1.49214989228959
periodic,10,41003,HIO,146,73,146,146,1.19655323955712,1.50851729285142
periodic,10,41003,HIO,148,74,148,148,1.20494185636319,1.52176545995594
periodic,10,41003,HIO,150,75,150,150,1.21177386954303,1.53552616115514
periodic,10,41003,HIO,152,76,152,152,1.21756636932003,1.54905580064982
periodic,10,41003,HIO,154,77,154,154,1.22217774696003,1.55471595221563
periodic,10,41003,HIO,156,78,156,156,1.22600597421099,1.55805346037894
periodic,10,41003,HIO,158,79,158,158,1.23014112857167,1.56313293867025
periodic,10,41003,HIO,160,80,160,160,1.2337390856934,1.56690876993766
periodic,10,41003,HIO,162,81,162,162,1.23791089649615,1.57754943263973
periodic,10,41003,HIO,164,82,164,164,1.24129587685665,1.59207137257679
periodic,10,41003,HIO,166,83,166,166,1.2444325882274,1.59631104753155
periodic,10,41003,HIO,168,84,168,168,1.24704821104991,1.60477842249225
periodic,10,41003,HIO,170,85,170,170,1.25252881879941,1.61789855079157
periodic,10,41003,HIO,172,86,172,172,1.25641197207301,1.62184315479464
periodic,10,41003,HIO,174,87,174,174,1.25985010543589,1.62251444237628
periodic,10,41003,HIO,176,88,176,176,1.26191382910642,1.62194141474686
periodic,10,41003,HIO,178,89,178,178,1.26340119133461,1.61987986962237
periodic,10,41003,HIO,180,90,180,180,1.26400280769553,1.61832789762246
periodic,10,41003,HIO,182,91,182,182,1.26484892406565,1.6203154290329
periodic,10,41003,HIO,184,92,184,184,1.26621625994916,1.62361760824104
periodic,10,41003,HIO,186,93,186,186,1.26622021558053,1.62536595642121
periodic,10,41003,HIO,188,94,188,188,1.26688464140783,1.62618912981415
periodic,10,41003,HIO,190,95,190,190,1.2705693210606,1.63492652710949
periodic,10,41003,HIO,192,96,192,192,1.27373682236381,1.63320415662014
periodic,10,41003,HIO,194,97,194,194,1.27740063643596,1.63526703679231
periodic,10,41003,HIO,196,98,196,196,1.28092829709121,1.63910409111024
periodic,10,41003,HIO,198,99,198,198,1.2849701641171,1.6435272611605
periodic,10,41003,HIO,200,100,200,200,1.2893602621746,1.65221016945031
periodic,10,41003,ER,0,0,0,0,0.655475183732924,0.250364933641618
periodic,10,41003,ER,2,1,2,2,0.224582366705576,0.186295233278345
periodic,10,41003,ER,4,2,4,4,0.220167280809126,0.178124564259043
periodic,10,41003,ER,6,3,6,6,0.219871536319735,0.175257754767729
periodic,10,41003,ER,8,4,8,8,0.220387078658342,0.173769525631483
periodic,10,41003,ER,10,5,10,10,0.221187559284261,0.172874842285613
periodic,10,41003,ER,12,6,12,12,0.222105732371937,0.17230520504845
periodic,10,41003,ER,14,7,14,14,0.223079010448254,0.171910462116445
periodic,10,41003,ER,16,8,16,16,0.22409503080938,0.171649081349298
periodic,10,41003,ER,18,9,18,18,0.225153244232541,0.171504162444248
periodic,10,41003,ER,20,10,20,20,0.226251352393133,0.171471324657625
periodic,10,41003,ER,22,11,22,22,0.227382032270335,0.171549506669147
periodic,10,41003,ER,24,12,24,24,0.228528813009895,0.171702168277
periodic,10,41003,ER,26,13,26,26,0.229683951445374,0.171904942605153
periodic,10,41003,ER,28,14,28,28,0.230848170539008,0.172142913537179
periodic,10,41003,ER,30,15,30,30,0.232022374458505,0.172405956791907
periodic,10,41003,ER,32,16,32,32,0.233205512772348,0.172688141994497
periodic,10,41003,ER,34,17,34,34,0.234394518697507,0.172988794812916
periodic,10,41003,ER,36,18,36,36,0.235586527460315,0.173313426945874
periodic,10,41003,ER,38,19,38,38,0.23677370009636,0.173663380382818
periodic,10,41003,ER,40,20,40,40,0.237946705134081,0.174032097677277
periodic,10,41003,ER,42,21,42,42,0.239102098486738,0.174414122597262
periodic,10,41003,ER,44,22,44,44,0.240242228646086,0.174807762107403
periodic,10,41003,ER,46,23,46,46,0.241370925579464,0.175212746534884
periodic,10,41003,ER,48,24,48,48,0.242487658836539,0.175629432086587
periodic,10,41003,ER,50,25,50,50,0.243589543495478,0.176055483325747
periodic,10,41003,ER,52,26,52,52,0.244674661962417,0.176481655411908
periodic,10,41003,ER,54,27,54,54,0.245742105248967,0.176899199847763
periodic,10,41003,ER,56,28,56,56,0.246793095802639,0.177308321285976
periodic,10,41003,ER,58,29,58,58,0.247831017335237,0.177716134631354
periodic,10,41003,ER,60,30,60,60,0.248859092812612,0.178129415769021
periodic,10,41003,ER,62,31,62,62,0.249878681485885,0.17855141515238
periodic,10,41003,ER,64,32,64,64,0.250889915485486,0.178983151844867
periodic,10,41003,ER,66,33,66,66,0.251892533556027,0.179424329483169
periodic,10,41003,ER,68,34,68,68,0.252885343486956,0.179872188541566
periodic,10,41003,ER,70,35,70,70,0.253866663646409,0.180322757851145
periodic,10,41003,ER,72,36,72,72,0.254835689947664,0.180773382671953
periodic,10,41003,ER,74,37,74,74,0.255792367954542,0.181222466819348
periodic,10,41003,ER,76,38,76,76,0.256736821046775,0.181668919597326
periodic,10,41003,ER,78,39,78,78,0.25766922212832,0.182112183864264
periodic,10,41003,ER,80,40,80,80,0.258589737007965,0.182552257770354
periodic,10,41003,ER,82,41,82,82,0.259498129622263,0.182989673121144
periodic,10,41003,ER,84,42,84,84,0.260393886613789,0.183425439504378
periodic,10,41003,ER,86,43,86,86,0.261276896392128,0.183860443687529
periodic,10,41003,ER,88,44,88,88,0.26214751966312,0.18429487111372
periodic,10,41003,ER,90,45,90,90,0.263006398930523,0.184728491381805
periodic,10,41003,ER,92,46,92,92,0.263854241302355,0.185161077041264
periodic,10,41003,ER,94,47,94,94,0.264691617788277,0.185592516818642
periodic,10,41003,ER,96,48,96,96,0.265518843701467,0.186022775873846
periodic,10,41003,ER,98,49,98,98,0.266336064962427,0.186451966875694
periodic,10,41003,ER,100,50,100,100,0.267143633217847,0.186880591376144
periodic,10,41003,ER,102,51,102,102,0.267942372940569,0.187309569203675
periodic,10,41003,ER,104,52,104,104,0.268733336023938,0.187739786881503
periodic,10,41003,ER,106,53,106,106,0.269517322500676,0.188171549838596
periodic,10,41003,ER,108,54,108,108,0.270294625630091,0.188604464630347
periodic,10,41003,ER,110,55,110,110,0.27106514404265,0.189037795466573
periodic,10,41003,ER,112,56,112,112,0.271828709972539,0.189470901865886
periodic,10,41003,ER,114,57,114,114,0.272585361861355,0.189903456266168
periodic,10,41003,ER,116,58,116,116,0.273335380374832,0.190335402783054
periodic,10,41003,ER,118,59,118,118,0.274079145313386,0.190766772521916
periodic,10,41003,ER,120,60,120,120,0.274816989837957,0.191197505990024
periodic,10,41003,ER,122,61,122,122,0.275549147138813,0.191627370525818
periodic,10,41003,ER,124,62,124,124,0.276275780088004,0.192055998769135
periodic,10,41003,ER,126,63,126,126,0.276997049245869,0.192483025393905
periodic,10,41003,ER,128,64,128,128,0.277713169280268,0.192908233525947
periodic,10,41003,ER,130,65,130,130,0.278424409398255,0.193331591243281
periodic,10,41003,ER,132,66,132,132,0.279131039393768,0.193753147368189
periodic,10,41003,ER,134,67,134,134,0.279833258936827,0.194172880585452
periodic,10,41003,ER,136,68,136,136,0.280531103450449,0.194590578528877
periodic,10,41003,ER,138,69,138,138,0.281224315329953,0.195005770189735
periodic,10,41003,ER,140,70,140,140,0.281912311331569,0.195417788438943
periodic,10,41003,ER,142,71,142,142,0.282594385775977,0.195825960643593
periodic,10,41003,ER,144,72,144,144,0.283269959743803,0.196229723326674
periodic,10,41003,ER,146,73,146,146,0.283938619803908,0.196628601405015
periodic,10,41003,ER,148,74,148,148,0.284600058173632,0.197022211397361
periodic,10,41003,ER,150,75,150,150,0.285254101890269,0.197410345400634
periodic,10,41003,ER,152,76,152,152,0.285900745895871,0.197793017796593
periodic,10,41003,ER,154,77,154,154,0.286540035754609,0.198170353414065
periodic,10,41003,ER,156,78,156,156,0.287171898407495,0.198542419949431
periodic,10,41003,ER,158,79,158,158,0.28779613166269,0.198909215918043
periodic,10,41003,ER,160,80,160,160,0.28841263162372,0.199270913763982
periodic,10,41003,ER,162,81,162,162,0.289021726982014,0.199628223433516
periodic,10,41003,ER,164,82,164,164,0.289624247527397,0.199982389556511
periodic,10,41003,ER,166,83,166,166,0.29022107572807,0.200334550520304
periodic,10,41003,ER,168,84,168,168,0.290812837329767,0.200685464440403
periodic,10,41003,ER,170,85,170,170,0.291400109452778,0.201036011565349
periodic,10,41003,ER,172,86,172,172,0.291983394976837,0.201387165340285
periodic,10,41003,ER,174,87,174,174,0.292562901642011,0.201739107977787
periodic,10,41003,ER,176,88,176,176,0.293138573857229,0.202090336657529
periodic,10,41003,ER,178,89,178,178,0.293710229490421,0.202438728336777
periodic,10,41003,ER,180,90,180,180,0.294277626142838,0.202783600048026
periodic,10,41003,ER,182,91,182,182,0.294840640946192,0.203125503888877
periodic,10,41003,ER,184,92,184,184,0.295399358732558,0.203465175873793
periodic,10,41003,ER,186,93,186,186,0.295953998002927,0.203803168867933
periodic,10,41003,ER,188,94,188,188,0.296504839173161,0.204139882538435
periodic,10,41003,ER,190,95,190,190,0.297052204950084,0.204475642736727
periodic,10,41003,ER,192,96,192,192,0.29759646264257,0.20481072132762
periodic,10,41003,ER,194,97,194,194,0.29813801089649,0.205145280323265
periodic,10,41003,ER,196,98,196,196,0.298677231818949,0.205479273664121
periodic,10,41003,ER,198,99,198,198,0.299214425663083,0.205812371423063
periodic,10,41003,ER,200,100,200,200,0.299749775312014,0.206143964598753
periodic,10,41003,RAAR,0,0,0,0,0.655475183732924,0.250364933641618
periodic,10,41003,RAAR,2,1,2,2,0.224582366705576,0.186295233278345
periodic,10,41003,RAAR,4,2,4,4,0.250108780049463,0.189440701946773
periodic,10,41003,RAAR,6,3,6,6,0.274617156041855,0.200839688457614
periodic,10,41003,RAAR,8,4,8,8,0.30201241271116,0.221391183585985
periodic,10,41003,RAAR,10,5,10,10,0.329956828742862,0.241066061160438
periodic,10,41003,RAAR,12,6,12,12,0.353236823050535,0.257707164945835
periodic,10,41003,RAAR,14,7,14,14,0.366940638081953,0.272543355416515
periodic,10,41003,RAAR,16,8,16,16,0.375553600600497,0.282384505803678
periodic,10,41003,RAAR,18,9,18,18,0.383801267105,0.292245447963047
periodic,10,41003,RAAR,20,10,20,20,0.392312501241835,0.298439077150797
periodic,10,41003,RAAR,22,11,22,22,0.398839350428254,0.303302589543501
periodic,10,41003,RAAR,24,12,24,24,0.404722457893338,0.308291863808996
periodic,10,41003,RAAR,26,13,26,26,0.409611396299268,0.313176055727428
periodic,10,41003,RAAR,28,14,28,28,0.417604528820893,0.324349044991185
periodic,10,41003,RAAR,30,15,30,30,0.425059630632146,0.331298740436626
periodic,10,41003,RAAR,32,16,32,32,0.431699031272341,0.332745858873299
periodic,10,41003,RAAR,34,17,34,34,0.438221337253894,0.338474986704498
periodic,10,41003,RAAR,36,18,36,36,0.442681837358748,0.342729264919039
periodic,10,41003,RAAR,38,19,38,38,0.447666150208279,0.34780033516391
periodic,10,41003,RAAR,40,20,40,40,0.453261054054195,0.351946055179976
periodic,10,41003,RAAR,42,21,42,42,0.458296252831877,0.355080399414906
periodic,10,41003,RAAR,44,22,44,44,0.462353352629488,0.357602445975981
periodic,10,41003,RAAR,46,23,46,46,0.464662430143669,0.361070403758451
periodic,10,41003,RAAR,48,24,48,48,0.467225430106011,0.365484981899094
periodic,10,41003,RAAR,50,25,50,50,0.469525144452245,0.37229445820274
periodic,10,41003,RAAR,52,26,52,52,0.472403711706133,0.371265386648787
periodic,10,41003,RAAR,54,27,54,54,0.47497647742856,0.375939576089118
periodic,10,41003,RAAR,56,28,56,56,0.478226413631318,0.377590568061355
periodic,10,41003,RAAR,58,29,58,58,0.481002922197847,0.383789433295663
periodic,10,41003,RAAR,60,30,60,60,0.483335330505672,0.381635513918568
periodic,10,41003,RAAR,62,31,62,62,0.485694692854141,0.386777894736335
periodic,10,41003,RAAR,64,32,64,64,0.490061992945983,0.393528430176025
periodic,10,41003,RAAR,66,33,66,66,0.492839411127978,0.399024712466641
periodic,10,41003,RAAR,68,34,68,68,0.497059630225621,0.403707355362213
periodic,10,41003,RAAR,70,35,70,70,0.499282057921535,0.404729866586559
periodic,10,41003,RAAR,72,36,72,72,0.502370191760537,0.414920031798694
periodic,10,41003,RAAR,74,37,74,74,0.504334860236775,0.42269935723183
periodic,10,41003,RAAR,76,38,76,76,0.508228325595898,0.42796719421055
periodic,10,41003,RAAR,78,39,78,78,0.511351345788508,0.435116115244097
periodic,10,41003,RAAR,80,40,80,80,0.513115518581277,0.435312350735883
periodic,10,41003,RAAR,82,41,82,82,0.516828921300678,0.44272990547006
periodic,10,41003,RAAR,84,42,84,84,0.520349251797755,0.437224136274927
periodic,10,41003,RAAR,86,43,86,86,0.523275411168937,0.438965227816844
periodic,10,41003,RAAR,88,44,88,88,0.5278219853546,0.437732908515844
periodic,10,41003,RAAR,90,45,90,90,0.532881675792646,0.442665224330959
periodic,10,41003,RAAR,92,46,92,92,0.536920389622902,0.443026744127732
periodic,10,41003,RAAR,94,47,94,94,0.538905983536809,0.447258710171291
periodic,10,41003,RAAR,96,48,96,96,0.54130865550522,0.445056035742115
periodic,10,41003,RAAR,98,49,98,98,0.542243743204053,0.451227588571454
periodic,10,41003,RAAR,100,50,100,100,0.543683666686155,0.447086526689933
periodic,10,41003,RAAR,102,51,102,102,0.545497359916696,0.452251909631981
periodic,10,41003,RAAR,104,52,104,104,0.548787618986017,0.450121227711
periodic,10,41003,RAAR,106,53,106,106,0.551052968617134,0.452667914741382
periodic,10,41003,RAAR,108,54,108,108,0.554038549047728,0.447128484762259
periodic,10,41003,RAAR,110,55,110,110,0.554530973128019,0.453365519623504
periodic,10,41003,RAAR,112,56,112,112,0.554427014761994,0.454428184257533
periodic,10,41003,RAAR,114,57,114,114,0.55440795823152,0.454961336717032
periodic,10,41003,RAAR,116,58,116,116,0.552957292410699,0.452787803297062
periodic,10,41003,RAAR,118,59,118,118,0.552371122552492,0.453767648312905
periodic,10,41003,RAAR,120,60,120,120,0.55293965751783,0.453873248835186
periodic,10,41003,RAAR,122,61,122,122,0.555101376832905,0.460010213339006
periodic,10,41003,RAAR,124,62,124,124,0.55662484380051,0.459341385687169
periodic,10,41003,RAAR,126,63,126,126,0.557479088963277,0.460353186398757
periodic,10,41003,RAAR,128,64,128,128,0.560052046433549,0.460385809365776
periodic,10,41003,RAAR,130,65,130,130,0.56076731106677,0.462683965060188
periodic,10,41003,RAAR,132,66,132,132,0.563914268521738,0.467042858056095
periodic,10,41003,RAAR,134,67,134,134,0.566277834960727,0.468245204191135
periodic,10,41003,RAAR,136,68,136,136,0.567089801666991,0.467365054802059
periodic,10,41003,RAAR,138,69,138,138,0.569390199458984,0.469059772217179
periodic,10,41003,RAAR,140,70,140,140,0.570639584253665,0.469505574391595
periodic,10,41003,RAAR,142,71,142,142,0.570712745024996,0.473426336290185
periodic,10,41003,RAAR,144,72,144,144,0.571415515004425,0.469821657618337
periodic,10,41003,RAAR,146,73,146,146,0.570859810447431,0.476074739722988
periodic,10,41003,RAAR,148,74,148,148,0.574164973574241,0.475377734365966
periodic,10,41003,RAAR,150,75,150,150,0.57553232771023,0.480143014105389
periodic,10,41003,RAAR,152,76,152,152,0.578073523871236,0.484300842550294
periodic,10,41003,RAAR,154,77,154,154,0.581322472662438,0.483888083550482
periodic,10,41003,RAAR,156,78,156,156,0.582866154206661,0.479878812208438
periodic,10,41003,RAAR,158,79,158,158,0.58403949452019,0.480415600405326
periodic,10,41003,RAAR,160,80,160,160,0.586091347166033,0.475921075311827
periodic,10,41003,RAAR,162,81,162,162,0.586797784611234,0.480051983027258
periodic,10,41003,RAAR,164,82,164,164,0.588105106688187,0.480104258160902
periodic,10,41003,RAAR,166,83,166,166,0.587613858953117,0.478941569758913
periodic,10,41003,RAAR,168,84,168,168,0.589317778909429,0.481356517639809
periodic,10,41003,RAAR,170,85,170,170,0.591114394393382,0.481953217255226
periodic,10,41003,RAAR,172,86,172,172,0.592108099961679,0.487794082753632
periodic,10,41003,RAAR,174,87,174,174,0.592368736832779,0.492241123619428
periodic,10,41003,RAAR,176,88,176,176,0.594922439084261,0.495754729206479
periodic,10,41003,RAAR,178,89,178,178,0.598167718695839,0.502340894010755
periodic,10,41003,RAAR,180,90,180,180,0.600211969504437,0.503449250034541
periodic,10,41003,RAAR,182,91,182,182,0.602100314037568,0.503203739385189
periodic,10,41003,RAAR,184,92,184,184,0.604657180498658,0.506082339999459
periodic,10,41003,RAAR,186,93,186,186,0.604972283422456,0.504337702221986
periodic,10,41003,RAAR,188,94,188,188,0.60573014937608,0.503704178974886
periodic,10,41003,RAAR,190,95,190,190,0.607276168049542,0.509865044009077
periodic,10,41003,RAAR,192,96,192,192,0.608089131901345,0.518027819742053
periodic,10,41003,RAAR,194,97,194,194,0.607786243734121,0.51711927162839
periodic,10,41003,RAAR,196,98,196,196,0.608892384700903,0.520540410860314
periodic,10,41003,RAAR,198,99,198,198,0.609055887266167,0.520410900622598
periodic,10,41003,RAAR,200,100,200,200,0.610604563465574,0.524050939561686
periodic,10,41003,LBFGS,0,0,0,0,0.655475183732924,0.250364933641618
periodic,10,41003,LBFGS,2,0,2,2,0.655475183732924,0.250364933641618
periodic,10,41003,LBFGS,4,1,4,4,0.224582366705576,0.186295233278345
periodic,10,41003,LBFGS,6,2,6,6,0.22044082065791,0.177950457748168
periodic,10,41003,LBFGS,8,3,8,8,0.228346602238706,0.174664565166402
periodic,10,41003,LBFGS,10,4,10,10,0.228021813131934,0.173189313901701
periodic,10,41003,LBFGS,12,5,12,12,0.23098961507024,0.172774901897251
periodic,10,41003,LBFGS,14,6,14,14,0.23753957248913,0.173762763033153
periodic,10,41003,LBFGS,16,7,16,16,0.244834884312839,0.175662435011919
periodic,10,41003,LBFGS,18,8,18,18,0.252022696846092,0.178263228292387
periodic,10,41003,LBFGS,20,9,20,20,0.257872201892277,0.181212154425589
periodic,10,41003,LBFGS,22,10,22,22,0.265821957718435,0.185738721088494
periodic,10,41003,LBFGS,24,11,24,24,0.267867102394249,0.187349675644858
periodic,10,41003,LBFGS,26,12,26,26,0.283853598886068,0.195943887116953
periodic,10,41003,LBFGS,28,13,28,28,0.275836574626463,0.191337012875395
periodic,10,41003,LBFGS,30,14,30,30,0.278506583484949,0.192911295255417
periodic,10,41003,LBFGS,32,15,32,32,0.284764308497324,0.196225937838706
periodic,10,41003,LBFGS,34,16,34,34,0.294781489969809,0.201821151910708
periodic,10,41003,LBFGS,36,17,36,36,0.29873645643446,0.204357001138479
periodic,10,41003,LBFGS,38,18,38,38,0.308552504370645,0.210893287640459
periodic,10,41003,LBFGS,40,19,40,40,0.306075591994284,0.210507347022717
periodic,10,41003,LBFGS,42,20,42,42,0.312073918573082,0.214348034562472
periodic,10,41003,LBFGS,44,21,44,44,0.317640165797667,0.218117017279919
periodic,10,41003,LBFGS,46,22,46,46,0.322261566011508,0.221679392570106
periodic,10,41003,LBFGS,48,23,48,48,0.329955190488763,0.227761896814581
periodic,10,41003,LBFGS,50,24,50,50,0.327461831200701,0.226760946765454
periodic,10,41003,LBFGS,52,25,52,52,0.334063376516708,0.232357176909509
periodic,10,41003,LBFGS,54,26,54,54,0.335594893858695,0.233520402008337
periodic,10,41003,LBFGS,56,27,56,56,0.343681356490911,0.240255215104266
periodic,10,41003,LBFGS,58,28,58,58,0.34488394833805,0.2415069826462
periodic,10,41003,LBFGS,60,29,60,60,0.350074349354962,0.246253871349817
periodic,10,41003,LBFGS,62,30,62,62,0.356635308133747,0.252172402212255
periodic,10,41003,LBFGS,64,31,64,64,0.359587010621035,0.255040011156316
periodic,10,41003,LBFGS,66,31,66,64,0.359587010621035,0.255040011156316
periodic,10,41003,LBFGS,68,32,68,68,0.366331872139821,0.261094849668652
periodic,10,41003,LBFGS,70,33,70,70,0.369164883164504,0.264138326849067
periodic,10,41003,LBFGS,72,34,72,72,0.371983778373116,0.266792645964123
periodic,10,41003,LBFGS,74,35,74,74,0.376133908232953,0.270688452621362
periodic,10,41003,LBFGS,76,36,76,76,0.381052463931505,0.275371483506049
periodic,10,41003,LBFGS,78,37,78,78,0.388242971572882,0.281835026693091
periodic,10,41003,LBFGS,80,38,80,80,0.385345863563678,0.279053951229668
periodic,10,41003,LBFGS,82,39,82,82,0.390129573047881,0.283378015580955
periodic,10,41003,LBFGS,84,40,84,84,0.39254204491117,0.285406720084152
periodic,10,41003,LBFGS,86,41,86,86,0.40084366705675,0.292444449838553
periodic,10,41003,LBFGS,88,42,88,88,0.404536743277118,0.295574522535676
periodic,10,41003,LBFGS,90,43,90,90,0.410629509748424,0.300779375390303
periodic,10,41003,LBFGS,92,44,92,92,0.414956512754599,0.304844899866327
periodic,10,41003,LBFGS,94,45,94,94,0.426382747555256,0.314938910519349
periodic,10,41003,LBFGS,96,46,96,96,0.423414551227096,0.312932719962178
periodic,10,41003,LBFGS,98,47,98,98,0.424436590038592,0.313788003668798
periodic,10,41003,LBFGS,100,48,100,100,0.430344498552719,0.319113800341648
periodic,10,41003,LBFGS,102,49,102,102,0.436351464564101,0.324561222342876
periodic,10,41003,LBFGS,104,50,104,104,0.439394587504664,0.327224308663178
periodic,10,41003,LBFGS,106,51,106,106,0.444933328829184,0.332113408475441
periodic,10,41003,LBFGS,108,52,108,108,0.445569337640095,0.332623727898403
periodic,10,41003,LBFGS,110,53,110,110,0.455972565866406,0.341584445524836
periodic,10,41003,LBFGS,112,54,112,112,0.455454426704121,0.341084623324043
periodic,10,41003,LBFGS,114,55,114,114,0.459592080701233,0.344596145100981
periodic,10,41003,LBFGS,116,56,116,116,0.46595804854339,0.350120953582913
periodic,10,41003,LBFGS,118,57,118,118,0.47321850955217,0.356690563367627
periodic,10,41003,LBFGS,120,58,120,120,0.469478592109086,0.35317609367502
periodic,10,41003,LBFGS,122,59,122,122,0.476970621736444,0.360471574311943
periodic,10,41003,LBFGS,124,60,124,124,0.476929595815532,0.360397089695035
periodic,10,41003,LBFGS,126,61,126,126,0.480518980603237,0.364335174105287
periodic,10,41003,LBFGS,128,62,128,128,0.482941561378288,0.367549446465066
periodic,10,41003,LBFGS,130,63,130,130,0.489160533425789,0.376571110424748
periodic,10,41003,LBFGS,132,64,132,132,0.493755886391575,0.381350617066743
periodic,10,41003,LBFGS,134,65,134,134,0.497872944480563,0.384809913891561
periodic,10,41003,LBFGS,136,66,136,136,0.497498744356899,0.384491538229524
periodic,10,41003,LBFGS,138,67,138,138,0.506113729487032,0.392820543712859
periodic,10,41003,LBFGS,140,68,140,140,0.50284103989359,0.389740843879523
periodic,10,41003,LBFGS,142,69,142,142,0.503129731096477,0.390240870702663
periodic,10,41003,LBFGS,144,70,144,144,0.506879646349918,0.394342333518936
periodic,10,41003,LBFGS,146,71,146,146,0.50742314859468,0.394986170464324
periodic,10,41003,LBFGS,148,72,148,148,0.509662006416415,0.397513510716058
periodic,10,41003,LBFGS,150,73,150,150,0.513428856067312,0.401863143751729
periodic,10,41003,LBFGS,152,74,152,152,0.51523664098817,0.404434269108725
periodic,10,41003,LBFGS,154,75,154,154,0.518434918946604,0.408444616239261
periodic,10,41003,LBFGS,156,76,156,156,0.517653916865343,0.40795798607728
periodic,10,41003,LBFGS,158,77,158,158,0.522702672724961,0.414502701692848
periodic,10,41003,LBFGS,160,78,160,160,0.521906905651569,0.413310606055076
periodic,10,41003,LBFGS,162,79,162,162,0.52288400560764,0.414523369719216
periodic,10,41003,LBFGS,164,80,164,164,0.523735925496068,0.415555185946063
periodic,10,41003,LBFGS,166,81,166,166,0.526964885974494,0.419705158119858
periodic,10,41003,LBFGS,168,82,168,168,0.530508713805831,0.424254079823793
periodic,10,41003,LBFGS,170,83,170,170,0.534777049739922,0.42942046183175
periodic,10,41003,LBFGS,172,84,172,172,0.535666410551837,0.430542791746176
periodic,10,41003,LBFGS,174,85,174,174,0.539969915153224,0.435254229013739
periodic,10,41003,LBFGS,176,86,176,176,0.540160712316894,0.435402151967935
periodic,10,41003,LBFGS,178,87,178,178,0.54421170281482,0.439615268158812
periodic,10,41003,LBFGS,180,88,180,180,0.545831826692339,0.44189284601749
periodic,10,41003,LBFGS,182,89,182,182,0.550061726566898,0.447037699580294
periodic,10,41003,LBFGS,184,90,184,184,0.554276212508261,0.452160724933524
periodic,10,41003,LBFGS,186,91,186,186,0.560528230813326,0.459415321729037
periodic,10,41003,LBFGS,188,92,188,188,0.558438554954945,0.457588629295459
periodic,10,41003,LBFGS,190,93,190,190,0.560680400625867,0.460157593043001
periodic,10,41003,LBFGS,192,94,192,192,0.562914975963096,0.462786813595943
periodic,10,41003,LBFGS,194,95,194,194,0.565554626526851,0.466115531941542
periodic,10,41003,LBFGS,196,96,196,196,0.567064063301469,0.468264091441001
periodic,10,41003,LBFGS,198,97,198,198,0.571142230610732,0.473307729478322
periodic,10,41003,LBFGS,200,98,200,200,0.571930126364485,0.474461738534451
aperiodic,1,41001,HIO,0,0,0,0,0.673865672403492,0.258357426288318
aperiodic,1,41001,HIO,2,1,2,2,0.332390897417058,0.260555911437454
aperiodic,1,41001,HIO,4,2,4,4,0.385483440840878,0.293222289373877
aperiodic,1,41001,HIO,6,3,6,6,0.460455693232793,0.357513097411216
aperiodic,1,41001,HIO,8,4,8,8,0.545072332595525,0.440359757909921
aperiodic,1,41001,HIO,10,5,10,10,0.628677087540144,0.534593760024829
aperiodic,1,41001,HIO,12,6,12,12,0.707310709782785,0.624030377904776
aperiodic,1,41001,HIO,14,7,14,14,0.776478060607223,0.730116203543379
aperiodic,1,41001,HIO,16,8,16,16,0.840588553308617,0.842285819550249
aperiodic,1,41001,HIO,18,9,18,18,0.898344666521989,0.949791051950317
aperiodic,1,41001,HIO,20,10,20,20,0.951433199859597,1.04998912215939
aperiodic,1,41001,HIO,22,11,22,22,0.996908932024196,1.14489924823103
aperiodic,1,41001,HIO,24,12,24,24,1.03959400343058,1.2336899973109
aperiodic,1,41001,HIO,26,13,26,26,1.07802531903136,1.30235710932404
aperiodic,1,41001,HIO,28,14,28,28,1.11494665032729,1.37189372719891
aperiodic,1,41001,HIO,30,15,30,30,1.14757331871878,1.44007413472068
aperiodic,1,41001,HIO,32,16,32,32,1.1798812904131,1.51572626809067
aperiodic,1,41001,HIO,34,17,34,34,1.2082167698439,1.590620543681
aperiodic,1,41001,HIO,36,18,36,36,1.23275298268673,1.65943192166089
aperiodic,1,41001,HIO,38,19,38,38,1.25425352705901,1.69795615490301
aperiodic,1,41001,HIO,40,20,40,40,1.27098137221911,1.73082278318911
aperiodic,1,41001,HIO,42,21,42,42,1.28519431437657,1.75913777390059
aperiodic,1,41001,HIO,44,22,44,44,1.30168293624078,1.78590990293414
aperiodic,1,41001,HIO,46,23,46,46,1.3110454995551,1.79475758103849
aperiodic,1,41001,HIO,48,24,48,48,1.29672805666153,1.74986231145207
aperiodic,1,41001,HIO,50,25,50,50,1.28402199202531,1.72254260651231
aperiodic,1,41001,HIO,52,26,52,52,1.2763721828616,1.71234172010747
aperiodic,1,41001,HIO,54,27,54,54,1.26930189198559,1.6988078997275
aperiodic,1,41001,HIO,56,28,56,56,1.26774490008777,1.69990986406441
aperiodic,1,41001,HIO,58,29,58,58,1.26746182641478,1.7026498987105
aperiodic,1,41001,HIO,60,30,60,60,1.26719533925575,1.69546916668089
aperiodic,1,41001,HIO,62,31,62,62,1.26966356563442,1.69445388245659
aperiodic,1,41001,HIO,64,32,64,64,1.27305414489502,1.69876805792708
aperiodic,1,41001,HIO,66,33,66,66,1.27510056032829,1.70117660770468
aperiodic,1,41001,HIO,68,34,68,68,1.27461716054829,1.7005928506321
aperiodic,1,41001,HIO,70,35,70,70,1.27321654892052,1.69596340864353
aperiodic,1,41001,HIO,72,36,72,72,1.27318797747993,1.70194457810358
aperiodic,1,41001,HIO,74,37,74,74,1.27357545656688,1.70753036641002
aperiodic,1,41001,HIO,76,38,76,76,1.27096403722635,1.71317435317293
aperiodic,1,41001,HIO,78,39,78,78,1.26584530658709,1.70617953950384
aperiodic,1,41001,HIO,80,40,80,80,1.26228206828173,1.6901755159168
aperiodic,1,41001,HIO,82,41,82,82,1.26240660555179,1.68132739379416
aperiodic,1,41001,HIO,84,42,84,84,1.26498564127583,1.67750861111975
aperiodic,1,41001,HIO,86,43,86,86,1.26802717695807,1.67970966876767
aperiodic,1,41001,HIO,88,44,88,88,1.26772682931875,1.67869175222441
aperiodic,1,41001,HIO,90,45,90,90,1.26644982512528,1.68331603332314
aperiodic,1,41001,HIO,92,46,92,92,1.26673972345092,1.68423701657655
aperiodic,1,41001,HIO,94,47,94,94,1.26776993302966,1.69413345416931
aperiodic,1,41001,HIO,96,48,96,96,1.27177260137114,1.70089886573291
aperiodic,1,41001,HIO,98,49,98,98,1.27558610924934,1.7170466164358
aperiodic,1,41001,HIO,100,50,100,100,1.2784488885261,1.72182475179681
aperiodic,1,41001,HIO,102,51,102,102,1.28104850607713,1.71573984678789
aperiodic,1,41001,HIO,104,52,104,104,1.28200645032211,1.71144344859146
aperiodic,1,41001,HIO,106,53,106,106,1.28386593982849,1.71148078625311
aperiodic,1,41001,HIO,108,54,108,108,1.28364235524775,1.71677000171705
aperiodic,1,41001,HIO,110,55,110,110,1.28358220687972,1.71302801799221
aperiodic,1,41001,HIO,112,56,112,112,1.28413522989025,1.72288772395482
aperiodic,1,41001,HIO,114,57,114,114,1.28130115198834,1.72088991157663
aperiodic,1,41001,HIO,116,58,116,116,1.28040398667565,1.72950409005592
aperiodic,1,41001,HIO,118,59,118,118,1.27943065397358,1.73074633294258
aperiodic,1,41001,HIO,120,60,120,120,1.27853526181812,1.73459918169354
aperiodic,1,41001,HIO,122,61,122,122,1.27819014749964,1.7380557413399
aperiodic,1,41001,HIO,124,62,124,124,1.27760415745773,1.73022435218554
aperiodic,1,41001,HIO,126,63,126,126,1.27551807651134,1.71704329231859
aperiodic,1,41001,HIO,128,64,128,128,1.27558249685247,1.73065297119553
aperiodic,1,41001,HIO,130,65,130,130,1.27763585084006,1.73942156727392
aperiodic,1,41001,HIO,132,66,132,132,1.28100746120958,1.72917935340832
aperiodic,1,41001,HIO,134,67,134,134,1.28376674973955,1.73329507105604
aperiodic,1,41001,HIO,136,68,136,136,1.28572061471033,1.73983258463023
aperiodic,1,41001,HIO,138,69,138,138,1.28655514962205,1.75344705254439
aperiodic,1,41001,HIO,140,70,140,140,1.28650526236475,1.75006166946208
aperiodic,1,41001,HIO,142,71,142,142,1.28785490867688,1.75361523862761
aperiodic,1,41001,HIO,144,72,144,144,1.28946633732379,1.74775070694328
aperiodic,1,41001,HIO,146,73,146,146,1.29191731196694,1.7559072830187
aperiodic,1,41001,HIO,148,74,148,148,1.29505285424308,1.77287952487513
aperiodic,1,41001,HIO,150,75,150,150,1.29605441059659,1.76955539895135
aperiodic,1,41001,HIO,152,76,152,152,1.29664061838204,1.76143370135553
aperiodic,1,41001,HIO,154,77,154,154,1.29411941890168,1.75884596625062
aperiodic,1,41001,HIO,156,78,156,156,1.29523371332072,1.7604688756818
aperiodic,1,41001,HIO,158,79,158,158,1.29817832284429,1.77375316649958
aperiodic,1,41001,HIO,160,80,160,160,1.30187740770808,1.78796490491431
aperiodic,1,41001,HIO,162,81,162,162,1.30662787526538,1.78866354334037
aperiodic,1,41001,HIO,164,82,164,164,1.31001899504598,1.78716942873299
aperiodic,1,41001,HIO,166,83,166,166,1.30943450260693,1.78201242783255
aperiodic,1,41001,HIO,168,84,168,168,1.30831667500087,1.7775861445794
aperiodic,1,41001,HIO,170,85,170,170,1.31036057632195,1.78326043453121
aperiodic,1,41001,HIO,172,86,172,172,1.31355696865816,1.80735778577571
aperiodic,1,41001,HIO,174,87,174,174,1.31522235824324,1.79688516414258
aperiodic,1,41001,HIO,176,88,176,176,1.30908539492261,1.78393518935643
aperiodic,1,41001,HIO,178,89,178,178,1.30347617680335,1.7760197390315
aperiodic,1,41001,HIO,180,90,180,180,1.29875878226885,1.77303762515883
aperiodic,1,41001,HIO,182,91,182,182,1.29566512821435,1.76268433639235
aperiodic,1,41001,HIO,184,92,184,184,1.29389323557227,1.75964032177611
aperiodic,1,41001,HIO,186,93,186,186,1.29364180905296,1.76372875217552
aperiodic,1,41001,HIO,188,94,188,188,1.29477660186892,1.76437079777535
aperiodic,1,41001,HIO,190,95,190,190,1.2968652650162,1.75258470122124
aperiodic,1,41001,HIO,192,96,192,192,1.29648603180519,1.75036011314089
aperiodic,1,41001,HIO,194,97,194,194,1.29731885356905,1.74462897837267
aperiodic,1,41001,HIO,196,98,196,196,1.29565614893619,1.7609453398555
aperiodic,1,41001,HIO,198,99,198,198,1.29587135963972,1.76549080034273
aperiodic,1,41001,HIO,200,100,200,200,1.29700070569894,1.77555965849487
aperiodic,1,41001,ER,0,0,0,0,0.673865672403492,0.258357426288318
aperiodic,1,41001,ER,2,1,2,2,0.332390897417058,0.260555911437454
aperiodic,1,41001,ER,4,2,4,4,0.354327829210382,0.271362218214668
aperiodic,1,41001,ER,6,3,6,6,0.372428759311376,0.283912361951803
aperiodic,1,41001,ER,8,4,8,8,0.386670735568361,0.295636429564017
aperiodic,1,41001,ER,10,5,10,10,0.39851951346641,0.305834539279853
aperiodic,1,41001,ER,12,6,12,12,0.408864039066924,0.314422341722463
aperiodic,1,41001,ER,14,7,14,14,0.418265535867734,0.321832097320409
aperiodic,1,41001,ER,16,8,16,16,0.427047575193456,0.32858300833588
aperiodic,1,41001,ER,18,9,18,18,0.435336632946628,0.334908039002052
aperiodic,1,41001,ER,20,10,20,20,0.443234503320822,0.343317065106764
aperiodic,1,41001,ER,22,11,22,22,0.450775887454717,0.350356979303566
aperiodic,1,41001,ER,24,12,24,24,0.457997915306986,0.35602531229559
aperiodic,1,41001,ER,26,13,26,26,0.464960365334295,0.361589331509368
aperiodic,1,41001,ER,28,14,28,28,0.471694538787409,0.367095472630568
aperiodic,1,41001,ER,30,15,30,30,0.478201966062302,0.372453705892318
aperiodic,1,41001,ER,32,16,32,32,0.484493658290603,0.377644525826286
aperiodic,1,41001,ER,34,17,34,34,0.490593985420889,0.382541618483905
aperiodic,1,41001,ER,36,18,36,36,0.496530078424678,0.38731114537594
aperiodic,1,41001,ER,38,19,38,38,0.502319058026089,0.391959147222301
aperiodic,1,41001,ER,40,20,40,40,0.507952605332344,0.396406486112161
aperiodic,1,41001,ER,42,21,42,42,0.51342512298391,0.400638075740329
aperiodic,1,41001,ER,44,22,44,44,0.518733116635492,0.404713688868619
aperiodic,1,41001,ER,46,23,46,46,0.523864913879333,0.408696721818142
aperiodic,1,41001,ER,48,24,48,48,0.528823213961242,0.412685263643343
aperiodic,1,41001,ER,50,25,50,50,0.533617989169326,0.416947773212003
aperiodic,1,41001,ER,52,26,52,52,0.538243353425726,0.421540993262935
aperiodic,1,41001,ER,54,27,54,54,0.542688580094813,0.425760332494318
aperiodic,1,41001,ER,56,28,56,56,0.546955273398751,0.429519168834693
aperiodic,1,41001,ER,58,29,58,58,0.551053408117043,0.432986202423927
aperiodic,1,41001,ER,60,30,60,60,0.554993808467233,0.436281873463298
aperiodic,1,41001,ER,62,31,62,62,0.558787925140807,0.439509883339244
aperiodic,1,41001,ER,64,32,64,64,0.562448777710759,0.442712477685525
aperiodic,1,41001,ER,66,33,66,66,0.565989816143704,0.445779961299068
aperiodic,1,41001,ER,68,34,68,68,0.569422782008111,0.448782816402119
aperiodic,1,41001,ER,70,35,70,70,0.572756090536588,0.451677840846437
aperiodic,1,41001,ER,72,36,72,72,0.575994727461332,0.45447133991187
aperiodic,1,41001,ER,74,37,74,74,0.579142101065131,0.457181296582946
aperiodic,1,41001,ER,76,38,76,76,0.582202842534404,0.459823720131122
aperiodic,1,41001,ER,78,39,78,78,0.585185451117319,0.462410579088165
aperiodic,1,41001,ER,80,40,80,80,0.588108106867209,0.464954032760133
aperiodic,1,41001,ER,82,41,82,82,0.591004381386166,0.467504005481667
aperiodic,1,41001,ER,84,42,84,84,0.593875328383407,0.470136872026075
aperiodic,1,41001,ER,86,43,86,86,0.596692794554912,0.472822949072612
aperiodic,1,41001,ER,88,44,88,88,0.599441069653445,0.475497391035719
aperiodic,1,41001,ER,90,45,90,90,0.602124038990438,0.478133644059756
aperiodic,1,41001,ER,92,46,92,92,0.604751402432953,0.480733916861837
aperiodic,1,41001,ER,94,47,94,94,0.607331305047457,0.483311081582449
aperiodic,1,41001,ER,96,48,96,96,0.609869376776463,0.485878854962261
aperiodic,1,41001,ER,98,49,98,98,0.612370337155961,0.488448859132349
aperiodic,1,41001,ER,100,50,100,100,0.61483899347983,0.491029971978401
aperiodic,1,41001,ER,102,51,102,102,0.617273298313591,0.493615410446601
aperiodic,1,41001,ER,104,52,104,104,0.619658653257542,0.496165903737118
aperiodic,1,41001,ER,106,53,106,106,0.62198749238308,0.498640971136236
aperiodic,1,41001,ER,108,54,108,108,0.624266817302645,0.501032905099727
aperiodic,1,41001,ER,110,55,110,110,0.62650833847723,0.503357052350917
aperiodic,1,41001,ER,112,56,112,112,0.628721397189128,0.505633120724394
aperiodic,1,41001,ER,114,57,114,114,0.630908934467664,0.507646509219797
aperiodic,1,41001,ER,116,58,116,116,0.633068247597576,0.509629305005853
aperiodic,1,41001,ER,118,59,118,118,0.635195367757747,0.511603882515896
aperiodic,1,41001,ER,120,60,120,120,0.637286856350913,0.513578071669727
aperiodic,1,41001,ER,122,61,122,122,0.639339025070132,0.515554822023531
aperiodic,1,41001,ER,124,62,124,124,0.641348229267896,0.517534626996753
aperiodic,1,41001,ER,126,63,126,126,0.64331317517595,0.519516399710393
aperiodic,1,41001,ER,128,64,128,128,0.645235794682325,0.521497813852021
aperiodic,1,41001,ER,130,65,130,130,0.647119788766062,0.523475748768434
aperiodic,1,41001,ER,132,66,132,132,0.648969114547691,0.525446876734891
aperiodic,1,41001,ER,134,67,134,134,0.650787301372577,0.527408111875233
aperiodic,1,41001,ER,136,68,136,136,0.652577201236495,0.529356859778374
aperiodic,1,41001,ER,138,69,138,138,0.654340828922056,0.531291309152171
aperiodic,1,41001,ER,140,70,140,140,0.65607944883126,0.533211071884528
aperiodic,1,41001,ER,142,71,142,142,0.657794107926599,0.535038710647579
aperiodic,1,41001,ER,144,72,144,144,0.659485928449065,0.536786952511375
aperiodic,1,41001,ER,146,73,146,146,0.661156172106783,0.538521326319927
aperiodic,1,41001,ER,148,74,148,148,0.662806690153075,0.540249473534785
aperiodic,1,41001,ER,150,75,150,150,0.664440181481453,0.541993708935659
aperiodic,1,41001,ER,152,76,152,152,0.666060070925529,0.543910634879341
aperiodic,1,41001,ER,154,77,154,154,0.667670316292675,0.546376415659633
aperiodic,1,41001,ER,156,78,156,156,0.66927510240271,0.548697817078294
aperiodic,1,41001,ER,158,79,158,158,0.670877723297925,0.550792138654263
aperiodic,1,41001,ER,160,80,160,160,0.672477487156,0.552833658354889
aperiodic,1,41001,ER,162,81,162,162,0.674066935620876,0.554875113757762
aperiodic,1,41001,ER,164,82,164,164,0.675636575857318,0.556929492245092
aperiodic,1,41001,ER,166,83,166,166,0.677182470118267,0.559014271928282
aperiodic,1,41001,ER,168,84,168,168,0.678705428636579,0.561145906072658
aperiodic,1,41001,ER,170,85,170,170,0.680206561585118,0.563182488045595
aperiodic,1,41001,ER,172,86,172,172,0.681685850689754,0.565192093332501
aperiodic,1,41001,ER,174,87,174,174,0.683142406902732,0.567148051039631
aperiodic,1,41001,ER,176,88,176,176,0.684574709691207,0.569048074473537
aperiodic,1,41001,ER,178,89,178,178,0.685981487823825,0.57090431458715
aperiodic,1,41001,ER,180,90,180,180,0.68736273119084,0.572727204912573
aperiodic,1,41001,ER,182,91,182,182,0.688719565933252,0.574521387629282
aperiodic,1,41001,ER,184,92,184,184,0.69005352382478,0.576287693874056
aperiodic,1,41001,ER,186,93,186,186,0.691366233764821,0.578025589072802
aperiodic,1,41001,ER,188,94,188,188,0.692659498313028,0.579734554222479
aperiodic,1,41001,ER,190,95,190,190,0.693935090812362,0.581414595123366
aperiodic,1,41001,ER,192,96,192,192,0.695194049256574,0.583066572787316
aperiodic,1,41001,ER,194,97,194,194,0.696436438870093,0.584692992466288
aperiodic,1,41001,ER,196,98,196,196,0.697662158032548,0.586298742528025
aperiodic,1,41001,ER,198,99,198,198,0.698871719321138,0.58789097580599
aperiodic,1,41001,ER,200,100,200,200,0.700066256193568,0.58947864998772
aperiodic,1,41001,RAAR,0,0,0,0,0.673865672403492,0.258357426288318
aperiodic,1,41001,RAAR,2,1,2,2,0.332390897417058,0.260555911437454
aperiodic,1,41001,RAAR,4,2,4,4,0.543959060514664,0.444197637971341
aperiodic,1,41001,RAAR,6,3,6,6,0.653544498286899,0.569860733080861
aperiodic,1,41001,RAAR,8,4,8,8,0.759968480152387,0.769960109644504
aperiodic,1,41001,RAAR,10,5,10,10,0.84565021995523,0.945585025760803
aperiodic,1,41001,RAAR,12,6,12,12,0.905395861422159,1.04926835431665
aperiodic,1,41001,RAAR,14,7,14,14,0.927711955264584,1.08391888878543
aperiodic,1,41001,RAAR,16,8,16,16,0.93996559130939,1.12253645726928
aperiodic,1,41001,RAAR,18,9,18,18,0.948722308211956,1.15476602753686
aperiodic,1,41001,RAAR,20,10,20,20,0.964041738376593,1.18996525527223
aperiodic,1,41001,RAAR,22,11,22,22,0.971028090940229,1.20229865495956
aperiodic,1,41001,RAAR,24,12,24,24,0.979232094755254,1.20592036760572
aperiodic,1,41001,RAAR,26,13,26,26,0.981420205101349,1.2105548072269
aperiodic,1,41001,RAAR,28,14,28,28,0.981915108437339,1.20404355797159
aperiodic,1,41001,RAAR,30,15,30,30,0.985414907678728,1.18710119127996
aperiodic,1,41001,RAAR,32,16,32,32,0.990695646382129,1.19880119769835
aperiodic,1,41001,RAAR,34,17,34,34,1.00157620691803,1.2257460608514
aperiodic,1,41001,RAAR,36,18,36,36,1.01650456467049,1.26078227413443
aperiodic,1,41001,RAAR,38,19,38,38,1.02439368940647,1.28660846046607
aperiodic,1,41001,RAAR,40,20,40,40,1.02931636380525,1.30356152414809
aperiodic,1,41001,RAAR,42,21,42,42,1.02999653065154,1.29903309438999
aperiodic,1,41001,RAAR,44,22,44,44,1.03960669632648,1.33443504732808
aperiodic,1,41001,RAAR,46,23,46,46,1.044458573693,1.36202417472395
aperiodic,1,41001,RAAR,48,24,48,48,1.05164293121809,1.37202880325318
aperiodic,1,41001,RAAR,50,25,50,50,1.05017338223564,1.3599157458736
aperiodic,1,41001,RAAR,52,26,52,52,1.04717023159593,1.34841187476666
aperiodic,1,41001,RAAR,54,27,54,54,1.0424356201403,1.34048945824094
aperiodic,1,41001,RAAR,56,28,56,56,1.04300604347781,1.33867279776131
aperiodic,1,41001,RAAR,58,29,58,58,1.04406600979271,1.35130104903727
aperiodic,1,41001,RAAR,60,30,60,60,1.04567170597555,1.36182287159748
aperiodic,1,41001,RAAR,62,31,62,62,1.05182214390178,1.37038472812374
aperiodic,1,41001,RAAR,64,32,64,64,1.05481148015116,1.37688846321602
aperiodic,1,41001,RAAR,66,33,66,66,1.05927376951714,1.38717086005314
aperiodic,1,41001,RAAR,68,34,68,68,1.05847870559409,1.38283426205085
aperiodic,1,41001,RAAR,70,35,70,70,1.06256328703467,1.40144082063804
aperiodic,1,41001,RAAR,72,36,72,72,1.06467026041912,1.41807405062046
aperiodic,1,41001,RAAR,74,37,74,74,1.07053349042769,1.41926447014832
aperiodic,1,41001,RAAR,76,38,76,76,1.08020086941185,1.43883102832707
aperiodic,1,41001,RAAR,78,39,78,78,1.0819660665399,1.43079367966372
aperiodic,1,41001,RAAR,80,40,80,80,1.08185475685601,1.42502197171003
aperiodic,1,41001,RAAR,82,41,82,82,1.0867490076769,1.44678696213417
aperiodic,1,41001,RAAR,84,42,84,84,1.09266517072438,1.4708905581527
aperiodic,1,41001,RAAR,86,43,86,86,1.09751275093768,1.49309691739125
aperiodic,1,41001,RAAR,88,44,88,88,1.10451158622543,1.50815061375664
aperiodic,1,41001,RAAR,90,45,90,90,1.10932714660323,1.51579905518668
aperiodic,1,41001,RAAR,92,46,92,92,1.11234953399742,1.52867747252082
aperiodic,1,41001,RAAR,94,47,94,94,1.11197517605903,1.54018229101777
aperiodic,1,41001,RAAR,96,48,96,96,1.1091994605678,1.53737934688267
aperiodic,1,41001,RAAR,98,49,98,98,1.11051870242156,1.53778725946145
aperiodic,1,41001,RAAR,100,50,100,100,1.11614152856224,1.52576744584599
aperiodic,1,41001,RAAR,102,51,102,102,1.10874822289748,1.5131779463992
aperiodic,1,41001,RAAR,104,52,104,104,1.10362498761885,1.48060752727185
aperiodic,1,41001,RAAR,106,53,106,106,1.09747886977367,1.45269679812372
aperiodic,1,41001,RAAR,108,54,108,108,1.09035034844668,1.42947490976494
aperiodic,1,41001,RAAR,110,55,110,110,1.09025516429163,1.42765266890254
aperiodic,1,41001,RAAR,112,56,112,112,1.08947313616106,1.4378228533532
aperiodic,1,41001,RAAR,114,57,114,114,1.09032043950817,1.44795564455216
aperiodic,1,41001,RAAR,116,58,116,116,1.09614227497178,1.47489180658213
aperiodic,1,41001,RAAR,118,59,118,118,1.09910336751029,1.48804294681472
aperiodic,1,41001,RAAR,120,60,120,120,1.10432584079309,1.49515288298746
aperiodic,1,41001,RAAR,122,61,122,122,1.10878841687494,1.50036196108571
aperiodic,1,41001,RAAR,124,62,124,124,1.11279712556864,1.48490160311467
aperiodic,1,41001,RAAR,126,63,126,126,1.1136943123908,1.48206188850838
aperiodic,1,41001,RAAR,128,64,128,128,1.11301931496958,1.46738493515586
aperiodic,1,41001,RAAR,130,65,130,130,1.10813875894363,1.46610564247732
aperiodic,1,41001,RAAR,132,66,132,132,1.10550266548228,1.45848013881811
aperiodic,1,41001,RAAR,134,67,134,134,1.10297398350874,1.46677655648425
aperiodic,1,41001,RAAR,136,68,136,136,1.10107126148432,1.4653889438552
aperiodic,1,41001,RAAR,138,69,138,138,1.10100505739292,1.48705285453678
aperiodic,1,41001,RAAR,140,70,140,140,1.10216923054854,1.49488168007477
aperiodic,1,41001,RAAR,142,71,142,142,1.10969669835821,1.52089006874387
aperiodic,1,41001,RAAR,144,72,144,144,1.11378538122389,1.53955772188536
aperiodic,1,41001,RAAR,146,73,146,146,1.11041709112194,1.52189128797457
aperiodic,1,41001,RAAR,148,74,148,148,1.11297398557286,1.51063203047272
aperiodic,1,41001,RAAR,150,75,150,150,1.11335129726344,1.51866652290583
aperiodic,1,41001,RAAR,152,76,152,152,1.11734967704198,1.52556164822332
aperiodic,1,41001,RAAR,154,77,154,154,1.12204066704921,1.53303945941311
aperiodic,1,41001,RAAR,156,78,156,156,1.12875350514565,1.55318199000476
aperiodic,1,41001,RAAR,158,79,158,158,1.12816147045844,1.55852570864251
aperiodic,1,41001,RAAR,160,80,160,160,1.12746345627284,1.55915605897991
aperiodic,1,41001,RAAR,162,81,162,162,1.1266026294942,1.56887305932086
aperiodic,1,41001,RAAR,164,82,164,164,1.11915884546077,1.5490220975469
aperiodic,1,41001,RAAR,166,83,166,166,1.11728001493261,1.54066282511802
aperiodic,1,41001,RAAR,168,84,168,168,1.11541470987541,1.52649633183637
aperiodic,1,41001,RAAR,170,85,170,170,1.11558218511442,1.52547113413059
aperiodic,1,41001,RAAR,172,86,172,172,1.1163242439779,1.52963973889893
aperiodic,1,41001,RAAR,174,87,174,174,1.11688109416121,1.52731825822844
aperiodic,1,41001,RAAR,176,88,176,176,1.11137465661742,1.5057520473647
aperiodic,1,41001,RAAR,178,89,178,178,1.10660921820339,1.48382798049081
aperiodic,1,41001,RAAR,180,90,180,180,1.10185845610351,1.47482907605656
aperiodic,1,41001,RAAR,182,91,182,182,1.09366704977959,1.46673197181139
aperiodic,1,41001,RAAR,184,92,184,184,1.09025730179552,1.46952090928733
aperiodic,1,41001,RAAR,186,93,186,186,1.09460678149267,1.47001319358673
aperiodic,1,41001,RAAR,188,94,188,188,1.09904746772111,1.4730892811667
aperiodic,1,41001,RAAR,190,95,190,190,1.10291002228962,1.48632373489292
aperiodic,1,41001,RAAR,192,96,192,192,1.1034428245025,1.50329656674876
aperiodic,1,41001,RAAR,194,97,194,194,1.10413957387017,1.48902337212865
aperiodic,1,41001,RAAR,196,98,196,196,1.10533571197685,1.49599495773936
aperiodic,1,41001,RAAR,198,99,198,198,1.10395446667844,1.5121517236388
aperiodic,1,41001,RAAR,200,100,200,200,1.105707699309,1.49906635363255
aperiodic,1,41001,LBFGS,0,0,0,0,0.673865672403492,0.258357426288318
aperiodic,1,41001,LBFGS,2,0,2,2,0.673865672403492,0.258357426288318
aperiodic,1,41001,LBFGS,4,1,4,4,0.332390897417058,0.260555911437454
aperiodic,1,41001,LBFGS,6,2,6,6,0.359036687335766,0.27411099772081
aperiodic,1,41001,LBFGS,8,3,8,8,0.43061497230112,0.331528777430644
aperiodic,1,41001,LBFGS,10,4,10,10,0.432194284862261,0.336008472546081
aperiodic,1,41001,LBFGS,12,5,12,12,0.462750214732711,0.366683565037986
aperiodic,1,41001,LBFGS,14,6,14,14,0.501262181443286,0.399496428189879
aperiodic,1,41001,LBFGS,16,7,16,16,0.522233284731309,0.415420672381841
aperiodic,1,41001,LBFGS,18,8,18,18,0.564968771731561,0.454789169246403
aperiodic,1,41001,LBFGS,20,9,20,20,0.555869082127013,0.442599642052725
aperiodic,1,41001,LBFGS,22,10,22,22,0.586017614378819,0.470924459121738
aperiodic,1,41001,LBFGS,24,11,24,24,0.592744477239789,0.478355164643134
aperiodic,1,41001,LBFGS,26,12,26,26,0.620708049340513,0.505640736973768
aperiodic,1,41001,LBFGS,28,13,28,28,0.618839945068348,0.500107764192193
aperiodic,1,41001,LBFGS,30,14,30,30,0.631689038303591,0.509859784098882
aperiodic,1,41001,LBFGS,32,15,32,32,0.654779961241615,0.530814159395542
aperiodic,1,41001,LBFGS,34,16,34,34,0.671177579501859,0.546272240898857
aperiodic,1,41001,LBFGS,36,17,36,36,0.705819471912054,0.579866855912901
aperiodic,1,41001,LBFGS,38,18,38,38,0.684356938670334,0.560323255473228
aperiodic,1,41001,LBFGS,40,19,40,40,0.689852520638255,0.566047592803378
aperiodic,1,41001,LBFGS,42,20,42,42,0.704967981608763,0.582619015886196
aperiodic,1,41001,LBFGS,44,21,44,44,0.713097882455729,0.594217947332286
aperiodic,1,41001,LBFGS,46,22,46,46,0.723305105517374,0.607371430502111
aperiodic,1,41001,LBFGS,48,23,48,48,0.73448398786477,0.622445654318711
aperiodic,1,41001,LBFGS,50,24,50,50,0.750501418499526,0.648737882931685
aperiodic,1,41001,LBFGS,52,25,52,52,0.74706596504667,0.651611502141866
aperiodic,1,41001,LBFGS,54,26,54,54,0.759987894957899,0.667048434218514
aperiodic,1,41001,LBFGS,56,27,56,56,0.759079632316878,0.665428679138919
aperiodic,1,41001,LBFGS,58,28,58,58,0.768954304940001,0.67744830376386
aperiodic,1,41001,LBFGS,60,29,60,60,0.76986229935352,0.67923773120603
aperiodic,1,41001,LBFGS,62,30,62,62,0.776406876498445,0.689831340380992
aperiodic,1,41001,LBFGS,64,31,64,64,0.782997007906483,0.702303898903389
aperiodic,1,41001,LBFGS,66,32,66,66,0.793809118873528,0.720123039339667
aperiodic,1,41001,LBFGS,68,32,68,66,0.793809118873528,0.720123039339667
aperiodic,1,41001,LBFGS,70,33,70,70,0.796244860845522,0.724311561611308
aperiodic,1,41001,LBFGS,72,34,72,72,0.808299606536578,0.741232691068796
aperiodic,1,41001,LBFGS,74,35,74,74,0.805470998738305,0.737294361221164
aperiodic,1,41001,LBFGS,76,36,76,76,0.809852045633565,0.744496940976912
aperiodic,1,41001,LBFGS,78,37,78,78,0.81563647782083,0.753301836546287
aperiodic,1,41001,LBFGS,80,38,80,80,0.822669875265547,0.763631213858336
aperiodic,1,41001,LBFGS,82,39,82,82,0.827794784664744,0.768088849752242
aperiodic,1,41001,LBFGS,84,40,84,84,0.841328467571199,0.784719821508881
aperiodic,1,41001,LBFGS,86,41,86,86,0.832682617219761,0.775455917893667
aperiodic,1,41001,LBFGS,88,42,88,88,0.836219238619468,0.779951692361611
aperiodic,1,41001,LBFGS,90,43,90,90,0.840388770771075,0.78578754519266
aperiodic,1,41001,LBFGS,92,44,92,92,0.844103202769682,0.792018299184101
aperiodic,1,41001,LBFGS,94,45,94,94,0.848190828568772,0.799540246811589
aperiodic,1,41001,LBFGS,96,46,96,96,0.853544411407126,0.81224846479996
aperiodic,1,41001,LBFGS,98,47,98,98,0.854998417344683,0.818859734723733
aperiodic,1,41001,LBFGS,100,48,100,100,0.858930361194174,0.828359888205747
aperiodic,1,41001,LBFGS,102,49,102,102,0.866128292672099,0.841630883447427
aperiodic,1,41001,LBFGS,104,50,104,104,0.871254675571218,0.84762484859365
aperiodic,1,41001,LBFGS,106,51,106,106,0.864605500356848,0.837444718448768
aperiodic,1,41001,LBFGS,108,52,108,108,0.870419152370082,0.848624591202715
aperiodic,1,41001,LBFGS,110,53,110,110,0.876245213814219,0.85859098276871
aperiodic,1,41001,LBFGS,112,54,112,112,0.877745910038692,0.861435732138404
aperiodic,1,41001,LBFGS,114,55,114,114,0.881895983256913,0.867780430335096
aperiodic,1,41001,LBFGS,116,56,116,116,0.882364626749289,0.869020968734208
aperiodic,1,41001,LBFGS,118,57,118,118,0.886342841449939,0.876816307974157
aperiodic,1,41001,LBFGS,120,58,120,120,0.888836314317209,0.88276032146726
aperiodic,1,41001,LBFGS,122,59,122,122,0.891307135555757,0.888175551281008
aperiodic,1,41001,LBFGS,124,60,124,124,0.890213819711776,0.890109914089278
aperiodic,1,41001,LBFGS,126,61,126,126,0.893644986478357,0.896490399019674
aperiodic,1,41001,LBFGS,128,62,128,128,0.893318355553018,0.896454895912332
aperiodic,1,41001,LBFGS,130,63,130,130,0.895402573924143,0.902027277619455
aperiodic,1,41001,LBFGS,132,64,132,132,0.899412030765778,0.913327786338764
aperiodic,1,41001,LBFGS,134,65,134,134,0.904060245223147,0.925783595327765
aperiodic,1,41001,LBFGS,136,66,136,136,0.902497698807936,0.924922126097478
aperiodic,1,41001,LBFGS,138,67,138,138,0.907974012424384,0.931496338994472
aperiodic,1,41001,LBFGS,140,68,140,140,0.906393332529503,0.928882476506334
aperiodic,1,41001,LBFGS,142,69,142,142,0.906479704335463,0.928780424984931
aperiodic,1,41001,LBFGS,144,70,144,144,0.908253510361462,0.932293992889065
aperiodic,1,41001,LBFGS,146,71,146,146,0.909108108687808,0.934977084949062
aperiodic,1,41001,LBFGS,148,72,148,148,0.909977528894756,0.937302767017851
aperiodic,1,41001,LBFGS,150,73,150,150,0.911088650595469,0.940884109299555
aperiodic,1,41001,LBFGS,152,74,152,152,0.912436531831272,0.945033853917326
aperiodic,1,41001,LBFGS,154,75,154,154,0.912973445033544,0.94652820853902
aperiodic,1,41001,LBFGS,156,76,156,156,0.915092696817013,0.950422064746103
aperiodic,1,41001,LBFGS,158,77,158,158,0.914139088108767,0.949291644474938
aperiodic,1,41001,LBFGS,160,78,160,160,0.91502024480693,0.951673843063809
aperiodic,1,41001,LBFGS,162,79,162,162,0.916368903552874,0.954948939582454
aperiodic,1,41001,LBFGS,164,80,164,164,0.917270542685326,0.957332879435049
aperiodic,1,41001,LBFGS,166,81,166,166,0.919263930005767,0.962534700524425
aperiodic,1,41001,LBFGS,168,82,168,168,0.920215078414011,0.965543547613035
aperiodic,1,41001,LBFGS,170,83,170,170,0.920081406086104,0.965427579937406
aperiodic,1,41001,LBFGS,172,83,172,170,0.920081406086104,0.965427579937406
aperiodic,1,41001,LBFGS,174,84,174,174,0.922537382329,0.97075937589676
aperiodic,1,41001,LBFGS,176,85,176,176,0.92275301028468,0.971337483118989
aperiodic,1,41001,LBFGS,178,86,178,178,0.924426500630982,0.975032990698728
aperiodic,1,41001,LBFGS,180,87,180,180,0.926614524702565,0.977406976062191
aperiodic,1,41001,LBFGS,182,88,182,182,0.92752510820631,0.978052592853367
aperiodic,1,41001,LBFGS,184,89,184,184,0.930369248527744,0.981499192136145
aperiodic,1,41001,LBFGS,186,90,186,186,0.928692920707,0.978234230378093
aperiodic,1,41001,LBFGS,188,91,188,188,0.929432648355087,0.97934523640107
aperiodic,1,41001,LBFGS,190,92,190,190,0.931124234415925,0.981839659245835
aperiodic,1,41001,LBFGS,192,93,192,192,0.931542081404655,0.982170345303163
aperiodic,1,41001,LBFGS,194,94,194,194,0.932939578177878,0.983872988479504
aperiodic,1,41001,LBFGS,196,95,196,196,0.933205704423746,0.984523520615881
aperiodic,1,41001,LBFGS,198,96,198,198,0.934111832231638,0.986171171521625
aperiodic,1,41001,LBFGS,200,97,200,200,0.936321306615859,0.990276388458568
aperiodic,1,41002,HIO,0,0,0,0,0.673865672403492,0.258357426288318
aperiodic,1,41002,HIO,2,1,2,2,0.332598139818552,0.259146784734839
aperiodic,1,41002,HIO,4,2,4,4,0.385336956890396,0.290136467350839
aperiodic,1,41002,HIO,6,3,6,6,0.46228042097832,0.354529566660298
aperiodic,1,41002,HIO,8,4,8,8,0.546868861710889,0.437008701288222
aperiodic,1,41002,HIO,10,5,10,10,0.626587193171191,0.526681327436479
aperiodic,1,41002,HIO,12,6,12,12,0.699388879582969,0.612744033914637
aperiodic,1,41002,HIO,14,7,14,14,0.769166483898511,0.724347842563888
aperiodic,1,41002,HIO,16,8,16,16,0.833991222562894,0.83399228501152
aperiodic,1,41002,HIO,18,9,18,18,0.894431059294955,0.946294727553259
aperiodic,1,41002,HIO,20,10,20,20,0.950989795598831,1.04872773280229
aperiodic,1,41002,HIO,22,11,22,22,1.00322963967238,1.1454639932186
aperiodic,1,41002,HIO,24,12,24,24,1.05262953599845,1.23827647379561
aperiodic,1,41002,HIO,26,13,26,26,1.09658024200193,1.33461098690502
aperiodic,1,41002,HIO,28,14,28,28,1.13348167793809,1.40656270282884
aperiodic,1,41002,HIO,30,15,30,30,1.16139077542838,1.45555803376249
aperiodic,1,41002,HIO,32,16,32,32,1.18332457897518,1.4927733339598
aperiodic,1,41002,HIO,34,17,34,34,1.20076494419175,1.5353632090756
aperiodic,1,41002,HIO,36,18,36,36,1.21498646267868,1.57869897256351
aperiodic,1,41002,HIO,38,19,38,38,1.22720878301719,1.61828994506261
aperiodic,1,41002,HIO,40,20,40,40,1.23934242838021,1.65375159027827
aperiodic,1,41002,HIO,42,21,42,42,1.25147930512251,1.69467881844349
aperiodic,1,41002,HIO,44,22,44,44,1.26330729751228,1.72790976881952
aperiodic,1,41002,HIO,46,23,46,46,1.27543963982893,1.746810896651
aperiodic,1,41002,HIO,48,24,48,48,1.28497044071684,1.76287175273603
aperiodic,1,41002,HIO,50,25,50,50,1.28918011735221,1.76181838370427
aperiodic,1,41002,HIO,52,26,52,52,1.2853445569929,1.73390230150944
aperiodic,1,41002,HIO,54,27,54,54,1.28116282538927,1.71247738407721
aperiodic,1,41002,HIO,56,28,56,56,1.27424329190573,1.69845422157193
aperiodic,1,41002,HIO,58,29,58,58,1.26712643190147,1.67923988154895
aperiodic,1,41002,HIO,60,30,60,60,1.26094603223751,1.66140877730044
aperiodic,1,41002,HIO,62,31,62,62,1.25786630282145,1.65567346007011
aperiodic,1,41002,HIO,64,32,64,64,1.25710264823791,1.65463284974288
aperiodic,1,41002,HIO,66,33,66,66,1.25839806298496,1.66420068591357
aperiodic,1,41002,HIO,68,34,68,68,1.25864279519049,1.6588584958321
aperiodic,1,41002,HIO,70,35,70,70,1.25883007501674,1.64238124101358
aperiodic,1,41002,HIO,72,36,72,72,1.25748046201707,1.62859040217835
aperiodic,1,41002,HIO,74,37,74,74,1.25855309377876,1.63552626755379
aperiodic,1,41002,HIO,76,38,76,76,1.2629029281117,1.64566010111337
aperiodic,1,41002,HIO,78,39,78,78,1.26949022126518,1.670767734589
aperiodic,1,41002,HIO,80,40,80,80,1.27847475640201,1.70072908896259
aperiodic,1,41002,HIO,82,41,82,82,1.28363752960244,1.71258079639451
aperiodic,1,41002,HIO,84,42,84,84,1.28405038362503,1.71724579538579
aperiodic,1,41002,HIO,86,43,86,86,1.2828817690672,1.721234321269
aperiodic,1,41002,HIO,88,44,88,88,1.28178877805517,1.71448201090961
aperiodic,1,41002,HIO,90,45,90,90,1.28652683847225,1.72896581582483
aperiodic,1,41002,HIO,92,46,92,92,1.29199086532105,1.74852747086044
aperiodic,1,41002,HIO,94,47,94,94,1.29496845860881,1.76308591200163
aperiodic,1,41002,HIO,96,48,96,96,1.29893869900169,1.77275033269272
aperiodic,1,41002,HIO,98,49,98,98,1.30263840876754,1.78323005401536
aperiodic,1,41002,HIO,100,50,100,100,1.30691509151408,1.80111552505636
aperiodic,1,41002,HIO,102,51,102,102,1.31000160217965,1.81592184804164
aperiodic,1,41002,HIO,104,52,104,104,1.3084015274192,1.78937988107226
aperiodic,1,41002,HIO,106,53,106,106,1.30112959254274,1.773850734868
aperiodic,1,41002,HIO,108,54,108,108,1.2951659173775,1.77171918403286
aperiodic,1,41002,HIO,110,55,110,110,1.29199921079098,1.77243487614472
aperiodic,1,41002,HIO,112,56,112,112,1.29031181954527,1.76443971469468
aperiodic,1,41002,HIO,114,57,114,114,1.28813775981932,1.76023466604393
aperiodic,1,41002,HIO,116,58,116,116,1.28455936009334,1.75344356120957
aperiodic,1,41002,HIO,118,59,118,118,1.28267361589568,1.74589302583849
aperiodic,1,41002,HIO,120,60,120,120,1.28098279492974,1.73098691581992
aperiodic,1,41002,HIO,122,61,122,122,1.27693902397985,1.71945374198969
aperiodic,1,41002,HIO,124,62,124,124,1.27002295976844,1.70164790846037
aperiodic,1,41002,HIO,126,63,126,126,1.26281370236904,1.67754921611965
aperiodic,1,41002,HIO,128,64,128,128,1.25965810501481,1.67440078776343
aperiodic,1,41002,HIO,130,65,130,130,1.25745693965428,1.65980867718797
aperiodic,1,41002,HIO,132,66,132,132,1.25597031978183,1.65597218570781
aperiodic,1,41002,HIO,134,67,134,134,1.25587378210076,1.65688208541434
aperiodic,1,41002,HIO,136,68,136,136,1.2584789031418,1.67855729331011
aperiodic,1,41002,HIO,138,69,138,138,1.26022610621708,1.69394569560782
aperiodic,1,41002,HIO,140,70,140,140,1.26175535233005,1.70252971270597
aperiodic,1,41002,HIO,142,71,142,142,1.2662422897889,1.70989179563134
aperiodic,1,41002,HIO,144,72,144,144,1.26853481035473,1.70572122500396
aperiodic,1,41002,HIO,146,73,146,146,1.2707713322358,1.69098034736269
aperiodic,1,41002,HIO,148,74,148,148,1.27291346226283,1.68998176756316
aperiodic,1,41002,HIO,150,75,150,150,1.27680288359108,1.70255580828427
aperiodic,1,41002,HIO,152,76,152,152,1.2765009497289,1.70717624529168
aperiodic,1,41002,HIO,154,77,154,154,1.27768167375468,1.72023180854362
aperiodic,1,41002,HIO,156,78,156,156,1.27894969185716,1.72690326089378
aperiodic,1,41002,HIO,158,79,158,158,1.27970100814621,1.72480143283493
aperiodic,1,41002,HIO,160,80,160,160,1.27971542443432,1.72151199121504
aperiodic,1,41002,HIO,162,81,162,162,1.27884706427573,1.72154727408896
aperiodic,1,41002,HIO,164,82,164,164,1.27976449031745,1.73365043291561
aperiodic,1,41002,HIO,166,83,166,166,1.28150800686946,1.73116969368858
aperiodic,1,41002,HIO,168,84,168,168,1.28392946132964,1.73598091839292
aperiodic,1,41002,HIO,170,85,170,170,1.28406374052022,1.7271188806735
aperiodic,1,41002,HIO,172,86,172,172,1.28324619042486,1.71833252312736
aperiodic,1,41002,HIO,174,87,174,174,1.28173729723308,1.71666909851297
aperiodic,1,41002,HIO,176,88,176,176,1.27694455698462,1.71906411353218
aperiodic,1,41002,HIO,178,89,178,178,1.26781503398226,1.70228983116082
aperiodic,1,41002,HIO,180,90,180,180,1.26517418548821,1.69773856825563
aperiodic,1,41002,HIO,182,91,182,182,1.26681184246711,1.70997037439419
aperiodic,1,41002,HIO,184,92,184,184,1.26883959227814,1.70356049615473
aperiodic,1,41002,HIO,186,93,186,186,1.27370291285597,1.71606540995645
aperiodic,1,41002,HIO,188,94,188,188,1.27572690712442,1.71741344095172
aperiodic,1,41002,HIO,190,95,190,190,1.27834991617875,1.71770723817722
aperiodic,1,41002,HIO,192,96,192,192,1.28179216116329,1.72982916718816
aperiodic,1,41002,HIO,194,97,194,194,1.28748940540163,1.74797052946057
aperiodic,1,41002,HIO,196,98,196,196,1.2942179179751,1.77132343108484
aperiodic,1,41002,HIO,198,99,198,198,1.29970421196447,1.78533776772294
aperiodic,1,41002,HIO,200,100,200,200,1.3040044687309,1.78441708628396
aperiodic,1,41002,ER,0,0,0,0,0.673865672403492,0.258357426288318
aperiodic,1,41002,ER,2,1,2,2,0.332598139818552,0.259146784734839
aperiodic,1,41002,ER,4,2,4,4,0.354032175605727,0.268986256040893
aperiodic,1,41002,ER,6,3,6,6,0.371820511147639,0.279825805441598
aperiodic,1,41002,ER,8,4,8,8,0.386537829592483,0.289340596268042
aperiodic,1,41002,ER,10,5,10,10,0.399137023789402,0.298007898372747
aperiodic,1,41002,ER,12,6,12,12,0.410277763753556,0.306135318170442
aperiodic,1,41002,ER,14,7,14,14,0.420408639100504,0.313871731970386
aperiodic,1,41002,ER,16,8,16,16,0.429839467051354,0.32130299297303
aperiodic,1,41002,ER,18,9,18,18,0.438690164585213,0.328405857443849
aperiodic,1,41002,ER,20,10,20,20,0.447045301238473,0.335192799458861
aperiodic,1,41002,ER,22,11,22,22,0.454962337642954,0.341726413394544
aperiodic,1,41002,ER,24,12,24,24,0.462490990959858,0.348119798783666
aperiodic,1,41002,ER,26,13,26,26,0.469676201834191,0.354433583543259
aperiodic,1,41002,ER,28,14,28,28,0.476548755284717,0.360588810224747
aperiodic,1,41002,ER,30,15,30,30,0.483123497388728,0.366755618683007
aperiodic,1,41002,ER,32,16,32,32,0.48942260425982,0.375451870260248
aperiodic,1,41002,ER,34,17,34,34,0.495469709853939,0.380376007293299
aperiodic,1,41002,ER,36,18,36,36,0.501281903532093,0.385689964261509
aperiodic,1,41002,ER,38,19,38,38,0.506866969895798,0.391000876692083
aperiodic,1,41002,ER,40,20,40,40,0.512229382560055,0.396064127869724
aperiodic,1,41002,ER,42,21,42,42,0.517378836586613,0.400827532751688
aperiodic,1,41002,ER,44,22,44,44,0.522331392632459,0.405325519415712
aperiodic,1,41002,ER,46,23,46,46,0.527105532626746,0.409602157340173
aperiodic,1,41002,ER,48,24,48,48,0.531718266648217,0.413608200288014
aperiodic,1,41002,ER,50,25,50,50,0.536184338629389,0.417372297779124
aperiodic,1,41002,ER,52,26,52,52,0.540517926893328,0.421052060641871
aperiodic,1,41002,ER,54,27,54,54,0.544731937971286,0.424691791047509
aperiodic,1,41002,ER,56,28,56,56,0.548836939264295,0.428411996635133
aperiodic,1,41002,ER,58,29,58,58,0.552842477126256,0.432440103813268
aperiodic,1,41002,ER,60,30,60,60,0.556758653995739,0.436627375498917
aperiodic,1,41002,ER,62,31,62,62,0.560596200687,0.440611662492712
aperiodic,1,41002,ER,64,32,64,64,0.564361707758955,0.444352981647079
aperiodic,1,41002,ER,66,33,66,66,0.56805432878288,0.447882924473161
aperiodic,1,41002,ER,68,34,68,68,0.57166797655695,0.451272280006338
aperiodic,1,41002,ER,70,35,70,70,0.575190573544928,0.454578981971113
aperiodic,1,41002,ER,72,36,72,72,0.578620732563474,0.457821317826124
aperiodic,1,41002,ER,74,37,74,74,0.58197046584838,0.461005495335435
aperiodic,1,41002,ER,76,38,76,76,0.585252127779748,0.46413856212886
aperiodic,1,41002,ER,78,39,78,78,0.588470232452459,0.467222393121966
aperiodic,1,41002,ER,80,40,80,80,0.591621670155583,0.47024550551377
aperiodic,1,41002,ER,82,41,82,82,0.594699797908358,0.473187078114422
aperiodic,1,41002,ER,84,42,84,84,0.597697286993492,0.476033135532286
aperiodic,1,41002,ER,86,43,86,86,0.600609333108204,0.478790065567822
aperiodic,1,41002,ER,88,44,88,88,0.60343688614806,0.481480752044847
aperiodic,1,41002,ER,90,45,90,90,0.606179105824232,0.484112673930088
aperiodic,1,41002,ER,92,46,92,92,0.608832071131496,0.486682328969293
aperiodic,1,41002,ER,94,47,94,94,0.611403898093426,0.48921962896882
aperiodic,1,41002,ER,96,48,96,96,0.613904106367265,0.491748128614665
aperiodic,1,41002,ER,98,49,98,98,0.616338292443333,0.494249814766419
aperiodic,1,41002,ER,100,50,100,100,0.618711231496044,0.496724747419413
aperiodic,1,41002,ER,102,51,102,102,0.621027095645135,0.499199231086296
aperiodic,1,41002,ER,104,52,104,104,0.623288404710572,0.501673082840653
aperiodic,1,41002,ER,106,53,106,106,0.625497172226866,0.504131531582128
aperiodic,1,41002,ER,108,54,108,108,0.627656257288197,0.506552864052226
aperiodic,1,41002,ER,110,55,110,110,0.629769120633285,0.508925042599994
aperiodic,1,41002,ER,112,56,112,112,0.631839144309581,0.511248632124303
aperiodic,1,41002,ER,114,57,114,114,0.633869426652794,0.513529734606377
aperiodic,1,41002,ER,116,58,116,116,0.635862781671936,0.515774244376087
aperiodic,1,41002,ER,118,59,118,118,0.637821522942433,0.517986483797533
aperiodic,1,41002,ER,120,60,120,120,0.639747241048613,0.520171209158992
aperiodic,1,41002,ER,122,61,122,122,0.641641286357088,0.522337464531057
aperiodic,1,41002,ER,124,62,124,124,0.643505902696656,0.524503529336386
aperiodic,1,41002,ER,126,63,126,126,0.645344946026924,0.52670698683754
aperiodic,1,41002,ER,128,64,128,128,0.647163694816471,0.52902159726884
aperiodic,1,41002,ER,130,65,130,130,0.648967739937405,0.531673408943054
aperiodic,1,41002,ER,132,66,132,132,0.650760339896505,0.534667975653255
aperiodic,1,41002,ER,134,67,134,134,0.652538989545095,0.53760666182465
aperiodic,1,41002,ER,136,68,136,136,0.654295276386015,0.540215643720105
aperiodic,1,41002,ER,138,69,138,138,0.656019142718203,0.541897458870455
aperiodic,1,41002,ER,140,70,140,140,0.657702701588292,0.543599091891332
aperiodic,1,41002,ER,142,71,142,142,0.659341422598776,0.545303472861165
aperiodic,1,41002,ER,144,72,144,144,0.660934139564527,0.546998979140078
aperiodic,1,41002,ER,146,73,146,146,0.662482533770589,0.548593260790482
aperiodic,1,41002,ER,148,74,148,148,0.663990048490656,0.550178266439971
aperiodic,1,41002,ER,150,75,150,150,0.665460789193507,0.551760298883664
aperiodic,1,41002,ER,152,76,152,152,0.666898903644454,0.553349302384919
aperiodic,1,41002,ER,154,77,154,154,0.668308391823619,0.555109666810297
aperiodic,1,41002,ER,156,78,156,156,0.669693085799393,0.557752323266379
aperiodic,1,41002,ER,158,79,158,158,0.671056578128655,0.559741249155017
aperiodic,1,41002,ER,160,80,160,160,0.672401950536338,0.561440949215076
aperiodic,1,41002,ER,162,81,162,162,0.673731311595783,0.563114574040865
aperiodic,1,41002,ER,164,82,164,164,0.675045463881698,0.564867672387514
aperiodic,1,41002,ER,166,83,166,166,0.676344052472148,0.566739757952625
aperiodic,1,41002,ER,168,84,168,168,0.677625945718038,0.568674711892722
aperiodic,1,41002,ER,170,85,170,170,0.67888951188135,0.570566279774948
aperiodic,1,41002,ER,172,86,172,172,0.680133140748374,0.57235708730394
aperiodic,1,41002,ER,174,87,174,174,0.681355967966603,0.574040905292788
aperiodic,1,41002,ER,176,88,176,176,0.682558093920209,0.57563101967792
aperiodic,1,41002,ER,178,89,178,178,0.683740220116925,0.577144572617934
aperiodic,1,41002,ER,180,90,180,180,0.684903186797141,0.578597684473286
aperiodic,1,41002,ER,182,91,182,182,0.686047694459585,0.580004220860294
aperiodic,1,41002,ER,184,92,184,184,0.687174221746883,0.581375678123183
aperiodic,1,41002,ER,186,93,186,186,0.688283076117237,0.582721550316906
aperiodic,1,41002,ER,188,94,188,188,0.689374511326103,0.584049957875503
aperiodic,1,41002,ER,190,95,190,190,0.690448843554841,0.585356799035797
aperiodic,1,41002,ER,192,96,192,192,0.69150650563177,0.586593168171398
aperiodic,1,41002,ER,194,97,194,194,0.692548013381854,0.587853186721415
aperiodic,1,41002,ER,196,98,196,196,0.693573872211708,0.589141117197625
aperiodic,1,41002,ER,198,99,198,198,0.694584505946535,0.590412506666461
aperiodic,1,41002,ER,200,100,200,200,0.69558029796611,0.591709243440037
aperiodic,1,41002,RAAR,0,0,0,0,0.673865672403492,0.258357426288318
aperiodic,1,41002,RAAR,2,1,2,2,0.332598139818552,0.259146784734839
aperiodic,1,41002,RAAR,4,2,4,4,0.543997359127324,0.440625508337867
aperiodic,1,41002,RAAR,6,3,6,6,0.650497454640511,0.563903971772355
aperiodic,1,41002,RAAR,8,4,8,8,0.747463577404469,0.751065419933794
aperiodic,1,41002,RAAR,10,5,10,10,0.837081814285701,0.919406361036522
aperiodic,1,41002,RAAR,12,6,12,12,0.905688797894855,1.05926131023395
aperiodic,1,41002,RAAR,14,7,14,14,0.934314704395225,1.1162078122216
aperiodic,1,41002,RAAR,16,8,16,16,0.944389807216457,1.13826399667109
aperiodic,1,41002,RAAR,18,9,18,18,0.951229425504823,1.14532835865672
aperiodic,1,41002,RAAR,20,10,20,20,0.952796957542049,1.13349272753393
aperiodic,1,41002,RAAR,22,11,22,22,0.954460711136511,1.11621722718566
aperiodic,1,41002,RAAR,24,12,24,24,0.958750632043136,1.12963116028591
aperiodic,1,41002,RAAR,26,13,26,26,0.971346563717178,1.17073143276771
aperiodic,1,41002,RAAR,28,14,28,28,0.980207120551325,1.17172212441519
aperiodic,1,41002,RAAR,30,15,30,30,0.977382689627358,1.16174575984487
aperiodic,1,41002,RAAR,32,16,32,32,0.979463999442356,1.20435959842225
aperiodic,1,41002,RAAR,34,17,34,34,0.984148932295016,1.21221652062601
aperiodic,1,41002,RAAR,36,18,36,36,0.992137331800822,1.22253091630118
aperiodic,1,41002,RAAR,38,19,38,38,0.996773866915236,1.22179868403353
aperiodic,1,41002,RAAR,40,20,40,40,1.00213462493681,1.22938096239459
aperiodic,1,41002,RAAR,42,21,42,42,1.00511566103088,1.24030589251978
aperiodic,1,41002,RAAR,44,22,44,44,1.0117189100407,1.24980614492133
aperiodic,1,41002,RAAR,46,23,46,46,1.01290192944068,1.25426992566055
aperiodic,1,41002,RAAR,48,24,48,48,1.01433787219932,1.26489672518633
aperiodic,1,41002,RAAR,50,25,50,50,1.01915573569413,1.2885456238348
aperiodic,1,41002,RAAR,52,26,52,52,1.02144721938109,1.29809837909621
aperiodic,1,41002,RAAR,54,27,54,54,1.02464129552127,1.29851057891873
aperiodic,1,41002,RAAR,56,28,56,56,1.02956317640691,1.31211357706772
aperiodic,1,41002,RAAR,58,29,58,58,1.03415552739258,1.34232456902001
aperiodic,1,41002,RAAR,60,30,60,60,1.03695930988945,1.34449424791922
aperiodic,1,41002,RAAR,62,31,62,62,1.03663750539114,1.35508066903184
aperiodic,1,41002,RAAR,64,32,64,64,1.03863933605653,1.36896407598652
aperiodic,1,41002,RAAR,66,33,66,66,1.04633316522034,1.38122431052254
aperiodic,1,41002,RAAR,68,34,68,68,1.05790279075023,1.38849842356379
aperiodic,1,41002,RAAR,70,35,70,70,1.06477596942417,1.40972445355424
aperiodic,1,41002,RAAR,72,36,72,72,1.06935076475752,1.42893657608048
aperiodic,1,41002,RAAR,74,37,74,74,1.07053674831681,1.4355840697876
aperiodic,1,41002,RAAR,76,38,76,76,1.07062554618601,1.4432937224738
aperiodic,1,41002,RAAR,78,39,78,78,1.07114559191147,1.43227908179591
aperiodic,1,41002,RAAR,80,40,80,80,1.06910714244739,1.42974222212107
aperiodic,1,41002,RAAR,82,41,82,82,1.06753950474137,1.43335853445272
aperiodic,1,41002,RAAR,84,42,84,84,1.0643325927162,1.42474273556599
aperiodic,1,41002,RAAR,86,43,86,86,1.07574076582086,1.43500197825698
aperiodic,1,41002,RAAR,88,44,88,88,1.08079239708713,1.4562675626562
aperiodic,1,41002,RAAR,90,45,90,90,1.08965039024262,1.47289493941854
aperiodic,1,41002,RAAR,92,46,92,92,1.0934249409144,1.47664638129789
aperiodic,1,41002,RAAR,94,47,94,94,1.09798254923933,1.47558027136384
aperiodic,1,41002,RAAR,96,48,96,96,1.0999128499551,1.46008679688915
aperiodic,1,41002,RAAR,98,49,98,98,1.0984567599192,1.45498859913195
aperiodic,1,41002,RAAR,100,50,100,100,1.09532272008722,1.44710625252454
aperiodic,1,41002,RAAR,102,51,102,102,1.09039252089413,1.45892224611512
aperiodic,1,41002,RAAR,104,52,104,104,1.08552985926377,1.44609182434974
aperiodic,1,41002,RAAR,106,53,106,106,1.08259369579889,1.43221767197774
aperiodic,1,41002,RAAR,108,54,108,108,1.07970437771389,1.4164207061032
aperiodic,1,41002,RAAR,110,55,110,110,1.07005450304015,1.40016218542172
aperiodic,1,41002,RAAR,112,56,112,112,1.06873721313692,1.40726487739469
aperiodic,1,41002,RAAR,114,57,114,114,1.06888093884564,1.38623487784537
aperiodic,1,41002,RAAR,116,58,116,116,1.07489893698631,1.40320001255473
aperiodic,1,41002,RAAR,118,59,118,118,1.08148337780402,1.40969258449056
aperiodic,1,41002,RAAR,120,60,120,120,1.08389536839709,1.41140665325863
aperiodic,1,41002,RAAR,122,61,122,122,1.08444899321143,1.40885791225932
aperiodic,1,41002,RAAR,124,62,124,124,1.08769220111064,1.433194516881
aperiodic,1,41002,RAAR,126,63,126,126,1.08784562869684,1.45012900109
aperiodic,1,41002,RAAR,128,64,128,128,1.08809366637839,1.44504124706578
aperiodic,1,41002,RAAR,130,65,130,130,1.09545321118741,1.46963042408843
aperiodic,1,41002,RAAR,132,66,132,132,1.10180885537749,1.47175623162867
aperiodic,1,41002,RAAR,134,67,134,134,1.10835051069107,1.4875922698543
aperiodic,1,41002,RAAR,136,68,136,136,1.11335713341458,1.51606089643587
aperiodic,1,41002,RAAR,138,69,138,138,1.11403752836833,1.51686400596355
aperiodic,1,41002,RAAR,140,70,140,140,1.11316747488541,1.51061426881979
aperiodic,1,41002,RAAR,142,71,142,142,1.11301373873048,1.52540291505399
aperiodic,1,41002,RAAR,144,72,144,144,1.10230909986245,1.5074584485795
aperiodic,1,41002,RAAR,146,73,146,146,1.09747734445713,1.49559542026607
aperiodic,1,41002,RAAR,148,74,148,148,1.09820785882482,1.51355441518133
aperiodic,1,41002,RAAR,150,75,150,150,1.10305867423483,1.50455040984184
aperiodic,1,41002,RAAR,152,76,152,152,1.10692148565991,1.51675311154408
aperiodic,1,41002,RAAR,154,77,154,154,1.10983583856995,1.52188210677149
aperiodic,1,41002,RAAR,156,78,156,156,1.11476967689331,1.53481892062136
aperiodic,1,41002,RAAR,158,79,158,158,1.11421939565615,1.54621756757187
aperiodic,1,41002,RAAR,160,80,160,160,1.11872312683235,1.54394496519989
aperiodic,1,41002,RAAR,162,81,162,162,1.12020318038038,1.54424578219158
aperiodic,1,41002,RAAR,164,82,164,164,1.12134890537084,1.54239473552527
aperiodic,1,41002,RAAR,166,83,166,166,1.12237333951775,1.53930163529296
aperiodic,1,41002,RAAR,168,84,168,168,1.12708291419957,1.54858723415161
aperiodic,1,41002,RAAR,170,85,170,170,1.1264735340395,1.54668329173311
aperiodic,1,41002,RAAR,172,86,172,172,1.12699104286244,1.55599410279273
aperiodic,1,41002,RAAR,174,87,174,174,1.13078473140635,1.56848820398778
aperiodic,1,41002,RAAR,176,88,176,176,1.12785990239427,1.57137907303753
aperiodic,1,41002,RAAR,178,89,178,178,1.12690382547125,1.56347789526371
aperiodic,1,41002,RAAR,180,90,180,180,1.12291420264947,1.54496923274509
aperiodic,1,41002,RAAR,182,91,182,182,1.12314185835783,1.53228789768007
aperiodic,1,41002,RAAR,184,92,184,184,1.12598577933898,1.54001160738292
aperiodic,1,41002,RAAR,186,93,186,186,1.1248848329103,1.53510088497671
aperiodic,1,41002,RAAR,188,94,188,188,1.1257808366768,1.51884857503265
aperiodic,1,41002,RAAR,190,95,190,190,1.12439124324109,1.51939366608266
aperiodic,1,41002,RAAR,192,96,192,192,1.1232995017161,1.52068565275324
aperiodic,1,41002,RAAR,194,97,194,194,1.11733156581722,1.51547219504737
aperiodic,1,41002,RAAR,196,98,196,196,1.11329535970334,1.50542165586759
aperiodic,1,41002,RAAR,198,99,198,198,1.10552504280885,1.48595531907883
aperiodic,1,41002,RAAR,200,100,200,200,1.10363484949696,1.47856508346609
aperiodic,1,41002,LBFGS,0,0,0,0,0.673865672403492,0.258357426288318
aperiodic,1,41002,LBFGS,2,0,2,2,0.673865672403492,0.258357426288318
aperiodic,1,41002,LBFGS,4,1,4,4,0.332598139818552,0.259146784734839
aperiodic,1,41002,LBFGS,6,2,6,6,0.358480995648545,0.271605967919487
aperiodic,1,41002,LBFGS,8,3,8,8,0.426707068233287,0.3171986409962
aperiodic,1,41002,LBFGS,10,4,10,10,0.440685498855627,0.329853161795969
aperiodic,1,41002,LBFGS,12,5,12,12,0.488875547322982,0.370543730962649
aperiodic,1,41002,LBFGS,14,6,14,14,0.498202080944679,0.38202375519238
aperiodic,1,41002,LBFGS,16,7,16,16,0.539609062525628,0.421736961001559
aperiodic,1,41002,LBFGS,18,8,18,18,0.547966928990444,0.43299216627257
aperiodic,1,41002,LBFGS,20,9,20,20,0.572747784596323,0.454311640044218
aperiodic,1,41002,LBFGS,22,10,22,22,0.579681946289404,0.461475746987494
aperiodic,1,41002,LBFGS,24,11,24,24,0.608797187555829,0.487694042482228
aperiodic,1,41002,LBFGS,26,12,26,26,0.608546085262961,0.487802756633188
aperiodic,1,41002,LBFGS,28,13,28,28,0.624084975593594,0.506867679796734
aperiodic,1,41002,LBFGS,30,14,30,30,0.630590679404493,0.513904667510611
aperiodic,1,41002,LBFGS,32,15,32,32,0.650899736000597,0.534202062573321
aperiodic,1,41002,LBFGS,34,16,34,34,0.661483705890998,0.547324245694563
aperiodic,1,41002,LBFGS,36,17,36,36,0.669775615613636,0.5572989270356
aperiodic,1,41002,LBFGS,38,18,38,38,0.683817087899978,0.574529499418488
aperiodic,1,41002,LBFGS,40,19,40,40,0.688913656290709,0.579060652204982
aperiodic,1,41002,LBFGS,42,20,42,42,0.711763714826183,0.606883984500015
aperiodic,1,41002,LBFGS,44,21,44,44,0.699580042233113,0.590521279958611
aperiodic,1,41002,LBFGS,46,22,46,46,0.705370966191485,0.597233977021134
aperiodic,1,41002,LBFGS,48,23,48,48,0.713718722238581,0.607912779534707
aperiodic,1,41002,LBFGS,50,24,50,50,0.723585817699984,0.621827600597817
aperiodic,1,41002,LBFGS,52,25,52,52,0.730622617717552,0.632002751251695
aperiodic,1,41002,LBFGS,54,26,54,54,0.744260279906894,0.652773033538297
aperiodic,1,41002,LBFGS,56,27,56,56,0.735304788709021,0.642211165926807
aperiodic,1,41002,LBFGS,58,28,58,58,0.744049368565926,0.651928319518506
aperiodic,1,41002,LBFGS,60,29,60,60,0.751345141209779,0.660690971014053
aperiodic,1,41002,LBFGS,62,30,62,62,0.755047995967018,0.664109073751708
aperiodic,1,41002,LBFGS,64,31,64,64,0.763340477330135,0.673215178784492
aperiodic,1,41002,LBFGS,66,32,66,66,0.764631398754158,0.676914535359719
aperiodic,1,41002,LBFGS,68,33,68,68,0.769332888149726,0.684201620684562
aperiodic,1,41002,LBFGS,70,34,70,70,0.775979116570717,0.693534922165928
aperiodic,1,41002,LBFGS,72,35,72,72,0.782204495294316,0.704583285587839
aperiodic,1,41002,LBFGS,74,36,74,74,0.796418143875676,0.725782767373857
aperiodic,1,41002,LBFGS,76,37,76,76,0.78622044591543,0.714323555501416
aperiodic,1,41002,LBFGS,78,38,78,78,0.788983568109133,0.717393098214559
aperiodic,1,41002,LBFGS,80,39,80,80,0.795599286929042,0.727394503225844
aperiodic,1,41002,LBFGS,82,40,82,82,0.802834251904295,0.739532534361174
aperiodic,1,41002,LBFGS,84,41,84,84,0.807136969310189,0.746733476069785
aperiodic,1,41002,LBFGS,86,42,86,86,0.814758748722212,0.758547912083478
aperiodic,1,41002,LBFGS,88,43,88,88,0.813227388786696,0.757288011458807
aperiodic,1,41002,LBFGS,90,44,90,90,0.823496761805337,0.77267649562935
aperiodic,1,41002,LBFGS,92,45,92,92,0.82295744358212,0.773187774652604
aperiodic,1,41002,LBFGS,94,46,94,94,0.827385752829214,0.780108494074964
aperiodic,1,41002,LBFGS,96,47,96,96,0.827376332870327,0.779834086980514
aperiodic,1,41002,LBFGS,98,48,98,98,0.833099862684649,0.787896857260041
aperiodic,1,41002,LBFGS,100,49,100,100,0.834313863916354,0.790355996408052
aperiodic,1,41002,LBFGS,102,50,102,102,0.839485758894577,0.798252314240473
aperiodic,1,41002,LBFGS,104,51,104,104,0.845244028805891,0.808148572484844
aperiodic,1,41002,LBFGS,106,52,106,106,0.844480017384976,0.807919260870727
aperiodic,1,41002,LBFGS,108,53,108,108,0.851057995478928,0.817487568432022
aperiodic,1,41002,LBFGS,110,54,110,110,0.847719517428962,0.813032331821157
aperiodic,1,41002,LBFGS,112,55,112,112,0.849267140741772,0.81517856833474
aperiodic,1,41002,LBFGS,114,56,114,114,0.851852376382953,0.819274675530931
aperiodic,1,41002,LBFGS,116,57,116,116,0.855126046805424,0.824565460141346
aperiodic,1,41002,LBFGS,118,58,118,118,0.858551397423803,0.83181190959949
aperiodic,1,41002,LBFGS,120,59,120,120,0.860695519945625,0.835092196795927
aperiodic,1,41002,LBFGS,122,60,122,122,0.857524654207617,0.832256536877019
aperiodic,1,41002,LBFGS,124,61,124,124,0.861797823757969,0.838984943202672
aperiodic,1,41002,LBFGS,126,62,126,126,0.862214359126061,0.839717463548638
aperiodic,1,41002,LBFGS,128,63,128,128,0.863862018300059,0.843437645545681
aperiodic,1,41002,LBFGS,130,64,130,130,0.866621096888647,0.848258513977685
aperiodic,1,41002,LBFGS,132,65,132,132,0.866703967982705,0.849704323553538
aperiodic,1,41002,LBFGS,134,66,134,134,0.869941133353033,0.857016813877167
aperiodic,1,41002,LBFGS,136,67,136,136,0.871618425261467,0.861515411146285
aperiodic,1,41002,LBFGS,138,68,138,138,0.87237217165076,0.862504058053132
aperiodic,1,41002,LBFGS,140,69,140,140,0.874394509494961,0.867807254108363
aperiodic,1,41002,LBFGS,142,70,142,142,0.87514372395902,0.869243097388173
aperiodic,1,41002,LBFGS,144,71,144,144,0.877776182017007,0.875079923516619
aperiodic,1,41002,LBFGS,146,72,146,146,0.880386685348718,0.879876725090334
aperiodic,1,41002,LBFGS,148,73,148,148,0.883689626455234,0.885185294072151
aperiodic,1,41002,LBFGS,150,74,150,150,0.886039492646079,0.890750143095929
aperiodic,1,41002,LBFGS,152,75,152,152,0.890388924360129,0.899923027308376
aperiodic,1,41002,LBFGS,154,76,154,154,0.887163730758922,0.894043331565734
aperiodic,1,41002,LBFGS,156,77,156,156,0.888526232004635,0.896176898593219
aperiodic,1,41002,LBFGS,158,78,158,158,0.889895318235318,0.89890861130188
aperiodic,1,41002,LBFGS,160,79,160,160,0.891237224465029,0.900983986183756
aperiodic,1,41002,LBFGS,162,80,162,162,0.892168254567069,0.90126584007654
aperiodic,1,41002,LBFGS,164,81,164,164,0.893869259624744,0.904042423423274
aperiodic,1,41002,LBFGS,166,82,166,166,0.894138343959907,0.904720975468232
aperiodic,1,41002,LBFGS,168,83,168,168,0.896037852387275,0.909771924635759
aperiodic,1,41002,LBFGS,170,84,170,170,0.894760085712516,0.906726784706587
aperiodic,1,41002,LBFGS,172,85,172,172,0.896654945634829,0.909825520704668
aperiodic,1,41002,LBFGS,174,86,174,174,0.89773262551933,0.91122237729326
aperiodic,1,41002,LBFGS,176,87,176,176,0.897831264326741,0.911110125747632
aperiodic,1,41002,LBFGS,178,88,178,178,0.898661931539591,0.913321711669582
aperiodic,1,41002,LBFGS,180,89,180,180,0.899144837440388,0.91396068756091
aperiodic,1,41002,LBFGS,182,90,182,182,0.89943953000446,0.914730137752966
aperiodic,1,41002,LBFGS,184,91,184,184,0.902257197413526,0.921671716222847
aperiodic,1,41002,LBFGS,186,92,186,186,0.901624955299929,0.920774204479721
aperiodic,1,41002,LBFGS,188,93,188,188,0.902510889159867,0.922174261961547
aperiodic,1,41002,LBFGS,190,94,190,190,0.904544185191704,0.926006786405217
aperiodic,1,41002,LBFGS,192,95,192,192,0.903948673375028,0.924796552314732
aperiodic,1,41002,LBFGS,194,96,194,194,0.90433995336107,0.925354494233146
aperiodic,1,41002,LBFGS,196,97,196,196,0.905717421289826,0.927800496170685
aperiodic,1,41002,LBFGS,198,98,198,198,0.90746156554422,0.931160037529303
aperiodic,1,41002,LBFGS,200,99,200,200,0.908575671413795,0.933706660043384
aperiodic,1,41003,HIO,0,0,0,0,0.673865672403492,0.258357426288318
aperiodic,1,41003,HIO,2,1,2,2,0.332729350568702,0.257302995782273
aperiodic,1,41003,HIO,4,2,4,4,0.383019374127669,0.286732406467736
aperiodic,1,41003,HIO,6,3,6,6,0.45616391896799,0.349224983216529
aperiodic,1,41003,HIO,8,4,8,8,0.536083084109631,0.42522517361962
aperiodic,1,41003,HIO,10,5,10,10,0.619282336666883,0.506571430702144
aperiodic,1,41003,HIO,12,6,12,12,0.701350013821588,0.602193069301587
aperiodic,1,41003,HIO,14,7,14,14,0.776298799737271,0.710297406161237
aperiodic,1,41003,HIO,16,8,16,16,0.844485535063482,0.82179406452846
aperiodic,1,41003,HIO,18,9,18,18,0.904712235088705,0.942124878888891
aperiodic,1,41003,HIO,20,10,20,20,0.957558385784379,1.0526814655712
aperiodic,1,41003,HIO,22,11,22,22,1.00606840669638,1.1652840383303
aperiodic,1,41003,HIO,24,12,24,24,1.04607242526789,1.25998134989703
aperiodic,1,41003,HIO,26,13,26,26,1.08079020825822,1.32653814962036
aperiodic,1,41003,HIO,28,14,28,28,1.11607419821504,1.38827130610813
aperiodic,1,41003,HIO,30,15,30,30,1.14782824780354,1.45840700826909
aperiodic,1,41003,HIO,32,16,32,32,1.17897577209763,1.5363573771511
aperiodic,1,41003,HIO,34,17,34,34,1.20748700704663,1.59701382259053
aperiodic,1,41003,HIO,36,18,36,36,1.23058299505376,1.63964406970751
aperiodic,1,41003,HIO,38,19,38,38,1.25115319439702,1.68404167305804
aperiodic,1,41003,HIO,40,20,40,40,1.26862492854884,1.70729331462041
aperiodic,1,41003,HIO,42,21,42,42,1.28322479629168,1.7350279875822
aperiodic,1,41003,HIO,44,22,44,44,1.2939602647495,1.76343028693147
aperiodic,1,41003,HIO,46,23,46,46,1.30095245307783,1.78123554166695
aperiodic,1,41003,HIO,48,24,48,48,1.30129033884541,1.77999499054045
aperiodic,1,41003,HIO,50,25,50,50,1.29593233022053,1.76540783039705
aperiodic,1,41003,HIO,52,26,52,52,1.28884713271807,1.73782595373575
aperiodic,1,41003,HIO,54,27,54,54,1.28329691958056,1.72760063146452
aperiodic,1,41003,HIO,56,28,56,56,1.28004893877755,1.72953927293895
aperiodic,1,41003,HIO,58,29,58,58,1.27678828012322,1.72350470015338
aperiodic,1,41003,HIO,60,30,60,60,1.27109142969477,1.7016971798869
aperiodic,1,41003,HIO,62,31,62,62,1.26563949221889,1.68444933103525
aperiodic,1,41003,HIO,64,32,64,64,1.2601436557409,1.67938504931472
aperiodic,1,41003,HIO,66,33,66,66,1.25259888519536,1.66686222531501
aperiodic,1,41003,HIO,68,34,68,68,1.24750350130172,1.66008506970609
aperiodic,1,41003,HIO,70,35,70,70,1.24365643409443,1.64868894902041
aperiodic,1,41003,HIO,72,36,72,72,1.24295597869098,1.65061781725082
aperiodic,1,41003,HIO,74,37,74,74,1.24365135560647,1.65991479157698
aperiodic,1,41003,HIO,76,38,76,76,1.24552580571099,1.65902236064842
aperiodic,1,41003,HIO,78,39,78,78,1.24745049376885,1.66010794323625
aperiodic,1,41003,HIO,80,40,80,80,1.24649580125381,1.65609570470693
aperiodic,1,41003,HIO,82,41,82,82,1.24547015828885,1.6531772104862
aperiodic,1,41003,HIO,84,42,84,84,1.24655374731659,1.64425526783716
aperiodic,1,41003,HIO,86,43,86,86,1.24908387480017,1.63953117912017
aperiodic,1,41003,HIO,88,44,88,88,1.25155408233381,1.65181712528553
aperiodic,1,41003,HIO,90,45,90,90,1.25403642279418,1.67146760846814
aperiodic,1,41003,HIO,92,46,92,92,1.25146933850929,1.66920881066232
aperiodic,1,41003,HIO,94,47,94,94,1.25039098299442,1.67587524828996
aperiodic,1,41003,HIO,96,48,96,96,1.25286960444316,1.66919841783964
aperiodic,1,41003,HIO,98,49,98,98,1.25146005777843,1.65960708284508
aperiodic,1,41003,HIO,100,50,100,100,1.24655865676276,1.63719631974233
aperiodic,1,41003,HIO,102,51,102,102,1.24205651367931,1.62310910501921
aperiodic,1,41003,HIO,104,52,104,104,1.24208353109285,1.62324120965303
aperiodic,1,41003,HIO,106,53,106,106,1.24449703210147,1.64566017018428
aperiodic,1,41003,HIO,108,54,108,108,1.24548381602543,1.65080232984737
aperiodic,1,41003,HIO,110,55,110,110,1.24827855071159,1.66358046792889
aperiodic,1,41003,HIO,112,56,112,112,1.25189142455444,1.65698881345099
aperiodic,1,41003,HIO,114,57,114,114,1.25819267313374,1.66080102278736
aperiodic,1,41003,HIO,116,58,116,116,1.26727732579422,1.67520339077551
aperiodic,1,41003,HIO,118,59,118,118,1.27475261351383,1.70079840050025
aperiodic,1,41003,HIO,120,60,120,120,1.28132818225183,1.72209258437994
aperiodic,1,41003,HIO,122,61,122,122,1.28718872851104,1.73775856848179
aperiodic,1,41003,HIO,124,62,124,124,1.29410326498806,1.74740730926729
aperiodic,1,41003,HIO,126,63,126,126,1.30220667341404,1.74668973450432
aperiodic,1,41003,HIO,128,64,128,128,1.30924522729541,1.74330206601464
aperiodic,1,41003,HIO,130,65,130,130,1.31473703393871,1.75398924780297
aperiodic,1,41003,HIO,132,66,132,132,1.31042390038211,1.811623223163
aperiodic,1,41003,HIO,134,67,134,134,1.30259173299274,1.79207048010125
aperiodic,1,41003,HIO,136,68,136,136,1.29533460100596,1.76990795171519
aperiodic,1,41003,HIO,138,69,138,138,1.28952248220659,1.76257240315909
aperiodic,1,41003,HIO,140,70,140,140,1.28409779258556,1.74954460991437
aperiodic,1,41003,HIO,142,71,142,142,1.28028268145448,1.75280161927445
aperiodic,1,41003,HIO,144,72,144,144,1.27705938797297,1.74576176107751
aperiodic,1,41003,HIO,146,73,146,146,1.2759813906836,1.73969862353766
aperiodic,1,41003,HIO,148,74,148,148,1.27437956295111,1.72982204261625
aperiodic,1,41003,HIO,150,75,150,150,1.27520680519582,1.71634018161974
aperiodic,1,41003,HIO,152,76,152,152,1.27571374931395,1.71600740933074
aperiodic,1,41003,HIO,154,77,154,154,1.27755050668703,1.71933160883756
aperiodic,1,41003,HIO,156,78,156,156,1.27991155697699,1.72001550389476
aperiodic,1,41003,HIO,158,79,158,158,1.2808669348309,1.7218043971878
aperiodic,1,41003,HIO,160,80,160,160,1.27986458925988,1.73561154583785
aperiodic,1,41003,HIO,162,81,162,162,1.27953645737789,1.73432248882084
aperiodic,1,41003,HIO,164,82,164,164,1.27928097315149,1.72647435687077
aperiodic,1,41003,HIO,166,83,166,166,1.27956056065364,1.73464410144322
aperiodic,1,41003,HIO,168,84,168,168,1.28214331931739,1.74239718858166
aperiodic,1,41003,HIO,170,85,170,170,1.28682613745142,1.75282105460358
aperiodic,1,41003,HIO,172,86,172,172,1.29275725682421,1.76485771725044
aperiodic,1,41003,HIO,174,87,174,174,1.29674624384733,1.76800009238866
aperiodic,1,41003,HIO,176,88,176,176,1.29882182875727,1.77221474318425
aperiodic,1,41003,HIO,178,89,178,178,1.29949766895137,1.77784965307565
aperiodic,1,41003,HIO,180,90,180,180,1.3034432019671,1.77976928907784
aperiodic,1,41003,HIO,182,91,182,182,1.30964688496933,1.77891399866593
aperiodic,1,41003,HIO,184,92,184,184,1.31064323881222,1.78276410266373
aperiodic,1,41003,HIO,186,93,186,186,1.3051863967847,1.77224750632821
aperiodic,1,41003,HIO,188,94,188,188,1.29976356939974,1.76753319672078
aperiodic,1,41003,HIO,190,95,190,190,1.293385321207,1.7630241338516
aperiodic,1,41003,HIO,192,96,192,192,1.28920428486371,1.7602970503755
aperiodic,1,41003,HIO,194,97,194,194,1.28565266704255,1.75344486462845
aperiodic,1,41003,HIO,196,98,196,196,1.28344911331043,1.740576986595
aperiodic,1,41003,HIO,198,99,198,198,1.28304802817306,1.73466749516413
aperiodic,1,41003,HIO,200,100,200,200,1.27981107957577,1.73396619638408
aperiodic,1,41003,ER,0,0,0,0,0.673865672403492,0.258357426288318
aperiodic,1,41003,ER,2,1,2,2,0.332729350568702,0.257302995782273
aperiodic,1,41003,ER,4,2,4,4,0.35383429360976,0.267907237153807
aperiodic,1,41003,ER,6,3,6,6,0.370915987591715,0.280543061742477
aperiodic,1,41003,ER,8,4,8,8,0.384627988916631,0.291340948145564
aperiodic,1,41003,ER,10,5,10,10,0.396260652871645,0.300098259266564
aperiodic,1,41003,ER,12,6,12,12,0.406596982621239,0.307741656324627
aperiodic,1,41003,ER,14,7,14,14,0.415972413205184,0.314643141561547
aperiodic,1,41003,ER,16,8,16,16,0.424568708988765,0.320978891123059
aperiodic,1,41003,ER,18,9,18,18,0.432508367722026,0.326892305761707
aperiodic,1,41003,ER,20,10,20,20,0.439901917305351,0.332453240264374
aperiodic,1,41003,ER,22,11,22,22,0.446866028956239,0.337669538794749
aperiodic,1,41003,ER,24,12,24,24,0.453474491335464,0.342526608431837
aperiodic,1,41003,ER,26,13,26,26,0.459764193676447,0.347137585127115
aperiodic,1,41003,ER,28,14,28,28,0.46577290866477,0.35226206637428
aperiodic,1,41003,ER,30,15,30,30,0.47154541575835,0.35760884223469
aperiodic,1,41003,ER,32,16,32,32,0.477123995490981,0.362274958564107
aperiodic,1,41003,ER,34,17,34,34,0.48254140891012,0.366607534474732
aperiodic,1,41003,ER,36,18,36,36,0.487821683731567,0.370806118926969
aperiodic,1,41003,ER,38,19,38,38,0.49298310368327,0.374962978111674
aperiodic,1,41003,ER,40,20,40,40,0.498033590472998,0.379113624695521
aperiodic,1,41003,ER,42,21,42,42,0.502962967891042,0.383282014075755
aperiodic,1,41003,ER,44,22,44,44,0.507749498699664,0.38750320337992
aperiodic,1,41003,ER,46,23,46,46,0.512380379873996,0.391740687975511
aperiodic,1,41003,ER,48,24,48,48,0.516861144408836,0.395877210968395
aperiodic,1,41003,ER,50,25,50,50,0.521204779148194,0.399861901774284
aperiodic,1,41003,ER,52,26,52,52,0.525423008696632,0.40371835115069
aperiodic,1,41003,ER,54,27,54,54,0.529524157283825,0.407476706410444
aperiodic,1,41003,ER,56,28,56,56,0.53351044496746,0.411125028709025
aperiodic,1,41003,ER,58,29,58,58,0.537379873481403,0.415121773581193
aperiodic,1,41003,ER,60,30,60,60,0.541133058047788,0.419746606916086
aperiodic,1,41003,ER,62,31,62,62,0.544774655279921,0.423580636895969
aperiodic,1,41003,ER,64,32,64,64,0.548312120705591,0.42717945002743
aperiodic,1,41003,ER,66,33,66,66,0.551755968697648,0.430665600342789
aperiodic,1,41003,ER,68,34,68,68,0.555119089752338,0.434095304955854
aperiodic,1,41003,ER,70,35,70,70,0.558409754485578,0.437539553743852
aperiodic,1,41003,ER,72,36,72,72,0.561629717003509,0.441169292297589
aperiodic,1,41003,ER,74,37,74,74,0.564784981638588,0.445529351014023
aperiodic,1,41003,ER,76,38,76,76,0.56788374855313,0.450107613684115
aperiodic,1,41003,ER,78,39,78,78,0.570928727324299,0.454067147755997
aperiodic,1,41003,ER,80,40,80,80,0.573918186494186,0.45776195717127
aperiodic,1,41003,ER,82,41,82,82,0.576850191632528,0.461506554581657
aperiodic,1,41003,ER,84,42,84,84,0.579725402696864,0.466553040473781
aperiodic,1,41003,ER,86,43,86,86,0.582549303740207,0.469893059994163
aperiodic,1,41003,ER,88,44,88,88,0.58533315224837,0.472560055655989
aperiodic,1,41003,ER,90,45,90,90,0.588092151054044,0.475401701732967
aperiodic,1,41003,ER,92,46,92,92,0.590836218321596,0.478317183700197
aperiodic,1,41003,ER,94,47,94,94,0.593549008786276,0.48123624715672
aperiodic,1,41003,ER,96,48,96,96,0.596191626946736,0.484094568778318
aperiodic,1,41003,ER,98,49,98,98,0.598743840432845,0.486884265194526
aperiodic,1,41003,ER,100,50,100,100,0.601213387112212,0.489627222054367
aperiodic,1,41003,ER,102,51,102,102,0.60361389767312,0.492360931827616
aperiodic,1,41003,ER,104,52,104,104,0.605956273928125,0.49515434723388
aperiodic,1,41003,ER,106,53,106,106,0.608249651408915,0.498140960398725
aperiodic,1,41003,ER,108,54,108,108,0.610502954983484,0.50150662950039
aperiodic,1,41003,ER,110,55,110,110,0.612726302527269,0.505109018159436
aperiodic,1,41003,ER,112,56,112,112,0.614932644752671,0.507109567524885
aperiodic,1,41003,ER,114,57,114,114,0.617137571241586,0.509520681947623
aperiodic,1,41003,ER,116,58,116,116,0.619347591882885,0.512186933760768
aperiodic,1,41003,ER,118,59,118,118,0.621543071680093,0.515775866202149
aperiodic,1,41003,ER,120,60,120,120,0.623698774408547,0.518591408971857
aperiodic,1,41003,ER,122,61,122,122,0.625805743143873,0.520002060290526
aperiodic,1,41003,ER,124,62,124,124,0.627863766426986,0.521539571144796
aperiodic,1,41003,ER,126,63,126,126,0.629875962926521,0.523086716524308
aperiodic,1,41003,ER,128,64,128,128,0.631846376923581,0.524629814904056
aperiodic,1,41003,ER,130,65,130,130,0.633777823410506,0.526165141486826
aperiodic,1,41003,ER,132,66,132,132,0.63567195242157,0.527691391419987
aperiodic,1,41003,ER,134,67,134,134,0.637530367774769,0.529211615238858
aperiodic,1,41003,ER,136,68,136,136,0.639355191979029,0.530730377025297
aperiodic,1,41003,ER,138,69,138,138,0.64114922168737,0.532250420280249
aperiodic,1,41003,ER,140,70,140,140,0.642915929876878,0.533772662955552
aperiodic,1,41003,ER,142,71,142,142,0.644659160298092,0.535298414878827
aperiodic,1,41003,ER,144,72,144,144,0.646382459880384,0.536831808951613
aperiodic,1,41003,ER,146,73,146,146,0.648088609856131,0.538382031457819
aperiodic,1,41003,ER,148,74,148,148,0.649780060216787,0.539973588784273
aperiodic,1,41003,ER,150,75,150,150,0.651458838890971,0.541695297397103
aperiodic,1,41003,ER,152,76,152,152,0.653122416286201,0.543756187300046
aperiodic,1,41003,ER,154,77,154,154,0.654758906966667,0.546074370592928
aperiodic,1,41003,ER,156,78,156,156,0.656354897734535,0.548248902445801
aperiodic,1,41003,ER,158,79,158,158,0.657907130131486,0.550178198235503
aperiodic,1,41003,ER,160,80,160,160,0.65942046914945,0.551554708693274
aperiodic,1,41003,ER,162,81,162,162,0.660901383643036,0.552885386471666
aperiodic,1,41003,ER,164,82,164,164,0.662355335435607,0.554268208825591
aperiodic,1,41003,ER,166,83,166,166,0.663786545911345,0.555672880429438
aperiodic,1,41003,ER,168,84,168,168,0.665198240785482,0.557082550742138
aperiodic,1,41003,ER,170,85,170,170,0.666592902885491,0.558486314560483
aperiodic,1,41003,ER,172,86,172,172,0.667972436726208,0.559874818102832
aperiodic,1,41003,ER,174,87,174,174,0.66933817025137,0.561236473015651
aperiodic,1,41003,ER,176,88,176,176,0.670690867200693,0.562551092604121
aperiodic,1,41003,ER,178,89,178,178,0.672031119363081,0.563764797608419
aperiodic,1,41003,ER,180,90,180,180,0.673359780749308,0.564656628757096
aperiodic,1,41003,ER,182,91,182,182,0.674677945580549,0.565553833646783
aperiodic,1,41003,ER,184,92,184,184,0.675986858585648,0.566947079741458
aperiodic,1,41003,ER,186,93,186,186,0.677287959857876,0.568299872194505
aperiodic,1,41003,ER,188,94,188,188,0.678582906188032,0.569641773640951
aperiodic,1,41003,ER,190,95,190,190,0.679873545063723,0.571000429570943
aperiodic,1,41003,ER,192,96,192,192,0.681161946837286,0.572380870322414
aperiodic,1,41003,ER,194,97,194,194,0.682450595538214,0.573749637563476
aperiodic,1,41003,ER,196,98,196,196,0.683742605812922,0.575153609225002
aperiodic,1,41003,ER,198,99,198,198,0.68504166172436,0.576600018812744
aperiodic,1,41003,ER,200,100,200,200,0.686351816488071,0.578110146158017
aperiodic,1,41003,RAAR,0,0,0,0,0.673865672403492,0.258357426288318
aperiodic,1,41003,RAAR,2,1,2,2,0.332729350568702,0.257302995782273
aperiodic,1,41003,RAAR,4,2,4,4,0.538730790197193,0.431566510307857
aperiodic,1,41003,RAAR,6,3,6,6,0.655368273215965,0.567963650748822
aperiodic,1,41003,RAAR,8,4,8,8,0.754829624804646,0.744326847077207
aperiodic,1,41003,RAAR,10,5,10,10,0.846494729867488,0.912091271764492
aperiodic,1,41003,RAAR,12,6,12,12,0.908057406251253,1.02104458247565
aperiodic,1,41003,RAAR,14,7,14,14,0.933551510951348,1.08533471804634
aperiodic,1,41003,RAAR,16,8,16,16,0.935019392511237,1.10344410733067
aperiodic,1,41003,RAAR,18,9,18,18,0.932308205324937,1.10294364011617
aperiodic,1,41003,RAAR,20,10,20,20,0.935741850908856,1.11417052821087
aperiodic,1,41003,RAAR,22,11,22,22,0.93877188947715,1.11613328089319
aperiodic,1,41003,RAAR,24,12,24,24,0.939372768946153,1.10822692330748
aperiodic,1,41003,RAAR,26,13,26,26,0.939745732974104,1.10132395593089
aperiodic,1,41003,RAAR,28,14,28,28,0.943444916766035,1.09270839119128
aperiodic,1,41003,RAAR,30,15,30,30,0.949075851244581,1.09940279278771
aperiodic,1,41003,RAAR,32,16,32,32,0.958053640073207,1.13437509996833
aperiodic,1,41003,RAAR,34,17,34,34,0.970532700812306,1.16006148828403
aperiodic,1,41003,RAAR,36,18,36,36,0.991039162189742,1.21151684898328
aperiodic,1,41003,RAAR,38,19,38,38,1.00948316124923,1.25430821828867
aperiodic,1,41003,RAAR,40,20,40,40,1.01836136809984,1.29106815007117
aperiodic,1,41003,RAAR,42,21,42,42,1.03520363023742,1.31815749686154
aperiodic,1,41003,RAAR,44,22,44,44,1.04668372348529,1.33006251339482
aperiodic,1,41003,RAAR,46,23,46,46,1.0473485025644,1.33401460796844
aperiodic,1,41003,RAAR,48,24,48,48,1.05057087929559,1.35553612439362
aperiodic,1,41003,RAAR,50,25,50,50,1.05184878616646,1.36996825253921
aperiodic,1,41003,RAAR,52,26,52,52,1.05321675345992,1.37834272108657
aperiodic,1,41003,RAAR,54,27,54,54,1.05918555029208,1.38370349572792
aperiodic,1,41003,RAAR,56,28,56,56,1.05383860411418,1.37106049026846
aperiodic,1,41003,RAAR,58,29,58,58,1.05138567656105,1.37012656837223
aperiodic,1,41003,RAAR,60,30,60,60,1.04898220359392,1.38021828717968
aperiodic,1,41003,RAAR,62,31,62,62,1.05109990536165,1.38040903204868
aperiodic,1,41003,RAAR,64,32,64,64,1.05458313207803,1.3816791246686
aperiodic,1,41003,RAAR,66,33,66,66,1.05389626261508,1.3462458097564
aperiodic,1,41003,RAAR,68,34,68,68,1.05696884868261,1.35546571885142
aperiodic,1,41003,RAAR,70,35,70,70,1.05364478194145,1.34054930489985
aperiodic,1,41003,RAAR,72,36,72,72,1.05415856063278,1.34655248330274
aperiodic,1,41003,RAAR,74,37,74,74,1.05602812394856,1.34059827793074
aperiodic,1,41003,RAAR,76,38,76,76,1.05706579068476,1.3483218297543
aperiodic,1,41003,RAAR,78,39,78,78,1.05553294192261,1.3419628211616
aperiodic,1,41003,RAAR,80,40,80,80,1.05555291704717,1.35148337153671
aperiodic,1,41003,RAAR,82,41,82,82,1.05864094522642,1.35984054106739
aperiodic,1,41003,RAAR,84,42,84,84,1.06127934325006,1.37531924863174
aperiodic,1,41003,RAAR,86,43,86,86,1.06318490894657,1.37382346646557
aperiodic,1,41003,RAAR,88,44,88,88,1.06404633482997,1.37112016167013
aperiodic,1,41003,RAAR,90,45,90,90,1.06590605392565,1.37762679956001
aperiodic,1,41003,RAAR,92,46,92,92,1.0618745118404,1.36500268327986
aperiodic,1,41003,RAAR,94,47,94,94,1.06140933890789,1.37295618342993
aperiodic,1,41003,RAAR,96,48,96,96,1.06425329721699,1.39243598482627
aperiodic,1,41003,RAAR,98,49,98,98,1.06603724456738,1.39688560391047
aperiodic,1,41003,RAAR,100,50,100,100,1.07592085495984,1.40496445264155
aperiodic,1,41003,RAAR,102,51,102,102,1.07606320828802,1.40932168918662
aperiodic,1,41003,RAAR,104,52,104,104,1.07921429595751,1.41110832202828
aperiodic,1,41003,RAAR,106,53,106,106,1.08187682239069,1.41891231404109
aperiodic,1,41003,RAAR,108,54,108,108,1.08386260652066,1.42994977071852
aperiodic,1,41003,RAAR,110,55,110,110,1.08119378799645,1.42625488493477
aperiodic,1,41003,RAAR,112,56,112,112,1.08280655463679,1.43543099510765
aperiodic,1,41003,RAAR,114,57,114,114,1.0818475205911,1.43406141635257
aperiodic,1,41003,RAAR,116,58,116,116,1.0784552034704,1.43502747038622
aperiodic,1,41003,RAAR,118,59,118,118,1.07769886760662,1.42464451756042
aperiodic,1,41003,RAAR,120,60,120,120,1.07199165988672,1.41360998830578
aperiodic,1,41003,RAAR,122,61,122,122,1.06499466812065,1.40430838623871
aperiodic,1,41003,RAAR,124,62,124,124,1.06808860493125,1.412735512211
aperiodic,1,41003,RAAR,126,63,126,126,1.07174358271217,1.42960031982864
aperiodic,1,41003,RAAR,128,64,128,128,1.0763561023205,1.42899493074903
aperiodic,1,41003,RAAR,130,65,130,130,1.08701453526356,1.4522075533825
aperiodic,1,41003,RAAR,132,66,132,132,1.09370857570061,1.46970137541838
aperiodic,1,41003,RAAR,134,67,134,134,1.09586212367,1.49081288825984
aperiodic,1,41003,RAAR,136,68,136,136,1.09723607098881,1.49132362658442
aperiodic,1,41003,RAAR,138,69,138,138,1.09557626474158,1.4736178416078
aperiodic,1,41003,RAAR,140,70,140,140,1.09193257400977,1.45750453039486
aperiodic,1,41003,RAAR,142,71,142,142,1.08615166685895,1.42987997533322
aperiodic,1,41003,RAAR,144,72,144,144,1.08907946765525,1.43267343045805
aperiodic,1,41003,RAAR,146,73,146,146,1.08951355155746,1.45150255747737
aperiodic,1,41003,RAAR,148,74,148,148,1.08970806997592,1.45352518107825
aperiodic,1,41003,RAAR,150,75,150,150,1.08884403919305,1.45262493476825
aperiodic,1,41003,RAAR,152,76,152,152,1.08997333312819,1.45725692680095
aperiodic,1,41003,RAAR,154,77,154,154,1.08975267961431,1.45688939432355
aperiodic,1,41003,RAAR,156,78,156,156,1.09213357278265,1.46982371120577
aperiodic,1,41003,RAAR,158,79,158,158,1.09220839320419,1.46879731493729
aperiodic,1,41003,RAAR,160,80,160,160,1.08950533923151,1.45649292734998
aperiodic,1,41003,RAAR,162,81,162,162,1.08598945406706,1.44233252346712
aperiodic,1,41003,RAAR,164,82,164,164,1.08601687908098,1.44210697419027
aperiodic,1,41003,RAAR,166,83,166,166,1.083556921127,1.44124270096009
aperiodic,1,41003,RAAR,168,84,168,168,1.07914739092649,1.43407669956381
aperiodic,1,41003,RAAR,170,85,170,170,1.08601678482394,1.44358827685471
aperiodic,1,41003,RAAR,172,86,172,172,1.09068190840991,1.44524444302843
aperiodic,1,41003,RAAR,174,87,174,174,1.09384733582422,1.45759840575253
aperiodic,1,41003,RAAR,176,88,176,176,1.09438800835551,1.44722684469567
aperiodic,1,41003,RAAR,178,89,178,178,1.09348353282253,1.44850090280591
aperiodic,1,41003,RAAR,180,90,180,180,1.09385696483005,1.4703617653692
aperiodic,1,41003,RAAR,182,91,182,182,1.09582491415708,1.48296791909398
aperiodic,1,41003,RAAR,184,92,184,184,1.10556380873376,1.49035354440103
aperiodic,1,41003,RAAR,186,93,186,186,1.11059188431085,1.49753101953916
aperiodic,1,41003,RAAR,188,94,188,188,1.11436875899815,1.49617724120414
aperiodic,1,41003,RAAR,190,95,190,190,1.11454800542415,1.50491366723372
aperiodic,1,41003,RAAR,192,96,192,192,1.11551249507683,1.48964962512587
aperiodic,1,41003,RAAR,194,97,194,194,1.11580049509785,1.50259976734745
aperiodic,1,41003,RAAR,196,98,196,196,1.11257161286366,1.49477620356806
aperiodic,1,41003,RAAR,198,99,198,198,1.10650061616031,1.49467976475363
aperiodic,1,41003,RAAR,200,100,200,200,1.10846110278288,1.49985430589046
aperiodic,1,41003,LBFGS,0,0,0,0,0.673865672403492,0.258357426288318
aperiodic,1,41003,LBFGS,2,0,2,2,0.673865672403492,0.258357426288318
aperiodic,1,41003,LBFGS,4,1,4,4,0.332729350568702,0.257302995782273
aperiodic,1,41003,LBFGS,6,2,6,6,0.358351840427893,0.270707304633848
aperiodic,1,41003,LBFGS,8,3,8,8,0.423202366061296,0.319396886946137
aperiodic,1,41003,LBFGS,10,4,10,10,0.43668429735696,0.331074841867124
aperiodic,1,41003,LBFGS,12,5,12,12,0.474520407698485,0.360789637367379
aperiodic,1,41003,LBFGS,14,6,14,14,0.486293092793936,0.371891460448713
aperiodic,1,41003,LBFGS,16,7,16,16,0.527426453448698,0.406032188717877
aperiodic,1,41003,LBFGS,18,8,18,18,0.533822294949063,0.414121390155272
aperiodic,1,41003,LBFGS,20,9,20,20,0.55570485687299,0.437064791128503
aperiodic,1,41003,LBFGS,22,10,22,22,0.569894719060099,0.459194150038096
aperiodic,1,41003,LBFGS,24,11,24,24,0.599489335963022,0.494004635415129
aperiodic,1,41003,LBFGS,26,12,26,26,0.599159133036634,0.496915711599434
aperiodic,1,41003,LBFGS,28,13,28,28,0.610509320380511,0.509148087825077
aperiodic,1,41003,LBFGS,30,14,30,30,0.619698082745105,0.519944776867205
aperiodic,1,41003,LBFGS,32,15,32,32,0.656850341618435,0.555667567636643
aperiodic,1,41003,LBFGS,34,16,34,34,0.643676398809789,0.543743569840685
aperiodic,1,41003,LBFGS,36,17,36,36,0.650635425576283,0.549896575618181
aperiodic,1,41003,LBFGS,38,18,38,38,0.674531489617685,0.572587943657574
aperiodic,1,41003,LBFGS,40,19,40,40,0.677661851195819,0.577244686267375
aperiodic,1,41003,LBFGS,42,20,42,42,0.69150781835116,0.593562892193684
aperiodic,1,41003,LBFGS,44,21,44,44,0.710926421413178,0.614456668504282
aperiodic,1,41003,LBFGS,46,22,46,46,0.702899385677296,0.606664587773005
aperiodic,1,41003,LBFGS,48,23,48,48,0.720858886105238,0.625604808618752
aperiodic,1,41003,LBFGS,50,24,50,50,0.722503070272701,0.628672060252726
aperiodic,1,41003,LBFGS,52,25,52,52,0.731937897539312,0.641435784524306
aperiodic,1,41003,LBFGS,54,26,54,54,0.739495660518354,0.653520340626952
aperiodic,1,41003,LBFGS,56,27,56,56,0.761200879952071,0.680033361127746
aperiodic,1,41003,LBFGS,58,28,58,58,0.755548460170094,0.677223731381
aperiodic,1,41003,LBFGS,60,29,60,60,0.76093259946486,0.68363636603447
aperiodic,1,41003,LBFGS,62,30,62,62,0.770983323916333,0.700623559455013
aperiodic,1,41003,LBFGS,64,31,64,64,0.779050856753873,0.712163050872343
aperiodic,1,41003,LBFGS,66,32,66,66,0.782890298254402,0.718233754712767
aperiodic,1,41003,LBFGS,68,33,68,68,0.780581726503186,0.716210555399632
aperiodic,1,41003,LBFGS,70,34,70,70,0.795779311642363,0.737496459227502
aperiodic,1,41003,LBFGS,72,35,72,72,0.79138042657168,0.730899702978537
aperiodic,1,41003,LBFGS,74,36,74,74,0.793856475788218,0.734461219793139
aperiodic,1,41003,LBFGS,76,37,76,76,0.808681799867174,0.755495009106226
aperiodic,1,41003,LBFGS,78,38,78,78,0.80408935772948,0.749065004348976
aperiodic,1,41003,LBFGS,80,39,80,80,0.807615599918238,0.754168049882856
aperiodic,1,41003,LBFGS,82,40,82,82,0.82728243389157,0.782188279570187
aperiodic,1,41003,LBFGS,84,41,84,84,0.816656610122359,0.767942349204693
aperiodic,1,41003,LBFGS,86,42,86,86,0.820642429083228,0.77327981134105
aperiodic,1,41003,LBFGS,88,42,88,86,0.820642429083228,0.77327981134105
aperiodic,1,41003,LBFGS,90,43,90,90,0.829770066047838,0.785861533910871
aperiodic,1,41003,LBFGS,92,44,92,92,0.832750313932632,0.790263482716918
aperiodic,1,41003,LBFGS,94,45,94,94,0.836664306470427,0.797463388102011
aperiodic,1,41003,LBFGS,96,46,96,96,0.840360387961981,0.804881081703395
aperiodic,1,41003,LBFGS,98,47,98,98,0.848559297805429,0.816414941569586
aperiodic,1,41003,LBFGS,100,48,100,100,0.845841415891009,0.814988549807571
aperiodic,1,41003,LBFGS,102,49,102,102,0.849728237475963,0.820874753587144
aperiodic,1,41003,LBFGS,104,50,104,104,0.854992901301058,0.829611679261988
aperiodic,1,41003,LBFGS,106,51,106,106,0.858326789745331,0.835505190860558
aperiodic,1,41003,LBFGS,108,52,108,108,0.863950928570773,0.843667563608739
aperiodic,1,41003,LBFGS,110,53,110,110,0.86269536303004,0.843024215358859
aperiodic,1,41003,LBFGS,112,54,112,112,0.866487411780806,0.847363359055666
aperiodic,1,41003,LBFGS,114,55,114,114,0.869876434075288,0.851657377648224
aperiodic,1,41003,LBFGS,116,56,116,116,0.875018103274801,0.859408475943529
aperiodic,1,41003,LBFGS,118,57,118,118,0.880661699246527,0.870458493599552
aperiodic,1,41003,LBFGS,120,58,120,120,0.88167038810574,0.873849170017303
aperiodic,1,41003,LBFGS,122,59,122,122,0.886570969260971,0.880313117985024
aperiodic,1,41003,LBFGS,124,60,124,124,0.881344505179988,0.873474671341996
aperiodic,1,41003,LBFGS,126,61,126,126,0.885982047788033,0.880174933023994
aperiodic,1,41003,LBFGS,128,62,128,128,0.887808001165612,0.882807406537158
aperiodic,1,41003,LBFGS,130,63,130,130,0.890477938276292,0.887392873594555
aperiodic,1,41003,LBFGS,132,64,132,132,0.896122502561164,0.896083605707299
aperiodic,1,41003,LBFGS,134,65,134,134,0.898984074369615,0.900258456039224
aperiodic,1,41003,LBFGS,136,66,136,136,0.903435941768568,0.907799419949769
aperiodic,1,41003,LBFGS,138,67,138,138,0.901373067974597,0.905926439292585
aperiodic,1,41003,LBFGS,140,68,140,140,0.906200391881329,0.91188715176356
aperiodic,1,41003,LBFGS,142,69,142,142,0.906250460889137,0.912256498932427
aperiodic,1,41003,LBFGS,144,70,144,144,0.909354973853702,0.917368727474331
aperiodic,1,41003,LBFGS,146,71,146,146,0.910672677418748,0.919996080726859
aperiodic,1,41003,LBFGS,148,72,148,148,0.913833666510691,0.927118130747113
aperiodic,1,41003,LBFGS,150,73,150,150,0.91454094274722,0.929668741948209
aperiodic,1,41003,LBFGS,152,74,152,152,0.920272951474075,0.939770390826637
aperiodic,1,41003,LBFGS,154,75,154,154,0.919153702495281,0.938586725617394
aperiodic,1,41003,LBFGS,156,76,156,156,0.919089466676211,0.938477555883183
aperiodic,1,41003,LBFGS,158,77,158,158,0.921539764518483,0.94289086814465
aperiodic,1,41003,LBFGS,160,78,160,160,0.923350323180224,0.947055212653182
aperiodic,1,41003,LBFGS,162,79,162,162,0.925400723966281,0.952530188273961
aperiodic,1,41003,LBFGS,164,80,164,164,0.923939710566069,0.950690692401618
aperiodic,1,41003,LBFGS,166,81,166,166,0.92629644813866,0.954791260068564
aperiodic,1,41003,LBFGS,168,82,168,168,0.928013564173302,0.956648641367111
aperiodic,1,41003,LBFGS,170,83,170,170,0.930382038856992,0.959765086178739
aperiodic,1,41003,LBFGS,172,84,172,172,0.931892342335992,0.961626611034626
aperiodic,1,41003,LBFGS,174,85,174,174,0.932165095524585,0.962232877488096
aperiodic,1,41003,LBFGS,176,86,176,176,0.932550043463119,0.962662207950864
aperiodic,1,41003,LBFGS,178,87,178,178,0.933328057863851,0.963876621428153
aperiodic,1,41003,LBFGS,180,88,180,180,0.936125900605906,0.968068135275358
aperiodic,1,41003,LBFGS,182,89,182,182,0.93612489957062,0.968075972285008
aperiodic,1,41003,LBFGS,184,90,184,184,0.937018558042417,0.969482424440833
aperiodic,1,41003,LBFGS,186,91,186,186,0.937963455300687,0.972088044981324
aperiodic,1,41003,LBFGS,188,92,188,188,0.939406987847716,0.973015108456948
aperiodic,1,41003,LBFGS,190,93,190,190,0.940932303347946,0.975277377194438
aperiodic,1,41003,LBFGS,192,94,192,192,0.94298236968347,0.976877682028675
aperiodic,1,41003,LBFGS,194,94,194,192,0.94298236968347,0.976877682028675
aperiodic,1,41003,LBFGS,196,95,196,196,0.941373739561509,0.974531950052652
aperiodic,1,41003,LBFGS,198,96,198,198,0.942393499690769,0.976828478747412
aperiodic,1,41003,LBFGS,200,97,200,200,0.942308759725357,0.976382043883203
aperiodic,10,41001,HIO,0,0,0,0,0.673865672403492,0.258357426288318
aperiodic,10,41001,HIO,2,1,2,2,0.2270360481936,0.186184186755658
aperiodic,10,41001,HIO,4,2,4,4,0.223915491939246,0.175858872246355
aperiodic,10,41001,HIO,6,3,6,6,0.233363608230201,0.17551227150775
aperiodic,10,41001,HIO,8,4,8,8,0.248510113937959,0.180411987781525
aperiodic,10,41001,HIO,10,5,10,10,0.265704784433202,0.18985903573567
aperiodic,10,41001,HIO,12,6,12,12,0.284808433859952,0.202113329996091
aperiodic,10,41001,HIO,14,7,14,14,0.305120244955707,0.216281640670985
aperiodic,10,41001,HIO,16,8,16,16,0.32603819850045,0.230788431765432
aperiodic,10,41001,HIO,18,9,18,18,0.346700800519785,0.246538047403624
aperiodic,10,41001,HIO,20,10,20,20,0.36804031639755,0.263170188211918
aperiodic,10,41001,HIO,22,11,22,22,0.388958579817661,0.281966052471166
aperiodic,10,41001,HIO,24,12,24,24,0.410027343410905,0.297653042932858
aperiodic,10,41001,HIO,26,13,26,26,0.432061727272878,0.315922934447719
aperiodic,10,41001,HIO,28,14,28,28,0.455162097611701,0.333822012314913
aperiodic,10,41001,HIO,30,15,30,30,0.477370676760001,0.350163352948744
aperiodic,10,41001,HIO,32,16,32,32,0.500011402964291,0.371420696586217
aperiodic,10,41001,HIO,34,17,34,34,0.522490750015144,0.393400334181245
aperiodic,10,41001,HIO,36,18,36,36,0.544831054838276,0.41682853847573
aperiodic,10,41001,HIO,38,19,38,38,0.567639508458351,0.440687300004124
aperiodic,10,41001,HIO,40,20,40,40,0.590528619557664,0.468311496737124
aperiodic,10,41001,HIO,42,21,42,42,0.61253247128631,0.493136681833674
aperiodic,10,41001,HIO,44,22,44,44,0.633543149873223,0.515815783629359
aperiodic,10,41001,HIO,46,23,46,46,0.653724479787709,0.541413063601693
aperiodic,10,41001,HIO,48,24,48,48,0.671997442841224,0.564922046898311
aperiodic,10,41001,HIO,50,25,50,50,0.689716368909799,0.589148973978818
aperiodic,10,41001,HIO,52,26,52,52,0.706816545208711,0.612758654203925
aperiodic,10,41001,HIO,54,27,54,54,0.724380346987983,0.633101810237261
aperiodic,10,41001,HIO,56,28,56,56,0.742054219913215,0.658731200829638
aperiodic,10,41001,HIO,58,29,58,58,0.758216619687748,0.688181314063042
aperiodic,10,41001,HIO,60,30,60,60,0.774738164710693,0.707434048586835
aperiodic,10,41001,HIO,62,31,62,62,0.791392595428709,0.732489222105209
aperiodic,10,41001,HIO,64,32,64,64,0.807824085490457,0.759922298633744
aperiodic,10,41001,HIO,66,33,66,66,0.82462345383426,0.790719858947154
aperiodic,10,41001,HIO,68,34,68,68,0.84139896082412,0.826976890510258
aperiodic,10,41001,HIO,70,35,70,70,0.857697084721228,0.860941610900273
aperiodic,10,41001,HIO,72,36,72,72,0.874138581880723,0.891154588817471
aperiodic,10,41001,HIO,74,37,74,74,0.889317802776509,0.920296351367374
aperiodic,10,41001,HIO,76,38,76,76,0.905083642728207,0.95341266310174
aperiodic,10,41001,HIO,78,39,78,78,0.921397097619685,0.988559802435491
aperiodic,10,41001,HIO,80,40,80,80,0.937718898238872,1.01692038974266
aperiodic,10,41001,HIO,82,41,82,82,0.951824281280599,1.0371819074096
aperiodic,10,41001,HIO,84,42,84,84,0.964638712714915,1.06652638210714
aperiodic,10,41001,HIO,86,43,86,86,0.977533581089908,1.09217080990794
aperiodic,10,41001,HIO,88,44,88,88,0.989322100813092,1.1094338657388
aperiodic,10,41001,HIO,90,45,90,90,1.00119549316491,1.12881329920276
aperiodic,10,41001,HIO,92,46,92,92,1.01237805076466,1.14966057726977
aperiodic,10,41001,HIO,94,47,94,94,1.02379934055098,1.17096675568265
aperiodic,10,41001,HIO,96,48,96,96,1.03479862962301,1.19437075099494
aperiodic,10,41001,HIO,98,49,98,98,1.04642957688084,1.21627839229231
aperiodic,10,41001,HIO,100,50,100,100,1.05749845547477,1.23538231565342
aperiodic,10,41001,HIO,102,51,102,102,1.06771404212761,1.2576133582797
aperiodic,10,41001,HIO,104,52,104,104,1.07831076932775,1.28304753240993
aperiodic,10,41001,HIO,106,53,106,106,1.08887631518145,1.31054252016084
aperiodic,10,41001,HIO,108,54,108,108,1.09835551481421,1.33554524543245
aperiodic,10,41001,HIO,110,55,110,110,1.10680646807326,1.3569080484201
aperiodic,10,41001,HIO,112,56,112,112,1.1145590975358,1.374538114017
aperiodic,10,41001,HIO,114,57,114,114,1.12058936726535,1.38448824258909
aperiodic,10,41001,HIO,116,58,116,116,1.1253686933985,1.39079767865419
aperiodic,10,41001,HIO,118,59,118,118,1.13022350428437,1.40190664588027
aperiodic,10,41001,HIO,120,60,120,120,1.13537191562775,1.41340611100875
aperiodic,10,41001,HIO,122,61,122,122,1.13995828196067,1.42328385863616
aperiodic,10,41001,HIO,124,62,124,124,1.14551697679033,1.43377490952353
aperiodic,10,41001,HIO,126,63,126,126,1.15004093474265,1.44777731865059
aperiodic,10,41001,HIO,128,64,128,128,1.15431697251364,1.45847451455168
aperiodic,10,41001,HIO,130,65,130,130,1.15886570801505,1.46670152525085
aperiodic,10,41001,HIO,132,66,132,132,1.16411558595201,1.47808835379788
aperiodic,10,41001,HIO,134,67,134,134,1.17041866011633,1.48946638633696
aperiodic,10,41001,HIO,136,68,136,136,1.17549508920799,1.49490604252526
aperiodic,10,41001,HIO,138,69,138,138,1.1803636380839,1.50297954248087
aperiodic,10,41001,HIO,140,70,140,140,1.18625315567791,1.5171680446982
aperiodic,10,41001,HIO,142,71,142,142,1.1931871693604,1.53333739452732
aperiodic,10,41001,HIO,144,72,144,144,1.20048087402843,1.53809807831105
aperiodic,10,41001,HIO,146,73,146,146,1.20650918354602,1.54325659075593
aperiodic,10,41001,HIO,148,74,148,148,1.21164171775186,1.54673122176304
aperiodic,10,41001,HIO,150,75,150,150,1.21750334218465,1.5456990922657
aperiodic,10,41001,HIO,152,76,152,152,1.22303863756429,1.54520537524055
aperiodic,10,41001,HIO,154,77,154,154,1.22677884142081,1.54526638717974
aperiodic,10,41001,HIO,156,78,156,156,1.23072805957635,1.54506093304515
aperiodic,10,41001,HIO,158,79,158,158,1.23401341317497,1.55245429961868
aperiodic,10,41001,HIO,160,80,160,160,1.23738260974288,1.56536964052849
aperiodic,10,41001,HIO,162,81,162,162,1.24043390996984,1.58170641068618
aperiodic,10,41001,HIO,164,82,164,164,1.2426837431994,1.59210730047703
aperiodic,10,41001,HIO,166,83,166,166,1.24477883135411,1.60064516597749
aperiodic,10,41001,HIO,168,84,168,168,1.24641223008294,1.60206237870769
aperiodic,10,41001,HIO,170,85,170,170,1.24794588154499,1.60087601417399
aperiodic,10,41001,HIO,172,86,172,172,1.24914753861251,1.59964306664049
aperiodic,10,41001,HIO,174,87,174,174,1.25079096596726,1.59816530820294
aperiodic,10,41001,HIO,176,88,176,176,1.25194697467179,1.60031080409049
aperiodic,10,41001,HIO,178,89,178,178,1.25419249613717,1.60020627084031
aperiodic,10,41001,HIO,180,90,180,180,1.25672577790942,1.60248255876504
aperiodic,10,41001,HIO,182,91,182,182,1.26016288704755,1.60494104582942
aperiodic,10,41001,HIO,184,92,184,184,1.26342994007725,1.61368986626262
aperiodic,10,41001,HIO,186,93,186,186,1.26594588562855,1.62273966898275
aperiodic,10,41001,HIO,188,94,188,188,1.2679725900932,1.62511397495919
aperiodic,10,41001,HIO,190,95,190,190,1.2704021263582,1.6302609294003
aperiodic,10,41001,HIO,192,96,192,192,1.27284736744167,1.63038862777624
aperiodic,10,41001,HIO,194,97,194,194,1.27561966575322,1.63774679228797
aperiodic,10,41001,HIO,196,98,196,196,1.28009368166156,1.64880803152374
aperiodic,10,41001,HIO,198,99,198,198,1.28513221019972,1.65616216953867
aperiodic,10,41001,HIO,200,100,200,200,1.29111066256037,1.66880101973562
aperiodic,10,41001,ER,0,0,0,0,0.673865672403492,0.258357426288318
aperiodic,10,41001,ER,2,1,2,2,0.2270360481936,0.186184186755658
aperiodic,10,41001,ER,4,2,4,4,0.220472098742979,0.175926902672966
aperiodic,10,41001,ER,6,3,6,6,0.219311038435843,0.172290696155705
aperiodic,10,41001,ER,8,4,8,8,0.219510698394292,0.170359308599646
aperiodic,10,41001,ER,10,5,10,10,0.220175523759346,0.169110057183828
aperiodic,10,41001,ER,12,6,12,12,0.221066055672357,0.168219678840474
aperiodic,10,41001,ER,14,7,14,14,0.222123254128372,0.167598807812858
aperiodic,10,41001,ER,16,8,16,16,0.223295223801083,0.16718578233983
aperiodic,10,41001,ER,18,9,18,18,0.224548727885492,0.166949154625143
aperiodic,10,41001,ER,20,10,20,20,0.225861876349731,0.166856343326127
aperiodic,10,41001,ER,22,11,22,22,0.227191646796311,0.166838844031826
aperiodic,10,41001,ER,24,12,24,24,0.228523553997829,0.166891270586161
aperiodic,10,41001,ER,26,13,26,26,0.229853913620524,0.167016317206046
aperiodic,10,41001,ER,28,14,28,28,0.231178889006702,0.167207918422426
aperiodic,10,41001,ER,30,15,30,30,0.232493341367585,0.167452919786645
aperiodic,10,41001,ER,32,16,32,32,0.233792036363,0.167735373074728
aperiodic,10,41001,ER,34,17,34,34,0.235069527228749,0.168041875717351
aperiodic,10,41001,ER,36,18,36,36,0.236320816686356,0.168364949583161
aperiodic,10,41001,ER,38,19,38,38,0.237542778366452,0.168701413884539
aperiodic,10,41001,ER,40,20,40,40,0.238735623444605,0.169049454670241
aperiodic,10,41001,ER,42,21,42,42,0.239902522811291,0.169407703216123
aperiodic,10,41001,ER,44,22,44,44,0.241047373692444,0.169774923156609
aperiodic,10,41001,ER,46,23,46,46,0.242173330356091,0.17015089491464
aperiodic,10,41001,ER,48,24,48,48,0.243281718554652,0.170538709914985
aperiodic,10,41001,ER,50,25,50,50,0.244369859925835,0.170941776188158
aperiodic,10,41001,ER,52,26,52,52,0.245432362001017,0.171358051532101
aperiodic,10,41001,ER,54,27,54,54,0.246466507542017,0.171782013800413
aperiodic,10,41001,ER,56,28,56,56,0.247473639475453,0.172207862291858
aperiodic,10,41001,ER,58,29,58,58,0.248457289444157,0.17263145101959
aperiodic,10,41001,ER,60,30,60,60,0.249421208957052,0.173050386869017
aperiodic,10,41001,ER,62,31,62,62,0.250368715778691,0.173463572722895
aperiodic,10,41001,ER,64,32,64,64,0.25130264327242,0.173871238433702
aperiodic,10,41001,ER,66,33,66,66,0.252225366341343,0.174275167232278
aperiodic,10,41001,ER,68,34,68,68,0.253138903461857,0.17467851555175
aperiodic,10,41001,ER,70,35,70,70,0.254044682633964,0.175084642149442
aperiodic,10,41001,ER,72,36,72,72,0.254942775337163,0.175495319660897
aperiodic,10,41001,ER,74,37,74,74,0.255832094032389,0.175910054495349
aperiodic,10,41001,ER,76,38,76,76,0.256712052594508,0.176327290407004
aperiodic,10,41001,ER,78,39,78,78,0.25758257734557,0.176745708177323
aperiodic,10,41001,ER,80,40,80,80,0.258440856859563,0.177165134770278
aperiodic,10,41001,ER,82,41,82,82,0.259282721672703,0.177585683480156
aperiodic,10,41001,ER,84,42,84,84,0.260108129532739,0.178006307271209
aperiodic,10,41001,ER,86,43,86,86,0.260919292486685,0.178426641568396
aperiodic,10,41001,ER,88,44,88,88,0.261718715188057,0.178847544760589
aperiodic,10,41001,ER,90,45,90,90,0.262508182059237,0.179270309733593
aperiodic,10,41001,ER,92,46,92,92,0.263287000789338,0.17969507396027
aperiodic,10,41001,ER,94,47,94,94,0.26405296753609,0.180119865601073
aperiodic,10,41001,ER,96,48,96,96,0.264805316347012,0.180542437336825
aperiodic,10,41001,ER,98,49,98,98,0.265544706152855,0.180961443545358
aperiodic,10,41001,ER,100,50,100,100,0.266272189425714,0.1813759951817
aperiodic,10,41001,ER,102,51,102,102,0.266988785691774,0.181785359606989
aperiodic,10,41001,ER,104,52,104,104,0.267695444449001,0.182189052092767
aperiodic,10,41001,ER,106,53,106,106,0.268393130791602,0.182586980188619
aperiodic,10,41001,ER,108,54,108,108,0.269082872195768,0.182979488844801
aperiodic,10,41001,ER,110,55,110,110,0.269765708023665,0.183367320757144
aperiodic,10,41001,ER,112,56,112,112,0.270442568039428,0.183751523147182
aperiodic,10,41001,ER,114,57,114,114,0.271114135372494,0.184133294194317
aperiodic,10,41001,ER,116,58,116,116,0.271780754420921,0.184513767165026
aperiodic,10,41001,ER,118,59,118,118,0.272442426931619,0.184893773515716
aperiodic,10,41001,ER,120,60,120,120,0.273098888413214,0.185273662236792
aperiodic,10,41001,ER,122,61,122,122,0.273749725189244,0.185653259514659
aperiodic,10,41001,ER,124,62,124,124,0.274394514259601,0.186032006364754
aperiodic,10,41001,ER,126,63,126,126,0.275032974325183,0.186409209639074
aperiodic,10,41001,ER,128,64,128,128,0.275665079271117,0.186784283780965
aperiodic,10,41001,ER,130,65,130,130,0.276291072599074,0.187156898844012
aperiodic,10,41001,ER,132,66,132,132,0.27691135430996,0.187526988743852
aperiodic,10,41001,ER,134,67,134,134,0.277526279470718,0.187894604633119
aperiodic,10,41001,ER,136,68,136,136,0.278136006485888,0.188259717746473
aperiodic,10,41001,ER,138,69,138,138,0.278740526121365,0.188622170546081
aperiodic,10,41001,ER,140,70,140,140,0.279339806937276,0.18898182186128
aperiodic,10,41001,ER,142,71,142,142,0.279933894384227,0.189338719714707
aperiodic,10,41001,ER,144,72,144,144,0.280522920396293,0.189693164248634
aperiodic,10,41001,ER,146,73,146,146,0.281107077107843,0.190045662125053
aperiodic,10,41001,ER,148,74,148,148,0.281686595513066,0.190396829232176
aperiodic,10,41001,ER,150,75,150,150,0.282261732086339,0.190747288209921
aperiodic,10,41001,ER,152,76,152,152,0.282832752638301,0.191097587187852
aperiodic,10,41001,ER,154,77,154,154,0.283399909580929,0.191448147682299
aperiodic,10,41001,ER,156,78,156,156,0.283963419023692,0.191799238034959
aperiodic,10,41001,ER,158,79,158,158,0.28452344700427,0.192150972201949
aperiodic,10,41001,ER,160,80,160,160,0.285080109806284,0.192503342273945
aperiodic,10,41001,ER,162,81,162,162,0.285633486300447,0.192856283742076
aperiodic,10,41001,ER,164,82,164,164,0.286183634591261,0.193209747964642
aperiodic,10,41001,ER,166,83,166,166,0.28673060485977,0.193563752132946
aperiodic,10,41001,ER,168,84,168,168,0.287274445926689,0.193918403501946
aperiodic,10,41001,ER,170,85,170,170,0.287815208956902,0.194273916816098
aperiodic,10,41001,ER,172,86,172,172,0.288352952720132,0.194630636108662
aperiodic,10,41001,ER,174,87,174,174,0.288887752851245,0.194989028797493
aperiodic,10,41001,ER,176,88,176,176,0.289419717411237,0.195349511378975
aperiodic,10,41001,ER,178,89,178,178,0.289949010110173,0.195711833769538
aperiodic,10,41001,ER,180,90,180,180,0.290475864528869,0.196074270244516
aperiodic,10,41001,ER,182,91,182,182,0.291000586986997,0.196434390784883
aperiodic,10,41001,ER,184,92,184,184,0.291523628704176,0.196791241933688
aperiodic,10,41001,ER,186,93,186,186,0.292045763413381,0.197145474736852
aperiodic,10,41001,ER,188,94,188,188,0.292568443503989,0.197498081777295
aperiodic,10,41001,ER,190,95,190,190,0.293094127083242,0.197850017238772
aperiodic,10,41001,ER,192,96,192,192,0.293623625473954,0.198203764870763
aperiodic,10,41001,ER,194,97,194,194,0.294151778224087,0.198563281069546
aperiodic,10,41001,ER,196,98,196,196,0.294675587477706,0.198928393137944
aperiodic,10,41001,ER,198,99,198,198,0.295196113057525,0.199297163819525
aperiodic,10,41001,ER,200,100,200,200,0.295714571331319,0.199668476102875
aperiodic,10,41001,RAAR,0,0,0,0,0.673865672403492,0.258357426288318
aperiodic,10,41001,RAAR,2,1,2,2,0.2270360481936,0.186184186755658
aperiodic,10,41001,RAAR,4,2,4,4,0.251265964292669,0.186437500317274
aperiodic,10,41001,RAAR,6,3,6,6,0.275980555426376,0.199300051584557
aperiodic,10,41001,RAAR,8,4,8,8,0.30391893491615,0.222649349483774
aperiodic,10,41001,RAAR,10,5,10,10,0.334938294658441,0.246579610885796
aperiodic,10,41001,RAAR,12,6,12,12,0.360766984884925,0.266928647019002
aperiodic,10,41001,RAAR,14,7,14,14,0.377506913656455,0.287458634371545
aperiodic,10,41001,RAAR,16,8,16,16,0.389265466430819,0.300226769291867
aperiodic,10,41001,RAAR,18,9,18,18,0.398672830859974,0.307218096499472
aperiodic,10,41001,RAAR,20,10,20,20,0.407631316630602,0.315007403819238
aperiodic,10,41001,RAAR,22,11,22,22,0.412760253539652,0.321105158547988
aperiodic,10,41001,RAAR,24,12,24,24,0.417571790049303,0.324208519543396
aperiodic,10,41001,RAAR,26,13,26,26,0.423164347040897,0.325090479639697
aperiodic,10,41001,RAAR,28,14,28,28,0.429111603297858,0.329873438615505
aperiodic,10,41001,RAAR,30,15,30,30,0.433660936992172,0.331249207317686
aperiodic,10,41001,RAAR,32,16,32,32,0.440777555640506,0.342653469538061
aperiodic,10,41001,RAAR,34,17,34,34,0.446025149189464,0.341570428995323
aperiodic,10,41001,RAAR,36,18,36,36,0.45230179105115,0.347628724965674
aperiodic,10,41001,RAAR,38,19,38,38,0.457742706042675,0.348541849624358
aperiodic,10,41001,RAAR,40,20,40,40,0.463523460350367,0.356399595172278
aperiodic,10,41001,RAAR,42,21,42,42,0.469659838103017,0.365123190792811
aperiodic,10,41001,RAAR,44,22,44,44,0.476062726014818,0.369614443129137
aperiodic,10,41001,RAAR,46,23,46,46,0.482044645072793,0.377057923561383
aperiodic,10,41001,RAAR,48,24,48,48,0.485159475347173,0.378584746321244
aperiodic,10,41001,RAAR,50,25,50,50,0.490751479001812,0.382510397709454
aperiodic,10,41001,RAAR,52,26,52,52,0.49443318211917,0.384216487739669
aperiodic,10,41001,RAAR,54,27,54,54,0.495887639271064,0.38557321551365
aperiodic,10,41001,RAAR,56,28,56,56,0.498586879880154,0.388887704192908
aperiodic,10,41001,RAAR,58,29,58,58,0.500687997366615,0.39274909439517
aperiodic,10,41001,RAAR,60,30,60,60,0.50389771798477,0.395524514362537
aperiodic,10,41001,RAAR,62,31,62,62,0.505702349846007,0.39996640644445
aperiodic,10,41001,RAAR,64,32,64,64,0.508061399200168,0.404687196247998
aperiodic,10,41001,RAAR,66,33,66,66,0.510371231311558,0.406173848823131
aperiodic,10,41001,RAAR,68,34,68,68,0.513010966060928,0.408534473295888
aperiodic,10,41001,RAAR,70,35,70,70,0.514689404660733,0.40620598585903
aperiodic,10,41001,RAAR,72,36,72,72,0.517033009965278,0.408397198612794
aperiodic,10,41001,RAAR,74,37,74,74,0.517968484300334,0.406136074767787
aperiodic,10,41001,RAAR,76,38,76,76,0.520283405575058,0.412581523139125
aperiodic,10,41001,RAAR,78,39,78,78,0.522565268754512,0.410414819606091
aperiodic,10,41001,RAAR,80,40,80,80,0.525757734637522,0.412673957245012
aperiodic,10,41001,RAAR,82,41,82,82,0.528080592898535,0.414002869334015
aperiodic,10,41001,RAAR,84,42,84,84,0.532571510728641,0.423119745060274
aperiodic,10,41001,RAAR,86,43,86,86,0.535354574187733,0.426561516551274
aperiodic,10,41001,RAAR,88,44,88,88,0.538743076984761,0.433440851380527
aperiodic,10,41001,RAAR,90,45,90,90,0.54224457213198,0.434642255766451
aperiodic,10,41001,RAAR,92,46,92,92,0.545773413359995,0.437912206780007
aperiodic,10,41001,RAAR,94,47,94,94,0.547552782864322,0.440055644446545
aperiodic,10,41001,RAAR,96,48,96,96,0.549266055793286,0.444865219947821
aperiodic,10,41001,RAAR,98,49,98,98,0.549733894754937,0.44642931140058
aperiodic,10,41001,RAAR,100,50,100,100,0.551600477820032,0.447052627721712
aperiodic,10,41001,RAAR,102,51,102,102,0.551450085954988,0.449120891689704
aperiodic,10,41001,RAAR,104,52,104,104,0.554924472680129,0.452351298523901
aperiodic,10,41001,RAAR,106,53,106,106,0.555662696379708,0.458881464085489
aperiodic,10,41001,RAAR,108,54,108,108,0.556192421315941,0.458434016291011
aperiodic,10,41001,RAAR,110,55,110,110,0.554612953698838,0.45693715297446
aperiodic,10,41001,RAAR,112,56,112,112,0.555468924700633,0.456253826446363
aperiodic,10,41001,RAAR,114,57,114,114,0.555220574242093,0.458792294616674
aperiodic,10,41001,RAAR,116,58,116,116,0.557591335816637,0.45523042099265
aperiodic,10,41001,RAAR,118,59,118,118,0.559663842658997,0.461066793002365
aperiodic,10,41001,RAAR,120,60,120,120,0.562745812352575,0.462523268476995
aperiodic,10,41001,RAAR,122,61,122,122,0.563398456528298,0.463250014401441
aperiodic,10,41001,RAAR,124,62,124,124,0.564638057889703,0.455551326681665
aperiodic,10,41001,RAAR,126,63,126,126,0.565416852262383,0.452764200019921
aperiodic,10,41001,RAAR,128,64,128,128,0.565472644649424,0.448513948102585
aperiodic,10,41001,RAAR,130,65,130,130,0.567112359308882,0.451444175352105
aperiodic,10,41001,RAAR,132,66,132,132,0.568704683680237,0.451331343576864
aperiodic,10,41001,RAAR,134,67,134,134,0.570596392774173,0.452938083652737
aperiodic,10,41001,RAAR,136,68,136,136,0.572840475506879,0.456254763780018
aperiodic,10,41001,RAAR,138,69,138,138,0.574206912317829,0.458129802645287
aperiodic,10,41001,RAAR,140,70,140,140,0.574654779181176,0.456799326267396
aperiodic,10,41001,RAAR,142,71,142,142,0.575580437237097,0.46760419594386
aperiodic,10,41001,RAAR,144,72,144,144,0.574786202666225,0.469254870273681
aperiodic,10,41001,RAAR,146,73,146,146,0.575453992563795,0.479160914934316
aperiodic,10,41001,RAAR,148,74,148,148,0.575632778790031,0.476781408237743
aperiodic,10,41001,RAAR,150,75,150,150,0.576618137540321,0.486263503729112
aperiodic,10,41001,RAAR,152,76,152,152,0.575400656639939,0.483208481331631
aperiodic,10,41001,RAAR,154,77,154,154,0.575616672698942,0.479389819784449
aperiodic,10,41001,RAAR,156,78,156,156,0.575328131336936,0.479248631885045
aperiodic,10,41001,RAAR,158,79,158,158,0.577136777497596,0.481219296493954
aperiodic,10,41001,RAAR,160,80,160,160,0.580065236926962,0.484946856326595
aperiodic,10,41001,RAAR,162,81,162,162,0.582412414555873,0.482798244739457
aperiodic,10,41001,RAAR,164,82,164,164,0.583367043512224,0.482360100572169
aperiodic,10,41001,RAAR,166,83,166,166,0.583021838749602,0.480738255435631
aperiodic,10,41001,RAAR,168,84,168,168,0.58367803770827,0.483272372420475
aperiodic,10,41001,RAAR,170,85,170,170,0.583664101441019,0.478006401107581
aperiodic,10,41001,RAAR,172,86,172,172,0.586122680706225,0.481422170702649
aperiodic,10,41001,RAAR,174,87,174,174,0.587745811055419,0.480605030586601
aperiodic,10,41001,RAAR,176,88,176,176,0.5904228036501,0.480403140541718
aperiodic,10,41001,RAAR,178,89,178,178,0.591186254634429,0.487892434612728
aperiodic,10,41001,RAAR,180,90,180,180,0.594020815799324,0.484815609171652
aperiodic,10,41001,RAAR,182,91,182,182,0.595803672594683,0.49017525505966
aperiodic,10,41001,RAAR,184,92,184,184,0.596415257733693,0.492915129787581
aperiodic,10,41001,RAAR,186,93,186,186,0.596654376967214,0.49715781899948
aperiodic,10,41001,RAAR,188,94,188,188,0.597877527165234,0.499159260022764
aperiodic,10,41001,RAAR,190,95,190,190,0.59739390287845,0.50348879398228
aperiodic,10,41001,RAAR,192,96,192,192,0.598792334763895,0.499952101546286
aperiodic,10,41001,RAAR,194,97,194,194,0.599654152610609,0.499209590057079
aperiodic,10,41001,RAAR,196,98,196,196,0.599271694344383,0.492895005478375
aperiodic,10,41001,RAAR,198,99,198,198,0.599331926082349,0.488656562511793
aperiodic,10,41001,RAAR,200,100,200,200,0.60059347639479,0.489580881347064
aperiodic,10,41001,LBFGS,0,0,0,0,0.673865672403492,0.258357426288318
aperiodic,10,41001,LBFGS,2,0,2,2,0.673865672403492,0.258357426288318
aperiodic,10,41001,LBFGS,4,1,4,4,0.2270360481936,0.186184186755658
aperiodic,10,41001,LBFGS,6,2,6,6,0.220749655991949,0.175653589810511
aperiodic,10,41001,LBFGS,8,3,8,8,0.226493571174193,0.170969406190001
aperiodic,10,41001,LBFGS,10,4,10,10,0.227406179647157,0.168852884885342
aperiodic,10,41001,LBFGS,12,5,12,12,0.233771511533613,0.168974702267409
aperiodic,10,41001,LBFGS,14,6,14,14,0.23762091682725,0.168402611031814
aperiodic,10,41001,LBFGS,16,7,16,16,0.244269729574876,0.16961468519249
aperiodic,10,41001,LBFGS,18,8,18,18,0.251116254227325,0.172190046633082
aperiodic,10,41001,LBFGS,20,9,20,20,0.256261093873031,0.174554688208138
aperiodic,10,41001,LBFGS,22,10,22,22,0.261387226796762,0.177793153149315
aperiodic,10,41001,LBFGS,24,11,24,24,0.267156644591834,0.181453704774899
aperiodic,10,41001,LBFGS,26,12,26,26,0.273055040819859,0.185281212689779
aperiodic,10,41001,LBFGS,28,13,28,28,0.280182222418467,0.189400327125659
aperiodic,10,41001,LBFGS,30,14,30,30,0.284346031192141,0.192089840447902
aperiodic,10,41001,LBFGS,32,15,32,32,0.285378303058206,0.193034611169083
aperiodic,10,41001,LBFGS,34,15,34,32,0.285378303058206,0.193034611169083
aperiodic,10,41001,LBFGS,36,16,36,36,0.296388982891015,0.199972925810829
aperiodic,10,41001,LBFGS,38,17,38,38,0.294175404716167,0.198889824868525
aperiodic,10,41001,LBFGS,40,18,40,40,0.298023151473831,0.201978228882613
aperiodic,10,41001,LBFGS,42,19,42,42,0.306284293249616,0.207486650843322
aperiodic,10,41001,LBFGS,44,20,44,44,0.311540033554073,0.21100601798008
aperiodic,10,41001,LBFGS,46,21,46,46,0.319331602960469,0.216030521791238
aperiodic,10,41001,LBFGS,48,22,48,48,0.318962437186562,0.215661019025993
aperiodic,10,41001,LBFGS,50,23,50,50,0.327804537084291,0.221732309478224
aperiodic,10,41001,LBFGS,52,24,52,52,0.327403276689053,0.221888843816663
aperiodic,10,41001,LBFGS,54,25,54,54,0.333688125610948,0.226605012155417
aperiodic,10,41001,LBFGS,56,26,56,56,0.3382735508677,0.230355283475009
aperiodic,10,41001,LBFGS,58,27,58,58,0.344789780119169,0.235763414574393
aperiodic,10,41001,LBFGS,60,28,60,60,0.353457189229364,0.24263597826998
aperiodic,10,41001,LBFGS,62,29,62,62,0.358332669178035,0.246677975928438
aperiodic,10,41001,LBFGS,64,29,64,62,0.358332669178035,0.246677975928438
aperiodic,10,41001,LBFGS,66,30,66,66,0.36724942772434,0.253457573705632
aperiodic,10,41001,LBFGS,68,31,68,68,0.369539147593603,0.255529685385887
aperiodic,10,41001,LBFGS,70,32,70,70,0.37303486236515,0.258364349564747
aperiodic,10,41001,LBFGS,72,33,72,72,0.382632272831095,0.265973421754261
aperiodic,10,41001,LBFGS,74,34,74,74,0.381684952295967,0.265349494212394
aperiodic,10,41001,LBFGS,76,35,76,76,0.389665605129672,0.271588338688011
aperiodic,10,41001,LBFGS,78,36,78,78,0.392292432129326,0.273794489841247
aperiodic,10,41001,LBFGS,80,37,80,80,0.400834852681726,0.280540505704571
aperiodic,10,41001,LBFGS,82,38,82,82,0.399897982109087,0.27990797192546
aperiodic,10,41001,LBFGS,84,39,84,84,0.403435162516898,0.28278883778509
aperiodic,10,41001,LBFGS,86,40,86,86,0.415020122694263,0.292305938134314
aperiodic,10,41001,LBFGS,88,41,88,88,0.417262139009272,0.294575393708122
aperiodic,10,41001,LBFGS,90,42,90,90,0.4228390146624,0.299623548948591
aperiodic,10,41001,LBFGS,92,43,92,92,0.428898122059921,0.305648387324078
aperiodic,10,41001,LBFGS,94,44,94,94,0.434534160701893,0.31183548471193
aperiodic,10,41001,LBFGS,96,45,96,96,0.436718960882921,0.317045379835654
aperiodic,10,41001,LBFGS,98,46,98,98,0.443676395449312,0.323032541525164
aperiodic,10,41001,LBFGS,100,47,100,100,0.438653724293426,0.317862931231004
aperiodic,10,41001,LBFGS,102,48,102,102,0.444039832707814,0.323765617719709
aperiodic,10,41001,LBFGS,104,49,104,104,0.448173003146688,0.32703408622325
aperiodic,10,41001,LBFGS,106,50,106,106,0.452744578929659,0.331181287446233
aperiodic,10,41001,LBFGS,108,51,108,108,0.458750285834879,0.336995233911451
aperiodic,10,41001,LBFGS,110,52,110,110,0.464258237349299,0.342653518498911
aperiodic,10,41001,LBFGS,112,53,112,112,0.464738456861239,0.343531686386821
aperiodic,10,41001,LBFGS,114,54,114,114,0.475159811728817,0.353890771690198
aperiodic,10,41001,LBFGS,116,55,116,116,0.470383610678195,0.349058181889303
aperiodic,10,41001,LBFGS,118,56,118,118,0.471877318761582,0.350590327516171
aperiodic,10,41001,LBFGS,120,57,120,120,0.478954604183219,0.359333626851418
aperiodic,10,41001,LBFGS,122,58,122,122,0.480500041608605,0.363325200050947
aperiodic,10,41001,LBFGS,124,59,124,124,0.484923315340421,0.367519557935464
aperiodic,10,41001,LBFGS,126,60,126,126,0.490580979334085,0.371863912432868
aperiodic,10,41001,LBFGS,128,61,128,128,0.49459755204577,0.375027906296256
aperiodic,10,41001,LBFGS,130,62,130,130,0.493058165985545,0.373757952609107
aperiodic,10,41001,LBFGS,132,63,132,132,0.499667921209323,0.379041454941545
aperiodic,10,41001,LBFGS,134,64,134,134,0.49948187368672,0.378904483631702
aperiodic,10,41001,LBFGS,136,65,136,136,0.501551487273305,0.380739344336461
aperiodic,10,41001,LBFGS,138,66,138,138,0.504826571952716,0.383578831507104
aperiodic,10,41001,LBFGS,140,67,140,140,0.510556046435472,0.389227621161688
aperiodic,10,41001,LBFGS,142,68,142,142,0.511518566262528,0.390797274089162
aperiodic,10,41001,LBFGS,144,69,144,144,0.51810857325796,0.398129484031884
aperiodic,10,41001,LBFGS,146,70,146,146,0.516055403862923,0.396411645002059
aperiodic,10,41001,LBFGS,148,71,148,148,0.517964355343845,0.399334944654264
aperiodic,10,41001,LBFGS,150,72,150,150,0.521269796948866,0.403204718801729
aperiodic,10,41001,LBFGS,152,73,152,152,0.52521156254999,0.406746302540231
aperiodic,10,41001,LBFGS,154,74,154,154,0.531763413247447,0.412051244496579
aperiodic,10,41001,LBFGS,156,75,156,156,0.530071945171945,0.410073493872183
aperiodic,10,41001,LBFGS,158,76,158,158,0.535942888224947,0.414768720266052
aperiodic,10,41001,LBFGS,160,77,160,160,0.53663054769911,0.415307267780102
aperiodic,10,41001,LBFGS,162,78,162,162,0.537578304419437,0.416052923445666
aperiodic,10,41001,LBFGS,164,79,164,164,0.541155170760151,0.419058457365651
aperiodic,10,41001,LBFGS,166,80,166,166,0.540018110235961,0.418190308200726
aperiodic,10,41001,LBFGS,168,81,168,168,0.542221864840759,0.419969746580873
aperiodic,10,41001,LBFGS,170,82,170,170,0.544235424352163,0.421841266347236
aperiodic,10,41001,LBFGS,172,83,172,172,0.548004208931201,0.425697747661973
aperiodic,10,41001,LBFGS,174,84,174,174,0.551003553784196,0.428721611182184
aperiodic,10,41001,LBFGS,176,85,176,176,0.550754915171769,0.428842425253814
aperiodic,10,41001,LBFGS,178,86,178,178,0.554276331441069,0.431954796966033
aperiodic,10,41001,LBFGS,180,87,180,180,0.554126654593284,0.431910998520712
aperiodic,10,41001,LBFGS,182,88,182,182,0.55597665742382,0.433624303889381
aperiodic,10,41001,LBFGS,184,89,184,184,0.556702448872283,0.434376436811792
aperiodic,10,41001,LBFGS,186,90,186,186,0.55916536765988,0.436530082528555
aperiodic,10,41001,LBFGS,188,91,188,188,0.559193319103705,0.436624056138306
aperiodic,10,41001,LBFGS,190,92,190,190,0.56064223617786,0.438027759388594
aperiodic,10,41001,LBFGS,192,93,192,192,0.56125059016731,0.438693760748488
aperiodic,10,41001,LBFGS,194,94,194,194,0.562542737243127,0.440068357531277
aperiodic,10,41001,LBFGS,196,95,196,196,0.562419862694092,0.439981632010774
aperiodic,10,41001,LBFGS,198,96,198,198,0.564159436407627,0.441399019214924
aperiodic,10,41001,LBFGS,200,97,200,200,0.565442373684397,0.442597921931706
aperiodic,10,41002,HIO,0,0,0,0,0.673865672403492,0.258357426288318
aperiodic,10,41002,HIO,2,1,2,2,0.225590480230191,0.183636614034705
aperiodic,10,41002,HIO,4,2,4,4,0.222877442526,0.172683017717576
aperiodic,10,41002,HIO,6,3,6,6,0.232373622656455,0.173058321338935
aperiodic,10,41002,HIO,8,4,8,8,0.247082108378887,0.177951695732261
aperiodic,10,41002,HIO,10,5,10,10,0.264878459898334,0.186916701747409
aperiodic,10,41002,HIO,12,6,12,12,0.28342284989504,0.198041502542434
aperiodic,10,41002,HIO,14,7,14,14,0.302379164963611,0.211188802941709
aperiodic,10,41002,HIO,16,8,16,16,0.321961851657124,0.224930430870987
aperiodic,10,41002,HIO,18,9,18,18,0.340948750523592,0.240178203216578
aperiodic,10,41002,HIO,20,10,20,20,0.3601518486254,0.255916200711304
aperiodic,10,41002,HIO,22,11,22,22,0.380260498495607,0.271658875171081
aperiodic,10,41002,HIO,24,12,24,24,0.400200931385973,0.290472884049595
aperiodic,10,41002,HIO,26,13,26,26,0.420644940610397,0.307889344042445
aperiodic,10,41002,HIO,28,14,28,28,0.442294054237053,0.324437942151976
aperiodic,10,41002,HIO,30,15,30,30,0.465283744362221,0.34170567091976
aperiodic,10,41002,HIO,32,16,32,32,0.487987975543547,0.361148173356133
aperiodic,10,41002,HIO,34,17,34,34,0.510800183755784,0.384108071833191
aperiodic,10,41002,HIO,36,18,36,36,0.533286712920743,0.411336374881059
aperiodic,10,41002,HIO,38,19,38,38,0.555238119555617,0.430760270452708
aperiodic,10,41002,HIO,40,20,40,40,0.578294171597588,0.452681290815141
aperiodic,10,41002,HIO,42,21,42,42,0.60127893331385,0.481936468361069
aperiodic,10,41002,HIO,44,22,44,44,0.623761094333587,0.507269336540604
aperiodic,10,41002,HIO,46,23,46,46,0.645282529770266,0.53604209987491
aperiodic,10,41002,HIO,48,24,48,48,0.665709641406934,0.554006739329075
aperiodic,10,41002,HIO,50,25,50,50,0.68620678741095,0.580199611064827
aperiodic,10,41002,HIO,52,26,52,52,0.705285035204178,0.605457358676942
aperiodic,10,41002,HIO,54,27,54,54,0.724453849919864,0.632144035081543
aperiodic,10,41002,HIO,56,28,56,56,0.744238364379852,0.659334467969603
aperiodic,10,41002,HIO,58,29,58,58,0.764233791707176,0.687865049252872
aperiodic,10,41002,HIO,60,30,60,60,0.783456749783051,0.72304960025117
aperiodic,10,41002,HIO,62,31,62,62,0.802249737047943,0.758332536408591
aperiodic,10,41002,HIO,64,32,64,64,0.81997435679595,0.785073049296714
aperiodic,10,41002,HIO,66,33,66,66,0.83856740743486,0.818398296366815
aperiodic,10,41002,HIO,68,34,68,68,0.857024927216825,0.851804000200176
aperiodic,10,41002,HIO,70,35,70,70,0.87559858809964,0.881581333671483
aperiodic,10,41002,HIO,72,36,72,72,0.893123323621717,0.915521678245648
aperiodic,10,41002,HIO,74,37,74,74,0.908779439683047,0.946603111051466
aperiodic,10,41002,HIO,76,38,76,76,0.923622252101604,0.979464615130414
aperiodic,10,41002,HIO,78,39,78,78,0.937475459195353,1.00759637430009
aperiodic,10,41002,HIO,80,40,80,80,0.950593735830893,1.03733974649463
aperiodic,10,41002,HIO,82,41,82,82,0.963081734686366,1.06617903475732
aperiodic,10,41002,HIO,84,42,84,84,0.975846334069748,1.09255546560135
aperiodic,10,41002,HIO,86,43,86,86,0.98873358818911,1.11819419719117
aperiodic,10,41002,HIO,88,44,88,88,1.00061232654531,1.14348709673685
aperiodic,10,41002,HIO,90,45,90,90,1.01170752101637,1.16303646016509
aperiodic,10,41002,HIO,92,46,92,92,1.02141388106736,1.17785438603119
aperiodic,10,41002,HIO,94,47,94,94,1.0315997681323,1.20274858184937
aperiodic,10,41002,HIO,96,48,96,96,1.04148349923081,1.21893121990654
aperiodic,10,41002,HIO,98,49,98,98,1.05067580546366,1.2439382507467
aperiodic,10,41002,HIO,100,50,100,100,1.05989086451909,1.26488942397833
aperiodic,10,41002,HIO,102,51,102,102,1.06801234457418,1.27443342407035
aperiodic,10,41002,HIO,104,52,104,104,1.07630780462071,1.28690407857318
aperiodic,10,41002,HIO,106,53,106,106,1.08469091555098,1.30136898289803
aperiodic,10,41002,HIO,108,54,108,108,1.09389292622938,1.321844587028
aperiodic,10,41002,HIO,110,55,110,110,1.10356700467864,1.33819570274721
aperiodic,10,41002,HIO,112,56,112,112,1.11353069926665,1.36060067164893
aperiodic,10,41002,HIO,114,57,114,114,1.12429657461441,1.37848372435427
aperiodic,10,41002,HIO,116,58,116,116,1.13318443649557,1.39285625051734
aperiodic,10,41002,HIO,118,59,118,118,1.14062582723318,1.40424925642894
aperiodic,10,41002,HIO,120,60,120,120,1.1485400475781,1.41986554068407
aperiodic,10,41002,HIO,122,61,122,122,1.15423893327081,1.43078455220124
aperiodic,10,41002,HIO,124,62,124,124,1.16105251399636,1.44310723159686
aperiodic,10,41002,HIO,126,63,126,126,1.16632783279304,1.45371986384879
aperiodic,10,41002,HIO,128,64,128,128,1.17305103584959,1.46508505480135
aperiodic,10,41002,HIO,130,65,130,130,1.17907413802603,1.4776079564618
aperiodic,10,41002,HIO,132,66,132,132,1.18671646376128,1.490701202688
aperiodic,10,41002,HIO,134,67,134,134,1.19607779095194,1.5039557983803
aperiodic,10,41002,HIO,136,68,136,136,1.20543825955434,1.526433205612
aperiodic,10,41002,HIO,138,69,138,138,1.21445176721684,1.54402367460207
aperiodic,10,41002,HIO,140,70,140,140,1.22155114103495,1.55902379620418
aperiodic,10,41002,HIO,142,71,142,142,1.22788020681618,1.57086656774971
aperiodic,10,41002,HIO,144,72,144,144,1.23274116163721,1.58100831528113
aperiodic,10,41002,HIO,146,73,146,146,1.23798957129285,1.58654122292038
aperiodic,10,41002,HIO,148,74,148,148,1.24328142866574,1.59826464540025
aperiodic,10,41002,HIO,150,75,150,150,1.24809505893824,1.60681730195699
aperiodic,10,41002,HIO,152,76,152,152,1.2532063430116,1.60928579963776
aperiodic,10,41002,HIO,154,77,154,154,1.25851980116128,1.61198686954469
aperiodic,10,41002,HIO,156,78,156,156,1.26302261295839,1.62337552130906
aperiodic,10,41002,HIO,158,79,158,158,1.26757744083545,1.64266975429196
aperiodic,10,41002,HIO,160,80,160,160,1.27252318954242,1.65255035539549
aperiodic,10,41002,HIO,162,81,162,162,1.27772175772219,1.66263585777875
aperiodic,10,41002,HIO,164,82,164,164,1.28342968174164,1.67092177274104
aperiodic,10,41002,HIO,166,83,166,166,1.28976764457417,1.68512377057246
aperiodic,10,41002,HIO,168,84,168,168,1.29677342952976,1.7047574793803
aperiodic,10,41002,HIO,170,85,170,170,1.30305088932897,1.71868666254966
aperiodic,10,41002,HIO,172,86,172,172,1.3101301081713,1.73073642870843
aperiodic,10,41002,HIO,174,87,174,174,1.31726111797872,1.74078832394688
aperiodic,10,41002,HIO,176,88,176,176,1.32353423583026,1.74706167951912
aperiodic,10,41002,HIO,178,89,178,178,1.32982330011874,1.75693678774886
aperiodic,10,41002,HIO,180,90,180,180,1.33679978101501,1.76484619253745
aperiodic,10,41002,HIO,182,91,182,182,1.3437455644936,1.77069999079162
aperiodic,10,41002,HIO,184,92,184,184,1.34966719449901,1.78444150114647
aperiodic,10,41002,HIO,186,93,186,186,1.35513695252408,1.7954444846074
aperiodic,10,41002,HIO,188,94,188,188,1.35968134518784,1.80152134712281
aperiodic,10,41002,HIO,190,95,190,190,1.36359985552992,1.80638217990426
aperiodic,10,41002,HIO,192,96,192,192,1.36776982377968,1.81850788445353
aperiodic,10,41002,HIO,194,97,194,194,1.37154437817364,1.82196645123996
aperiodic,10,41002,HIO,196,98,196,196,1.37463758324011,1.82045368908081
aperiodic,10,41002,HIO,198,99,198,198,1.37773351091082,1.82102543114575
aperiodic,10,41002,HIO,200,100,200,200,1.38715529597703,1.79357677981328
aperiodic,10,41002,ER,0,0,0,0,0.673865672403492,0.258357426288318
aperiodic,10,41002,ER,2,1,2,2,0.225590480230191,0.183636614034705
aperiodic,10,41002,ER,4,2,4,4,0.219243037534934,0.17280637589522
aperiodic,10,41002,ER,6,3,6,6,0.218237340933263,0.168992267728556
aperiodic,10,41002,ER,8,4,8,8,0.218506793063531,0.167144614636211
aperiodic,10,41002,ER,10,5,10,10,0.21916356028273,0.166018025844831
aperiodic,10,41002,ER,12,6,12,12,0.219979571536968,0.165200476778093
aperiodic,10,41002,ER,14,7,14,14,0.220851526067057,0.164554217910093
aperiodic,10,41002,ER,16,8,16,16,0.221741293410866,0.164037562242161
aperiodic,10,41002,ER,18,9,18,18,0.222659528709492,0.163657038628706
aperiodic,10,41002,ER,20,10,20,20,0.223638645721131,0.163441432439577
aperiodic,10,41002,ER,22,11,22,22,0.224677515248485,0.163369793645988
aperiodic,10,41002,ER,24,12,24,24,0.225764888763271,0.163418070598174
aperiodic,10,41002,ER,26,13,26,26,0.22688543361258,0.163562125926458
aperiodic,10,41002,ER,28,14,28,28,0.228028004755749,0.163780540065685
aperiodic,10,41002,ER,30,15,30,30,0.229187700406285,0.164055007440432
aperiodic,10,41002,ER,32,16,32,32,0.230359733922414,0.164374667465851
aperiodic,10,41002,ER,34,17,34,34,0.231538043155134,0.164736876871564
aperiodic,10,41002,ER,36,18,36,36,0.232716371155034,0.165140224971179
aperiodic,10,41002,ER,38,19,38,38,0.233891292758397,0.165581526044161
aperiodic,10,41002,ER,40,20,40,40,0.23506068552351,0.16605564757532
aperiodic,10,41002,ER,42,21,42,42,0.236220807989453,0.166554645347251
aperiodic,10,41002,ER,44,22,44,44,0.237366302567424,0.167068496583693
aperiodic,10,41002,ER,46,23,46,46,0.238492373682119,0.167587473020324
aperiodic,10,41002,ER,48,24,48,48,0.239596696888158,0.168103833668286
aperiodic,10,41002,ER,50,25,50,50,0.24067939019189,0.168612195155174
aperiodic,10,41002,ER,52,26,52,52,0.241741801763645,0.169109684602277
aperiodic,10,41002,ER,54,27,54,54,0.24278458062473,0.169595798128575
aperiodic,10,41002,ER,56,28,56,56,0.243804632518722,0.170070681318334
aperiodic,10,41002,ER,58,29,58,58,0.244795779611702,0.170533665509922
aperiodic,10,41002,ER,60,30,60,60,0.245756402225169,0.170985326036372
aperiodic,10,41002,ER,62,31,62,62,0.246689936274396,0.171427988448154
aperiodic,10,41002,ER,64,32,64,64,0.247600708287133,0.171865028254335
aperiodic,10,41002,ER,66,33,66,66,0.248492209720091,0.172299469082323
aperiodic,10,41002,ER,68,34,68,68,0.249367208986127,0.172731586634844
aperiodic,10,41002,ER,70,35,70,70,0.250228546952984,0.173160032948104
aperiodic,10,41002,ER,72,36,72,72,0.25108010158057,0.173586059982726
aperiodic,10,41002,ER,74,37,74,74,0.251926908779126,0.174014025436942
aperiodic,10,41002,ER,76,38,76,76,0.252773053729337,0.174447737140126
aperiodic,10,41002,ER,78,39,78,78,0.253618073389152,0.174886906343148
aperiodic,10,41002,ER,80,40,80,80,0.254456741003415,0.175328934834983
aperiodic,10,41002,ER,82,41,82,82,0.25528305217936,0.175772670404384
aperiodic,10,41002,ER,84,42,84,84,0.256093514921267,0.176218023931042
aperiodic,10,41002,ER,86,43,86,86,0.256887712459286,0.176664764096879
aperiodic,10,41002,ER,88,44,88,88,0.257666954052593,0.177112509354975
aperiodic,10,41002,ER,90,45,90,90,0.258432982383711,0.177560898471134
aperiodic,10,41002,ER,92,46,92,92,0.259187352180799,0.178009589694197
aperiodic,10,41002,ER,94,47,94,94,0.259931197212029,0.178458121906682
aperiodic,10,41002,ER,96,48,96,96,0.260665103669267,0.178905644572964
aperiodic,10,41002,ER,98,49,98,98,0.261389013839998,0.179350667049224
aperiodic,10,41002,ER,100,50,100,100,0.262102560412366,0.17979145313267
aperiodic,10,41002,ER,102,51,102,102,0.26280579842819,0.180227016961689
aperiodic,10,41002,ER,104,52,104,104,0.263499390317299,0.180657588024336
aperiodic,10,41002,ER,106,53,106,106,0.264184155482181,0.181084439141978
aperiodic,10,41002,ER,108,54,108,108,0.26486077811754,0.181509468311364
aperiodic,10,41002,ER,110,55,110,110,0.265530103991415,0.181934427528541
aperiodic,10,41002,ER,112,56,112,112,0.266193308784553,0.182360245944084
aperiodic,10,41002,ER,114,57,114,114,0.266851251009802,0.182786620077278
aperiodic,10,41002,ER,116,58,116,116,0.267503591927292,0.183211476100178
aperiodic,10,41002,ER,118,59,118,118,0.268148892206647,0.183631572090826
aperiodic,10,41002,ER,120,60,120,120,0.268786193353736,0.184044985834567
aperiodic,10,41002,ER,122,61,122,122,0.26941585214337,0.184451997073954
aperiodic,10,41002,ER,124,62,124,124,0.270038861801762,0.184853815623488
aperiodic,10,41002,ER,126,63,126,126,0.270656317953094,0.185251714506979
aperiodic,10,41002,ER,128,64,128,128,0.271269322737272,0.18564680460007
aperiodic,10,41002,ER,130,65,130,130,0.271878810647111,0.186039872902445
aperiodic,10,41002,ER,132,66,132,132,0.272484945535876,0.186431098218895
aperiodic,10,41002,ER,134,67,134,134,0.273086792186586,0.186820126252103
aperiodic,10,41002,ER,136,68,136,136,0.273683559606707,0.187207135683868
aperiodic,10,41002,ER,138,69,138,138,0.274275856205069,0.187593545359297
aperiodic,10,41002,ER,140,70,140,140,0.27486506226012,0.187981025353451
aperiodic,10,41002,ER,142,71,142,142,0.275452241065298,0.188370452488896
aperiodic,10,41002,ER,144,72,144,144,0.276037697104483,0.188761728167087
aperiodic,10,41002,ER,146,73,146,146,0.27662105559597,0.189154153047399
aperiodic,10,41002,ER,148,74,148,148,0.27720163439005,0.189546973726254
aperiodic,10,41002,ER,150,75,150,150,0.277778749296623,0.18993957030887
aperiodic,10,41002,ER,152,76,152,152,0.278351790502739,0.190331292634602
aperiodic,10,41002,ER,154,77,154,154,0.278920228360794,0.190721375524577
aperiodic,10,41002,ER,156,78,156,156,0.279483640795466,0.191109021136221
aperiodic,10,41002,ER,158,79,158,158,0.28004172550977,0.191493461478499
aperiodic,10,41002,ER,160,80,160,160,0.280594278463614,0.191873922901696
aperiodic,10,41002,ER,162,81,162,162,0.281141168529774,0.192249581444651
aperiodic,10,41002,ER,164,82,164,164,0.281682333417206,0.192619602418323
aperiodic,10,41002,ER,166,83,166,166,0.282217785068085,0.192983255959245
aperiodic,10,41002,ER,168,84,168,168,0.282747604186092,0.193340056728992
aperiodic,10,41002,ER,170,85,170,170,0.283271927252089,0.193689886247942
aperiodic,10,41002,ER,172,86,172,172,0.283790931655329,0.194033019902717
aperiodic,10,41002,ER,174,87,174,174,0.284304812415849,0.194369996684993
aperiodic,10,41002,ER,176,88,176,176,0.284813757750274,0.194701409018697
aperiodic,10,41002,ER,178,89,178,178,0.285317943091309,0.195027752870125
aperiodic,10,41002,ER,180,90,180,180,0.285817547875578,0.195349386828615
aperiodic,10,41002,ER,182,91,182,182,0.286312782848609,0.195666562665745
aperiodic,10,41002,ER,184,92,184,184,0.286803915125833,0.195979482890297
aperiodic,10,41002,ER,186,93,186,186,0.287291283353643,0.196288367898638
aperiodic,10,41002,ER,188,94,188,188,0.287775292686955,0.196593538649989
aperiodic,10,41002,ER,190,95,190,190,0.288256372189385,0.196895519453471
aperiodic,10,41002,ER,192,96,192,192,0.288734906161888,0.197195120511767
aperiodic,10,41002,ER,194,97,194,194,0.289211251691288,0.197493421002269
aperiodic,10,41002,ER,196,98,196,196,0.289685967084197,0.197791643607324
aperiodic,10,41002,ER,198,99,198,198,0.290159968085201,0.198090901482777
aperiodic,10,41002,ER,200,100,200,200,0.290633673906918,0.198391454548672
aperiodic,10,41002,RAAR,0,0,0,0,0.673865672403492,0.258357426288318
aperiodic,10,41002,RAAR,2,1,2,2,0.225590480230191,0.183636614034705
aperiodic,10,41002,RAAR,4,2,4,4,0.250670655359197,0.18326848100865
aperiodic,10,41002,RAAR,6,3,6,6,0.275365281388924,0.195237638171105
aperiodic,10,41002,RAAR,8,4,8,8,0.30146179495119,0.21616679308846
aperiodic,10,41002,RAAR,10,5,10,10,0.328644125617939,0.239515862262689
aperiodic,10,41002,RAAR,12,6,12,12,0.350832762514193,0.25654551427288
aperiodic,10,41002,RAAR,14,7,14,14,0.365736457212452,0.267979225798768
aperiodic,10,41002,RAAR,16,8,16,16,0.378855595299862,0.288643248796134
aperiodic,10,41002,RAAR,18,9,18,18,0.388525285118667,0.296710997639003
aperiodic,10,41002,RAAR,20,10,20,20,0.399182999769958,0.306913516410507
aperiodic,10,41002,RAAR,22,11,22,22,0.404234527949466,0.303580433922959
aperiodic,10,41002,RAAR,24,12,24,24,0.412171790531737,0.308256676783355
aperiodic,10,41002,RAAR,26,13,26,26,0.416195093291532,0.30961353313004
aperiodic,10,41002,RAAR,28,14,28,28,0.420583055240062,0.312118008089757
aperiodic,10,41002,RAAR,30,15,30,30,0.423298651634532,0.313408629068068
aperiodic,10,41002,RAAR,32,16,32,32,0.426985502451035,0.317448673498377
aperiodic,10,41002,RAAR,34,17,34,34,0.430077896946353,0.324993172031223
aperiodic,10,41002,RAAR,36,18,36,36,0.435983517169077,0.328672903099292
aperiodic,10,41002,RAAR,38,19,38,38,0.440324340072845,0.334361181607306
aperiodic,10,41002,RAAR,40,20,40,40,0.445937468379999,0.342211499400207
aperiodic,10,41002,RAAR,42,21,42,42,0.45157950445532,0.349354982771547
aperiodic,10,41002,RAAR,44,22,44,44,0.455586406769253,0.354332480074687
aperiodic,10,41002,RAAR,46,23,46,46,0.458345027664055,0.35410645306741
aperiodic,10,41002,RAAR,48,24,48,48,0.462115212786695,0.357704551360633
aperiodic,10,41002,RAAR,50,25,50,50,0.465520104643358,0.36181411603737
aperiodic,10,41002,RAAR,52,26,52,52,0.469150350042735,0.363979876411984
aperiodic,10,41002,RAAR,54,27,54,54,0.472516305578152,0.363508700339329
aperiodic,10,41002,RAAR,56,28,56,56,0.477436682910567,0.367386736910533
aperiodic,10,41002,RAAR,58,29,58,58,0.481610880290353,0.369264389816611
aperiodic,10,41002,RAAR,60,30,60,60,0.486359012765329,0.374053626617427
aperiodic,10,41002,RAAR,62,31,62,62,0.490713050904216,0.376211511834783
aperiodic,10,41002,RAAR,64,32,64,64,0.495471280541055,0.385193046327075
aperiodic,10,41002,RAAR,66,33,66,66,0.496716795666393,0.385306769895911
aperiodic,10,41002,RAAR,68,34,68,68,0.501589092256046,0.394060807832017
aperiodic,10,41002,RAAR,70,35,70,70,0.503098805678633,0.396381481023887
aperiodic,10,41002,RAAR,72,36,72,72,0.506577545112938,0.401456719915229
aperiodic,10,41002,RAAR,74,37,74,74,0.507867870928378,0.397225758265574
aperiodic,10,41002,RAAR,76,38,76,76,0.512391998278182,0.405363204437154
aperiodic,10,41002,RAAR,78,39,78,78,0.515235212326533,0.409080691034345
aperiodic,10,41002,RAAR,80,40,80,80,0.518299699257034,0.41483459738486
aperiodic,10,41002,RAAR,82,41,82,82,0.518196573065112,0.41475503271169
aperiodic,10,41002,RAAR,84,42,84,84,0.51978266988495,0.413061199133949
aperiodic,10,41002,RAAR,86,43,86,86,0.520200816618588,0.416239951476593
aperiodic,10,41002,RAAR,88,44,88,88,0.522833909834842,0.424230121540814
aperiodic,10,41002,RAAR,90,45,90,90,0.524706397824214,0.421520308557848
aperiodic,10,41002,RAAR,92,46,92,92,0.528514655499919,0.417549002307016
aperiodic,10,41002,RAAR,94,47,94,94,0.52955333188189,0.420087092252055
aperiodic,10,41002,RAAR,96,48,96,96,0.532270041499681,0.420962185196126
aperiodic,10,41002,RAAR,98,49,98,98,0.532684273340489,0.414238986980586
aperiodic,10,41002,RAAR,100,50,100,100,0.535586457761024,0.417018275580329
aperiodic,10,41002,RAAR,102,51,102,102,0.535517954446576,0.418696582526684
aperiodic,10,41002,RAAR,104,52,104,104,0.537272513635116,0.423321682562378
aperiodic,10,41002,RAAR,106,53,106,106,0.536967418659104,0.428041857635855
aperiodic,10,41002,RAAR,108,54,108,108,0.538190527725805,0.429145913903844
aperiodic,10,41002,RAAR,110,55,110,110,0.539244401197668,0.433071464890789
aperiodic,10,41002,RAAR,112,56,112,112,0.542521779621228,0.436681216018874
aperiodic,10,41002,RAAR,114,57,114,114,0.544923585263623,0.441075774149405
aperiodic,10,41002,RAAR,116,58,116,116,0.546781288583434,0.4405367069891
aperiodic,10,41002,RAAR,118,59,118,118,0.549279370794654,0.440953776210533
aperiodic,10,41002,RAAR,120,60,120,120,0.551080609138128,0.449900871999542
aperiodic,10,41002,RAAR,122,61,122,122,0.554538114031818,0.453516937068854
aperiodic,10,41002,RAAR,124,62,124,124,0.558720423653417,0.45440987480476
aperiodic,10,41002,RAAR,126,63,126,126,0.560550533636452,0.455753356430764
aperiodic,10,41002,RAAR,128,64,128,128,0.563702444725606,0.458033085464161
aperiodic,10,41002,RAAR,130,65,130,130,0.563631627685774,0.458236901630081
aperiodic,10,41002,RAAR,132,66,132,132,0.567028191265608,0.460292364616963
aperiodic,10,41002,RAAR,134,67,134,134,0.567983207381343,0.458131839110695
aperiodic,10,41002,RAAR,136,68,136,136,0.569360783260912,0.462693868800393
aperiodic,10,41002,RAAR,138,69,138,138,0.56834428758466,0.462209303298217
aperiodic,10,41002,RAAR,140,70,140,140,0.569167152801434,0.455468029776595
aperiodic,10,41002,RAAR,142,71,142,142,0.568835014179538,0.458409796469205
aperiodic,10,41002,RAAR,144,72,144,144,0.570181339585694,0.460532299332118
aperiodic,10,41002,RAAR,146,73,146,146,0.570648898308696,0.466314977338995
aperiodic,10,41002,RAAR,148,74,148,148,0.573331086650891,0.463589175568949
aperiodic,10,41002,RAAR,150,75,150,150,0.575566494669467,0.463501899912534
aperiodic,10,41002,RAAR,152,76,152,152,0.577961593601352,0.463487870787907
aperiodic,10,41002,RAAR,154,77,154,154,0.577967143099145,0.467927860102112
aperiodic,10,41002,RAAR,156,78,156,156,0.580133399869239,0.464934287308548
aperiodic,10,41002,RAAR,158,79,158,158,0.580146821423973,0.46832124751278
aperiodic,10,41002,RAAR,160,80,160,160,0.581797280787096,0.470390059213865
aperiodic,10,41002,RAAR,162,81,162,162,0.582782893691364,0.472577334078532
aperiodic,10,41002,RAAR,164,82,164,164,0.585170968557809,0.47551992438577
aperiodic,10,41002,RAAR,166,83,166,166,0.585061023391897,0.481162409623028
aperiodic,10,41002,RAAR,168,84,168,168,0.587202841764848,0.484266288247568
aperiodic,10,41002,RAAR,170,85,170,170,0.587781422968085,0.490473684682558
aperiodic,10,41002,RAAR,172,86,172,172,0.587965811193854,0.493082741370728
aperiodic,10,41002,RAAR,174,87,174,174,0.588545344189132,0.491503849876874
aperiodic,10,41002,RAAR,176,88,176,176,0.589375700481949,0.488357748752708
aperiodic,10,41002,RAAR,178,89,178,178,0.589766878683676,0.485553055108837
aperiodic,10,41002,RAAR,180,90,180,180,0.590630241985379,0.485441095057895
aperiodic,10,41002,RAAR,182,91,182,182,0.58939695827889,0.485932995722427
aperiodic,10,41002,RAAR,184,92,184,184,0.590322188996148,0.492240260035271
aperiodic,10,41002,RAAR,186,93,186,186,0.589287662857496,0.486414893407287
aperiodic,10,41002,RAAR,188,94,188,188,0.589789751451614,0.488043970159177
aperiodic,10,41002,RAAR,190,95,190,190,0.591074852084208,0.487537736496601
aperiodic,10,41002,RAAR,192,96,192,192,0.591217719268896,0.490319916552132
aperiodic,10,41002,RAAR,194,97,194,194,0.590600462700635,0.488800540677817
aperiodic,10,41002,RAAR,196,98,196,196,0.589429263233574,0.492271953003779
aperiodic,10,41002,RAAR,198,99,198,198,0.588117893153972,0.487662342992069
aperiodic,10,41002,RAAR,200,100,200,200,0.588482505875301,0.486832395817159
aperiodic,10,41002,LBFGS,0,0,0,0,0.673865672403492,0.258357426288318
aperiodic,10,41002,LBFGS,2,0,2,2,0.673865672403492,0.258357426288318
aperiodic,10,41002,LBFGS,4,1,4,4,0.225590480230191,0.183636614034705
aperiodic,10,41002,LBFGS,6,2,6,6,0.219560834179315,0.172512376437643
aperiodic,10,41002,LBFGS,8,3,8,8,0.225667429164229,0.167478214522613
aperiodic,10,41002,LBFGS,10,4,10,10,0.226008897980578,0.165395650991637
aperiodic,10,41002,LBFGS,12,5,12,12,0.231153755090603,0.165730204666305
aperiodic,10,41002,LBFGS,14,6,14,14,0.234097892890499,0.165715773887772
aperiodic,10,41002,LBFGS,16,7,16,16,0.241152218936656,0.167928428363261
aperiodic,10,41002,LBFGS,18,8,18,18,0.247555577405104,0.170741445265221
aperiodic,10,41002,LBFGS,20,9,20,20,0.252262998780944,0.173208176553796
aperiodic,10,41002,LBFGS,22,10,22,22,0.257278327332445,0.176236204188014
aperiodic,10,41002,LBFGS,24,11,24,24,0.263042420835572,0.179777138359777
aperiodic,10,41002,LBFGS,26,12,26,26,0.269560498959881,0.184022739867982
aperiodic,10,41002,LBFGS,28,13,28,28,0.274077758991521,0.186684685015
aperiodic,10,41002,LBFGS,30,14,30,30,0.288878897978121,0.195694832383204
aperiodic,10,41002,LBFGS,32,15,32,32,0.279433534121258,0.190213744605718
aperiodic,10,41002,LBFGS,34,16,34,34,0.281449479643949,0.191712430948795
aperiodic,10,41002,LBFGS,36,17,36,36,0.285887330996685,0.194612822647261
aperiodic,10,41002,LBFGS,38,18,38,38,0.293281321374462,0.199721137397664
aperiodic,10,41002,LBFGS,40,19,40,40,0.298218132776169,0.203351047834681
aperiodic,10,41002,LBFGS,42,20,42,42,0.304391075516525,0.207993899989077
aperiodic,10,41002,LBFGS,44,21,44,44,0.303380796226347,0.207849148427032
aperiodic,10,41002,LBFGS,46,22,46,46,0.312043511399122,0.214145244776127
aperiodic,10,41002,LBFGS,48,23,48,48,0.313427954819543,0.214960876083902
aperiodic,10,41002,LBFGS,50,24,50,50,0.317184308800218,0.21773747842509
aperiodic,10,41002,LBFGS,52,25,52,52,0.324593475312745,0.223273167850113
aperiodic,10,41002,LBFGS,54,26,54,54,0.325572377225495,0.223955947185912
aperiodic,10,41002,LBFGS,56,27,56,56,0.335843865387008,0.231699174527757
aperiodic,10,41002,LBFGS,58,28,58,58,0.336864144764139,0.232579164171113
aperiodic,10,41002,LBFGS,60,29,60,60,0.34171407226996,0.236302746506867
aperiodic,10,41002,LBFGS,62,30,62,62,0.351699829334861,0.244275336331679
aperiodic,10,41002,LBFGS,64,31,64,64,0.353507128294152,0.246030061864392
aperiodic,10,41002,LBFGS,66,32,66,66,0.36264178266013,0.25398166449497
aperiodic,10,41002,LBFGS,68,33,68,68,0.362949094226397,0.254658286803467
aperiodic,10,41002,LBFGS,70,34,70,70,0.366368645303001,0.257669009009531
aperiodic,10,41002,LBFGS,72,35,72,72,0.373649518387031,0.263952308221627
aperiodic,10,41002,LBFGS,74,36,74,74,0.37141194303831,0.262146755631785
aperiodic,10,41002,LBFGS,76,37,76,76,0.374868126442225,0.26543096230124
aperiodic,10,41002,LBFGS,78,38,78,78,0.381844959404956,0.27207805939627
aperiodic,10,41002,LBFGS,80,39,80,80,0.38443920714109,0.27480119974907
aperiodic,10,41002,LBFGS,82,40,82,82,0.393278437927751,0.284223770796666
aperiodic,10,41002,LBFGS,84,41,84,84,0.397271709288042,0.289527207350411
aperiodic,10,41002,LBFGS,86,42,86,86,0.405795048069472,0.29772288844246
aperiodic,10,41002,LBFGS,88,43,88,88,0.410233819748321,0.30190407353518
aperiodic,10,41002,LBFGS,90,44,90,90,0.411412944645491,0.302948270795647
aperiodic,10,41002,LBFGS,92,45,92,92,0.41296379958721,0.303740051291415
aperiodic,10,41002,LBFGS,94,46,94,94,0.415739817099662,0.305505963391989
aperiodic,10,41002,LBFGS,96,47,96,96,0.423394622420675,0.311867392034436
aperiodic,10,41002,LBFGS,98,48,98,98,0.418392301298052,0.307618734778536
aperiodic,10,41002,LBFGS,100,49,100,100,0.42274588451968,0.311704230924165
aperiodic,10,41002,LBFGS,102,50,102,102,0.426742792050447,0.315108343188477
aperiodic,10,41002,LBFGS,104,51,104,104,0.431234446805693,0.319247729029704
aperiodic,10,41002,LBFGS,106,52,106,106,0.435399750200143,0.322301143602742
aperiodic,10,41002,LBFGS,108,53,108,108,0.436374230451297,0.323082028709255
aperiodic,10,41002,LBFGS,110,54,110,110,0.440029810547434,0.326111592329213
aperiodic,10,41002,LBFGS,112,55,112,112,0.440393165217186,0.326631774589187
aperiodic,10,41002,LBFGS,114,56,114,114,0.445465614725051,0.33119803605903
aperiodic,10,41002,LBFGS,116,57,116,116,0.447673879375459,0.333593778886895
aperiodic,10,41002,LBFGS,118,58,118,118,0.451861899829031,0.337850679549226
aperiodic,10,41002,LBFGS,120,59,120,120,0.456030008533506,0.342153246517727
aperiodic,10,41002,LBFGS,122,60,122,122,0.461246284738413,0.347530662896104
aperiodic,10,41002,LBFGS,124,61,124,124,0.458959444306696,0.34566866312292
aperiodic,10,41002,LBFGS,126,62,126,126,0.462040402339344,0.348952563559251
aperiodic,10,41002,LBFGS,128,63,128,128,0.464107442492875,0.351410306290667
aperiodic,10,41002,LBFGS,130,64,130,130,0.467147602059518,0.355397827756038
aperiodic,10,41002,LBFGS,132,65,132,132,0.470170278031686,0.359576692072025
aperiodic,10,41002,LBFGS,134,66,134,134,0.475357904602147,0.366578936045556
aperiodic,10,41002,LBFGS,136,67,136,136,0.476113970061532,0.367958329217543
aperiodic,10,41002,LBFGS,138,68,138,138,0.48236455332412,0.375221052111841
aperiodic,10,41002,LBFGS,140,69,140,140,0.480885282759356,0.37394299321561
aperiodic,10,41002,LBFGS,142,70,142,142,0.481820338113532,0.375043823730626
aperiodic,10,41002,LBFGS,144,71,144,144,0.487101890224799,0.381754246267536
aperiodic,10,41002,LBFGS,146,72,146,146,0.489181943092681,0.38463592459136
aperiodic,10,41002,LBFGS,148,73,148,148,0.492302152215961,0.389336264344741
aperiodic,10,41002,LBFGS,150,74,150,150,0.493362261563458,0.391414197234449
aperiodic,10,41002,LBFGS,152,75,152,152,0.496930058655851,0.396041747604478
aperiodic,10,41002,LBFGS,154,76,154,154,0.496656759598091,0.395805773284068
aperiodic,10,41002,LBFGS,156,77,156,156,0.500235518052794,0.400361816237364
aperiodic,10,41002,LBFGS,158,78,158,158,0.501148285185024,0.401240631799677
aperiodic,10,41002,LBFGS,160,79,160,160,0.504959926732423,0.405418521398199
aperiodic,10,41002,LBFGS,162,80,162,162,0.502585066915317,0.402266739332882
aperiodic,10,41002,LBFGS,164,81,164,164,0.504554269483944,0.404761051747854
aperiodic,10,41002,LBFGS,166,82,166,166,0.507173380300649,0.407825798902663
aperiodic,10,41002,LBFGS,168,83,168,168,0.508756269256864,0.409646992429863
aperiodic,10,41002,LBFGS,170,84,170,170,0.512739943905069,0.41372741265353
aperiodic,10,41002,LBFGS,172,85,172,172,0.511118190927361,0.412051177601701
aperiodic,10,41002,LBFGS,174,86,174,174,0.512652357490905,0.413669295163355
aperiodic,10,41002,LBFGS,176,87,176,176,0.516596328153241,0.417800109211036
aperiodic,10,41002,LBFGS,178,88,178,178,0.51763653951255,0.418949766147113
aperiodic,10,41002,LBFGS,180,89,180,180,0.521571160789968,0.423201753267911
aperiodic,10,41002,LBFGS,182,90,182,182,0.520773986858053,0.422262774190422
aperiodic,10,41002,LBFGS,184,91,184,184,0.523385333936838,0.425012388775026
aperiodic,10,41002,LBFGS,186,92,186,186,0.524411583281737,0.426099233645922
aperiodic,10,41002,LBFGS,188,93,188,188,0.5264786142171,0.428335177624827
aperiodic,10,41002,LBFGS,190,94,190,190,0.527675428729289,0.429714277278579
aperiodic,10,41002,LBFGS,192,95,192,192,0.530216598692866,0.43243701350937
aperiodic,10,41002,LBFGS,194,96,194,194,0.53201913854752,0.434333060099152
aperiodic,10,41002,LBFGS,196,97,196,196,0.536680203904854,0.439264883262962
aperiodic,10,41002,LBFGS,198,98,198,198,0.536245851111647,0.438832361606676
aperiodic,10,41002,LBFGS,200,99,200,200,0.538075627007069,0.44079303663003
aperiodic,10,41003,HIO,0,0,0,0,0.673865672403492,0.258357426288318
aperiodic,10,41003,HIO,2,1,2,2,0.227284542777024,0.185089187760607
aperiodic,10,41003,HIO,4,2,4,4,0.225160175812251,0.174638590410162
aperiodic,10,41003,HIO,6,3,6,6,0.234329080853774,0.174590318589671
aperiodic,10,41003,HIO,8,4,8,8,0.248129013822126,0.179004247328822
aperiodic,10,41003,HIO,10,5,10,10,0.264845281956977,0.187502982479486
aperiodic,10,41003,HIO,12,6,12,12,0.282671813097634,0.199970423867789
aperiodic,10,41003,HIO,14,7,14,14,0.301552209764894,0.212388151650564
aperiodic,10,41003,HIO,16,8,16,16,0.321337512589487,0.225192631116082
aperiodic,10,41003,HIO,18,9,18,18,0.341334770952814,0.238978027897092
aperiodic,10,41003,HIO,20,10,20,20,0.36247449956611,0.255851310801798
aperiodic,10,41003,HIO,22,11,22,22,0.38423969945534,0.273857870058011
aperiodic,10,41003,HIO,24,12,24,24,0.406353627209743,0.292737953383786
aperiodic,10,41003,HIO,26,13,26,26,0.429114796341229,0.310937877678946
aperiodic,10,41003,HIO,28,14,28,28,0.452699525566373,0.331521762986756
aperiodic,10,41003,HIO,30,15,30,30,0.476580750953361,0.353820868987727
aperiodic,10,41003,HIO,32,16,32,32,0.500387762570115,0.376530171700953
aperiodic,10,41003,HIO,34,17,34,34,0.524065727368701,0.399179961725918
aperiodic,10,41003,HIO,36,18,36,36,0.547366590197604,0.420959255427076
aperiodic,10,41003,HIO,38,19,38,38,0.56928863977427,0.438953410579143
aperiodic,10,41003,HIO,40,20,40,40,0.589919159151061,0.460141040500206
aperiodic,10,41003,HIO,42,21,42,42,0.609311836764797,0.479790687812377
aperiodic,10,41003,HIO,44,22,44,44,0.628933725521471,0.497557264873612
aperiodic,10,41003,HIO,46,23,46,46,0.649516513075375,0.525909683272435
aperiodic,10,41003,HIO,48,24,48,48,0.669381098181423,0.560682525744531
aperiodic,10,41003,HIO,50,25,50,50,0.688620117304401,0.591129032140618
aperiodic,10,41003,HIO,52,26,52,52,0.708450285209986,0.617833392123495
aperiodic,10,41003,HIO,54,27,54,54,0.727637150509612,0.648808578013964
aperiodic,10,41003,HIO,56,28,56,56,0.745173356609803,0.672516301724638
aperiodic,10,41003,HIO,58,29,58,58,0.761476941295936,0.6937289579934
aperiodic,10,41003,HIO,60,30,60,60,0.776456196781871,0.7143464610182
aperiodic,10,41003,HIO,62,31,62,62,0.791258144922508,0.739644300981674
aperiodic,10,41003,HIO,64,32,64,64,0.805877261854309,0.759577726340766
aperiodic,10,41003,HIO,66,33,66,66,0.821205737481642,0.784101977593229
aperiodic,10,41003,HIO,68,34,68,68,0.837494329636027,0.817766651440452
aperiodic,10,41003,HIO,70,35,70,70,0.853346357780921,0.865745089280081
aperiodic,10,41003,HIO,72,36,72,72,0.8683126484818,0.89814793925673
aperiodic,10,41003,HIO,74,37,74,74,0.883003667418599,0.924770961350451
aperiodic,10,41003,HIO,76,38,76,76,0.899425610458118,0.947101685919993
aperiodic,10,41003,HIO,78,39,78,78,0.91470860529745,0.972182013160156
aperiodic,10,41003,HIO,80,40,80,80,0.930004322750489,0.992064694730046
aperiodic,10,41003,HIO,82,41,82,82,0.944970273647674,1.0126470757664
aperiodic,10,41003,HIO,84,42,84,84,0.959116326574346,1.03243721724186
aperiodic,10,41003,HIO,86,43,86,86,0.97328032752129,1.04841663329057
aperiodic,10,41003,HIO,88,44,88,88,0.985895726643549,1.06164305116673
aperiodic,10,41003,HIO,90,45,90,90,0.99656320335469,1.0838713646681
aperiodic,10,41003,HIO,92,46,92,92,1.00539630754434,1.10161193440003
aperiodic,10,41003,HIO,94,47,94,94,1.01347189840322,1.12881993641744
aperiodic,10,41003,HIO,96,48,96,96,1.02175908815606,1.16051775072313
aperiodic,10,41003,HIO,98,49,98,98,1.03009454071783,1.18220277344449
aperiodic,10,41003,HIO,100,50,100,100,1.03811441477637,1.20372403078183
aperiodic,10,41003,HIO,102,51,102,102,1.04650446833108,1.21827728668975
aperiodic,10,41003,HIO,104,52,104,104,1.05359214982152,1.22731718652904
aperiodic,10,41003,HIO,106,53,106,106,1.05991771198647,1.24168546842271
aperiodic,10,41003,HIO,108,54,108,108,1.06713026420806,1.25731024068558
aperiodic,10,41003,HIO,110,55,110,110,1.07340662497259,1.27315355724366
aperiodic,10,41003,HIO,112,56,112,112,1.08009134761301,1.29356296191995
aperiodic,10,41003,HIO,114,57,114,114,1.0865318565785,1.31121089531837
aperiodic,10,41003,HIO,116,58,116,116,1.09366565659136,1.3262578594953
aperiodic,10,41003,HIO,118,59,118,118,1.10003029221956,1.34517055142973
aperiodic,10,41003,HIO,120,60,120,120,1.10578478821433,1.35456391980623
aperiodic,10,41003,HIO,122,61,122,122,1.11213414081544,1.36759480333149
aperiodic,10,41003,HIO,124,62,124,124,1.1189415965781,1.37824077395162
aperiodic,10,41003,HIO,126,63,126,126,1.12649442063715,1.39907494733672
aperiodic,10,41003,HIO,128,64,128,128,1.13554110214713,1.42123604296438
aperiodic,10,41003,HIO,130,65,130,130,1.14417316931449,1.43544410652852
aperiodic,10,41003,HIO,132,66,132,132,1.15219398526764,1.44687242679995
aperiodic,10,41003,HIO,134,67,134,134,1.15925951767669,1.46125237904407
aperiodic,10,41003,HIO,136,68,136,136,1.16788204684111,1.47742780420681
aperiodic,10,41003,HIO,138,69,138,138,1.17609379894591,1.49140529391101
aperiodic,10,41003,HIO,140,70,140,140,1.18494718982315,1.50813825795952
aperiodic,10,41003,HIO,142,71,142,142,1.19286165933517,1.51680661448914
aperiodic,10,41003,HIO,144,72,144,144,1.2003419564418,1.52987393978156
aperiodic,10,41003,HIO,146,73,146,146,1.20653725870841,1.54103533168755
aperiodic,10,41003,HIO,148,74,148,148,1.21253729391073,1.55286998633982
aperiodic,10,41003,HIO,150,75,150,150,1.21764037961983,1.55975609473903
aperiodic,10,41003,HIO,152,76,152,152,1.22108009341612,1.57167240047195
aperiodic,10,41003,HIO,154,77,154,154,1.22426869359202,1.58564662352059
aperiodic,10,41003,HIO,156,78,156,156,1.22768827759939,1.59433808658596
aperiodic,10,41003,HIO,158,79,158,158,1.23116069900738,1.60187459410619
aperiodic,10,41003,HIO,160,80,160,160,1.2353792745598,1.61194482554696
aperiodic,10,41003,HIO,162,81,162,162,1.2390191036764,1.6224510872427
aperiodic,10,41003,HIO,164,82,164,164,1.24235366551627,1.62666733455742
aperiodic,10,41003,HIO,166,83,166,166,1.24602280495338,1.63076979307404
aperiodic,10,41003,HIO,168,84,168,168,1.24958037836235,1.63990407020333
aperiodic,10,41003,HIO,170,85,170,170,1.25495471748361,1.64563784069648
aperiodic,10,41003,HIO,172,86,172,172,1.26059760784765,1.65310849429075
aperiodic,10,41003,HIO,174,87,174,174,1.26715918306176,1.66241055060504
aperiodic,10,41003,HIO,176,88,176,176,1.27247421102975,1.66351986961201
aperiodic,10,41003,HIO,178,89,178,178,1.27599507745886,1.67493448233117
aperiodic,10,41003,HIO,180,90,180,180,1.27849147805307,1.68110768240093
aperiodic,10,41003,HIO,182,91,182,182,1.28171244278964,1.68173634521767
aperiodic,10,41003,HIO,184,92,184,184,1.28529019133842,1.6785855847122
aperiodic,10,41003,HIO,186,93,186,186,1.28794511418018,1.68513513900228
aperiodic,10,41003,HIO,188,94,188,188,1.28989499386556,1.69049652492982
aperiodic,10,41003,HIO,190,95,190,190,1.29193639629541,1.69391198603301
aperiodic,10,41003,HIO,192,96,192,192,1.29374561661638,1.69219536650735
aperiodic,10,41003,HIO,194,97,194,194,1.29545936512794,1.69097081572686
aperiodic,10,41003,HIO,196,98,196,196,1.29793050978577,1.69479270961806
aperiodic,10,41003,HIO,198,99,198,198,1.30155226573485,1.69571001145884
aperiodic,10,41003,HIO,200,100,200,200,1.3044330680613,1.70012870070134
aperiodic,10,41003,ER,0,0,0,0,0.673865672403492,0.258357426288318
aperiodic,10,41003,ER,2,1,2,2,0.227284542777024,0.185089187760607
aperiodic,10,41003,ER,4,2,4,4,0.221563257360159,0.174972707655213
aperiodic,10,41003,ER,6,3,6,6,0.220669498222158,0.17111059738524
aperiodic,10,41003,ER,8,4,8,8,0.220773022275787,0.168915844098228
aperiodic,10,41003,ER,10,5,10,10,0.221226824691282,0.167337891030083
aperiodic,10,41003,ER,12,6,12,12,0.221899599343636,0.166167566410518
aperiodic,10,41003,ER,14,7,14,14,0.222724025502411,0.165296123260657
aperiodic,10,41003,ER,16,8,16,16,0.223662028645237,0.164652831549617
aperiodic,10,41003,ER,18,9,18,18,0.224684252269687,0.164191598732987
aperiodic,10,41003,ER,20,10,20,20,0.225771648315687,0.1638756671636
aperiodic,10,41003,ER,22,11,22,22,0.22691035866148,0.163676770098282
aperiodic,10,41003,ER,24,12,24,24,0.228089612496111,0.163574532261897
aperiodic,10,41003,ER,26,13,26,26,0.229297644720481,0.163552657339152
aperiodic,10,41003,ER,28,14,28,28,0.230520119110571,0.163596209712309
aperiodic,10,41003,ER,30,15,30,30,0.231744212676926,0.163694149868295
aperiodic,10,41003,ER,32,16,32,32,0.232962648463685,0.163840125196233
aperiodic,10,41003,ER,34,17,34,34,0.234169668340679,0.164027356546317
aperiodic,10,41003,ER,36,18,36,36,0.2353534340326,0.164248326331249
aperiodic,10,41003,ER,38,19,38,38,0.23650928376143,0.164498014994748
aperiodic,10,41003,ER,40,20,40,40,0.237648333204173,0.164775565221032
aperiodic,10,41003,ER,42,21,42,42,0.238782562671792,0.16508026838175
aperiodic,10,41003,ER,44,22,44,44,0.239914254088247,0.165407414236959
aperiodic,10,41003,ER,46,23,46,46,0.241038449904946,0.165749730134182
aperiodic,10,41003,ER,48,24,48,48,0.242148970739115,0.166100612993196
aperiodic,10,41003,ER,50,25,50,50,0.243242167023347,0.166457664011111
aperiodic,10,41003,ER,52,26,52,52,0.244315562262856,0.166819535926151
aperiodic,10,41003,ER,54,27,54,54,0.24536724459748,0.167182517068882
aperiodic,10,41003,ER,56,28,56,56,0.246396138646918,0.167540766464469
aperiodic,10,41003,ER,58,29,58,58,0.247403490652639,0.167890824337822
aperiodic,10,41003,ER,60,30,60,60,0.248390662260594,0.168231626335812
aperiodic,10,41003,ER,62,31,62,62,0.249359041376248,0.168564093678511
aperiodic,10,41003,ER,64,32,64,64,0.250311858933945,0.168890902951707
aperiodic,10,41003,ER,66,33,66,66,0.251251972370854,0.169214024326989
aperiodic,10,41003,ER,68,34,68,68,0.252181572355252,0.169535920198786
aperiodic,10,41003,ER,70,35,70,70,0.253102741628042,0.169862128275201
aperiodic,10,41003,ER,72,36,72,72,0.254017606738719,0.170200120317049
aperiodic,10,41003,ER,74,37,74,74,0.25492825016811,0.170555529392059
aperiodic,10,41003,ER,76,38,76,76,0.255835594501399,0.17093029263725
aperiodic,10,41003,ER,78,39,78,78,0.25673877675825,0.171321867712196
aperiodic,10,41003,ER,80,40,80,80,0.257638299740031,0.171727974266168
aperiodic,10,41003,ER,82,41,82,82,0.258534353364882,0.172147706450402
aperiodic,10,41003,ER,84,42,84,84,0.259423832814858,0.172577994956889
aperiodic,10,41003,ER,86,43,86,86,0.260303211841703,0.173014932283221
aperiodic,10,41003,ER,88,44,88,88,0.261171905925674,0.173456337828875
aperiodic,10,41003,ER,90,45,90,90,0.262031511399471,0.173901350161032
aperiodic,10,41003,ER,92,46,92,92,0.262883962431671,0.174349254723645
aperiodic,10,41003,ER,94,47,94,94,0.263730851913302,0.174799232228273
aperiodic,10,41003,ER,96,48,96,96,0.264573530136158,0.175250601462492
aperiodic,10,41003,ER,98,49,98,98,0.265413384846298,0.175703012447515
aperiodic,10,41003,ER,100,50,100,100,0.266251971572244,0.176156407614784
aperiodic,10,41003,ER,102,51,102,102,0.267090400720151,0.176610874739182
aperiodic,10,41003,ER,104,52,104,104,0.267927516743839,0.177066586509224
aperiodic,10,41003,ER,106,53,106,106,0.268759763335557,0.177523906732883
aperiodic,10,41003,ER,108,54,108,108,0.269584678301513,0.177983437417506
aperiodic,10,41003,ER,110,55,110,110,0.270402161511246,0.178445114028681
aperiodic,10,41003,ER,112,56,112,112,0.271212558466929,0.178907911334593
aperiodic,10,41003,ER,114,57,114,114,0.272015904060984,0.179370697648073
aperiodic,10,41003,ER,116,58,116,116,0.272812463662692,0.179832917994029
aperiodic,10,41003,ER,118,59,118,118,0.273602639443338,0.180294166965639
aperiodic,10,41003,ER,120,60,120,120,0.27438594140809,0.180753203185484
aperiodic,10,41003,ER,122,61,122,122,0.275161015393706,0.181208211696475
aperiodic,10,41003,ER,124,62,124,124,0.275927096682819,0.181658283268612
aperiodic,10,41003,ER,126,63,126,126,0.276684266894146,0.182103702488171
aperiodic,10,41003,ER,128,64,128,128,0.277432684887905,0.18254512026831
aperiodic,10,41003,ER,130,65,130,130,0.27817246714535,0.182983146709086
aperiodic,10,41003,ER,132,66,132,132,0.278903937810026,0.183418307316795
aperiodic,10,41003,ER,134,67,134,134,0.279627636131394,0.183851041517541
aperiodic,10,41003,ER,136,68,136,136,0.280344230543046,0.184281823087376
aperiodic,10,41003,ER,138,69,138,138,0.281054538838759,0.184711365855081
aperiodic,10,41003,ER,140,70,140,140,0.281759593502625,0.18514072245838
aperiodic,10,41003,ER,142,71,142,142,0.282460491998125,0.185570933453558
aperiodic,10,41003,ER,144,72,144,144,0.283157631764291,0.186001877972928
aperiodic,10,41003,ER,146,73,146,146,0.283849867765501,0.186431359662072
aperiodic,10,41003,ER,148,74,148,148,0.284535582755365,0.186856655560549
aperiodic,10,41003,ER,150,75,150,150,0.285214588311237,0.18727681814977
aperiodic,10,41003,ER,152,76,152,152,0.285887903427048,0.187692587107636
aperiodic,10,41003,ER,154,77,154,154,0.286556586017539,0.18810525082726
aperiodic,10,41003,ER,156,78,156,156,0.287221241863504,0.188516027235771
aperiodic,10,41003,ER,158,79,158,158,0.28788213099256,0.18892586051044
aperiodic,10,41003,ER,160,80,160,160,0.288539470055908,0.189335368874552
aperiodic,10,41003,ER,162,81,162,162,0.289193691038867,0.189744893461015
aperiodic,10,41003,ER,164,82,164,164,0.28984552288107,0.190154641925817
aperiodic,10,41003,ER,166,83,166,166,0.290495668783869,0.190564822157325
aperiodic,10,41003,ER,168,84,168,168,0.291144082287925,0.190975609427873
aperiodic,10,41003,ER,170,85,170,170,0.291790063353331,0.191387043514347
aperiodic,10,41003,ER,172,86,172,172,0.292433474205088,0.191799272941327
aperiodic,10,41003,ER,174,87,174,174,0.293074958567144,0.192212848591488
aperiodic,10,41003,ER,176,88,176,176,0.293715224071655,0.192628471885221
aperiodic,10,41003,ER,178,89,178,178,0.294354487581959,0.193046436623078
aperiodic,10,41003,ER,180,90,180,180,0.29499218125749,0.19346611736298
aperiodic,10,41003,ER,182,91,182,182,0.295627165136692,0.193885914106401
aperiodic,10,41003,ER,184,92,184,184,0.296258519279165,0.194303839500852
aperiodic,10,41003,ER,186,93,186,186,0.296886121909755,0.194718205247636
aperiodic,10,41003,ER,188,94,188,188,0.297510517183083,0.195128014751314
aperiodic,10,41003,ER,190,95,190,190,0.298132232927468,0.195533231851936
aperiodic,10,41003,ER,192,96,192,192,0.298750951219167,0.195934604690012
aperiodic,10,41003,ER,194,97,194,194,0.29936555459742,0.196332756849209
aperiodic,10,41003,ER,196,98,196,196,0.299974781092243,0.196727616014412
aperiodic,10,41003,ER,198,99,198,198,0.300577415164406,0.197118533369349
aperiodic,10,41003,ER,200,100,200,200,0.301172740686375,0.197504974790901
aperiodic,10,41003,RAAR,0,0,0,0,0.673865672403492,0.258357426288318
aperiodic,10,41003,RAAR,2,1,2,2,0.227284542777024,0.185089187760607
aperiodic,10,41003,RAAR,4,2,4,4,0.251331693366678,0.18512152460118
aperiodic,10,41003,RAAR,6,3,6,6,0.275568518094867,0.196950353204372
aperiodic,10,41003,RAAR,8,4,8,8,0.302748042780207,0.21738611905439
aperiodic,10,41003,RAAR,10,5,10,10,0.331546670894463,0.239611737706778
aperiodic,10,41003,RAAR,12,6,12,12,0.35795913095019,0.262058765737451
aperiodic,10,41003,RAAR,14,7,14,14,0.376582048002844,0.279898782531587
aperiodic,10,41003,RAAR,16,8,16,16,0.388480231950815,0.292457299975178
aperiodic,10,41003,RAAR,18,9,18,18,0.399252800505868,0.298144870559334
aperiodic,10,41003,RAAR,20,10,20,20,0.407703999302918,0.305683123594497
aperiodic,10,41003,RAAR,22,11,22,22,0.413560271807816,0.310885581576107
aperiodic,10,41003,RAAR,24,12,24,24,0.417639769135568,0.312071728119164
aperiodic,10,41003,RAAR,26,13,26,26,0.424416478473801,0.315448880116226
aperiodic,10,41003,RAAR,28,14,28,28,0.429940881596219,0.318156234302475
aperiodic,10,41003,RAAR,30,15,30,30,0.434912667674602,0.321731464101839
aperiodic,10,41003,RAAR,32,16,32,32,0.44033750229035,0.329860265111783
aperiodic,10,41003,RAAR,34,17,34,34,0.445284595418327,0.335431463326799
aperiodic,10,41003,RAAR,36,18,36,36,0.451589846500488,0.34214044028387
aperiodic,10,41003,RAAR,38,19,38,38,0.458969176967441,0.3513347928291
aperiodic,10,41003,RAAR,40,20,40,40,0.465301500851271,0.354333896542626
aperiodic,10,41003,RAAR,42,21,42,42,0.472691639364073,0.36303516407043
aperiodic,10,41003,RAAR,44,22,44,44,0.479261721714844,0.369491940724079
aperiodic,10,41003,RAAR,46,23,46,46,0.484878300573729,0.374856640170584
aperiodic,10,41003,RAAR,48,24,48,48,0.489682995082254,0.377886847317574
aperiodic,10,41003,RAAR,50,25,50,50,0.491767418764387,0.379376796846168
aperiodic,10,41003,RAAR,52,26,52,52,0.495609590296433,0.3809777696127
aperiodic,10,41003,RAAR,54,27,54,54,0.499275703829039,0.385281117613846
aperiodic,10,41003,RAAR,56,28,56,56,0.503760526138126,0.386732803349606
aperiodic,10,41003,RAAR,58,29,58,58,0.507463430906677,0.390385125843971
aperiodic,10,41003,RAAR,60,30,60,60,0.510772931463906,0.393101756072307
aperiodic,10,41003,RAAR,62,31,62,62,0.511902886186634,0.395273583194552
aperiodic,10,41003,RAAR,64,32,64,64,0.513729347054758,0.396451787878453
aperiodic,10,41003,RAAR,66,33,66,66,0.516498914428743,0.403381165133898
aperiodic,10,41003,RAAR,68,34,68,68,0.518442563171373,0.405852137174502
aperiodic,10,41003,RAAR,70,35,70,70,0.519078964393271,0.413686390266764
aperiodic,10,41003,RAAR,72,36,72,72,0.520306880825456,0.413309831064323
aperiodic,10,41003,RAAR,74,37,74,74,0.52119153986614,0.413024340739824
aperiodic,10,41003,RAAR,76,38,76,76,0.521621308783799,0.410345160735628
aperiodic,10,41003,RAAR,78,39,78,78,0.522967669868924,0.409446951014645
aperiodic,10,41003,RAAR,80,40,80,80,0.523310103561247,0.413340000071779
aperiodic,10,41003,RAAR,82,41,82,82,0.525591273458954,0.413979988285061
aperiodic,10,41003,RAAR,84,42,84,84,0.52711903196047,0.409918058590523
aperiodic,10,41003,RAAR,86,43,86,86,0.529084261419045,0.409361765048664
aperiodic,10,41003,RAAR,88,44,88,88,0.530112396684531,0.410537005814843
aperiodic,10,41003,RAAR,90,45,90,90,0.532090608475545,0.417300345158366
aperiodic,10,41003,RAAR,92,46,92,92,0.53285625610111,0.417132101001804
aperiodic,10,41003,RAAR,94,47,94,94,0.533835907108728,0.419336195813863
aperiodic,10,41003,RAAR,96,48,96,96,0.534824785606433,0.421596655530333
aperiodic,10,41003,RAAR,98,49,98,98,0.53687819254194,0.425566361844206
aperiodic,10,41003,RAAR,100,50,100,100,0.538265899670754,0.429839154577979
aperiodic,10,41003,RAAR,102,51,102,102,0.54004583592418,0.434396009577222
aperiodic,10,41003,RAAR,104,52,104,104,0.54143543722279,0.437120856804028
aperiodic,10,41003,RAAR,106,53,106,106,0.542472464109403,0.436741269426986
aperiodic,10,41003,RAAR,108,54,108,108,0.5451416474314,0.43573289467037
aperiodic,10,41003,RAAR,110,55,110,110,0.549010556463709,0.435608710349272
aperiodic,10,41003,RAAR,112,56,112,112,0.550390847396648,0.435947913816141
aperiodic,10,41003,RAAR,114,57,114,114,0.551708977937739,0.43773688333615
aperiodic,10,41003,RAAR,116,58,116,116,0.552057233119599,0.438322364953094
aperiodic,10,41003,RAAR,118,59,118,118,0.552016609642455,0.44038725230125
aperiodic,10,41003,RAAR,120,60,120,120,0.552523056571845,0.444379763444117
aperiodic,10,41003,RAAR,122,61,122,122,0.552507800845449,0.439225982582396
aperiodic,10,41003,RAAR,124,62,124,124,0.554889511925715,0.439724389203772
aperiodic,10,41003,RAAR,126,63,126,126,0.554154144401683,0.437139323142432
aperiodic,10,41003,RAAR,128,64,128,128,0.552556707371818,0.436543031937888
aperiodic,10,41003,RAAR,130,65,130,130,0.55091742846172,0.434760784794306
aperiodic,10,41003,RAAR,132,66,132,132,0.551907944821306,0.439388727773835
aperiodic,10,41003,RAAR,134,67,134,134,0.554643299134838,0.446850928620092
aperiodic,10,41003,RAAR,136,68,136,136,0.555780006032976,0.445357455648727
aperiodic,10,41003,RAAR,138,69,138,138,0.559158342386754,0.451232937477271
aperiodic,10,41003,RAAR,140,70,140,140,0.562114705261856,0.457089972425661
aperiodic,10,41003,RAAR,142,71,142,142,0.564513727611452,0.455590247854553
aperiodic,10,41003,RAAR,144,72,144,144,0.566887203420005,0.454948667445347
aperiodic,10,41003,RAAR,146,73,146,146,0.567822953905962,0.462322910742204
aperiodic,10,41003,RAAR,148,74,148,148,0.570242053491818,0.468064668491529
aperiodic,10,41003,RAAR,150,75,150,150,0.570442394465862,0.462745710775224
aperiodic,10,41003,RAAR,152,76,152,152,0.570735154715006,0.46237073381581
aperiodic,10,41003,RAAR,154,77,154,154,0.570151790626556,0.458441869372539
aperiodic,10,41003,RAAR,156,78,156,156,0.571013765196014,0.457519225331053
aperiodic,10,41003,RAAR,158,79,158,158,0.573593063762742,0.459706379417959
aperiodic,10,41003,RAAR,160,80,160,160,0.57349499593206,0.458939284817651
aperiodic,10,41003,RAAR,162,81,162,162,0.574720746795925,0.460777118713263
aperiodic,10,41003,RAAR,164,82,164,164,0.57624379608473,0.462881709686929
aperiodic,10,41003,RAAR,166,83,166,166,0.576982097746992,0.464176722183342
aperiodic,10,41003,RAAR,168,84,168,168,0.577833519053194,0.466522302621215
aperiodic,10,41003,RAAR,170,85,170,170,0.577788114938149,0.467767910005654
aperiodic,10,41003,RAAR,172,86,172,172,0.578191130058758,0.468218372193447
aperiodic,10,41003,RAAR,174,87,174,174,0.577867363247377,0.469693591950702
aperiodic,10,41003,RAAR,176,88,176,176,0.579948798467456,0.475517519166356
aperiodic,10,41003,RAAR,178,89,178,178,0.580295190131849,0.47339678230941
aperiodic,10,41003,RAAR,180,90,180,180,0.582498743920129,0.47922635159875
aperiodic,10,41003,RAAR,182,91,182,182,0.583349626924266,0.482537451244479
aperiodic,10,41003,RAAR,184,92,184,184,0.585005439000577,0.485324663386618
aperiodic,10,41003,RAAR,186,93,186,186,0.585172632851066,0.485425847791179
aperiodic,10,41003,RAAR,188,94,188,188,0.585532550871096,0.485386422447148
aperiodic,10,41003,RAAR,190,95,190,190,0.5851080884743,0.483867774039174
aperiodic,10,41003,RAAR,192,96,192,192,0.58550072876707,0.484054844745266
aperiodic,10,41003,RAAR,194,97,194,194,0.585664462706404,0.481099004778604
aperiodic,10,41003,RAAR,196,98,196,196,0.586419859407625,0.478519729356801
aperiodic,10,41003,RAAR,198,99,198,198,0.587203596188513,0.477614848235251
aperiodic,10,41003,RAAR,200,100,200,200,0.589671991764384,0.474671560186438
aperiodic,10,41003,LBFGS,0,0,0,0,0.673865672403492,0.258357426288318
aperiodic,10,41003,LBFGS,2,0,2,2,0.673865672403492,0.258357426288318
aperiodic,10,41003,LBFGS,4,1,4,4,0.227284542777024,0.185089187760607
aperiodic,10,41003,LBFGS,6,2,6,6,0.221889347275169,0.174712889435747
aperiodic,10,41003,LBFGS,8,3,8,8,0.227337975154281,0.168866411811868
aperiodic,10,41003,LBFGS,10,4,10,10,0.227704344293241,0.166142478884723
aperiodic,10,41003,LBFGS,12,5,12,12,0.232746276427583,0.164964237627566
aperiodic,10,41003,LBFGS,14,6,14,14,0.2374106059997,0.164245029927798
aperiodic,10,41003,LBFGS,16,7,16,16,0.245290126338844,0.166036840202434
aperiodic,10,41003,LBFGS,18,8,18,18,0.251840970288914,0.168419979526897
aperiodic,10,41003,LBFGS,20,9,20,20,0.258284611097804,0.171449127492474
aperiodic,10,41003,LBFGS,22,10,22,22,0.261486059970074,0.173844118283156
aperiodic,10,41003,LBFGS,24,11,24,24,0.275025697107152,0.180766132754115
aperiodic,10,41003,LBFGS,26,12,26,26,0.268784805898599,0.177417264110147
aperiodic,10,41003,LBFGS,28,13,28,28,0.272634005491151,0.179510711394384
aperiodic,10,41003,LBFGS,30,14,30,30,0.279646205789389,0.183119386871931
aperiodic,10,41003,LBFGS,32,15,32,32,0.287492973897968,0.187405136424856
aperiodic,10,41003,LBFGS,34,16,34,34,0.294313090121724,0.191592304444688
aperiodic,10,41003,LBFGS,36,17,36,36,0.299762751744101,0.19572628206633
aperiodic,10,41003,LBFGS,38,18,38,38,0.304728883175929,0.199356988314857
aperiodic,10,41003,LBFGS,40,19,40,40,0.301527629394644,0.197430220906037
aperiodic,10,41003,LBFGS,42,20,42,42,0.311679945265436,0.204107824500674
aperiodic,10,41003,LBFGS,44,21,44,44,0.31247415923818,0.204742857821344
aperiodic,10,41003,LBFGS,46,22,46,46,0.3183663597232,0.209000906043064
aperiodic,10,41003,LBFGS,48,23,48,48,0.323354262852646,0.212757228202799
aperiodic,10,41003,LBFGS,50,24,50,50,0.333666099638427,0.220402029418154
aperiodic,10,41003,LBFGS,52,25,52,52,0.334218588289828,0.221187999002499
aperiodic,10,41003,LBFGS,54,26,54,54,0.339189354674552,0.22473835140946
aperiodic,10,41003,LBFGS,56,27,56,56,0.345461507740226,0.229471345412058
aperiodic,10,41003,LBFGS,58,28,58,58,0.349458617858795,0.232588398067431
aperiodic,10,41003,LBFGS,60,29,60,60,0.35896811535364,0.240036168964818
aperiodic,10,41003,LBFGS,62,30,62,62,0.354785991291117,0.23712725764186
aperiodic,10,41003,LBFGS,64,31,64,64,0.357834764988115,0.239413715847007
aperiodic,10,41003,LBFGS,66,32,66,66,0.364944181189485,0.244968317742886
aperiodic,10,41003,LBFGS,68,33,68,68,0.37060988942114,0.249489146287769
aperiodic,10,41003,LBFGS,70,34,70,70,0.37534587968977,0.253501830902887
aperiodic,10,41003,LBFGS,72,35,72,72,0.380597439037434,0.258161764365809
aperiodic,10,41003,LBFGS,74,36,74,74,0.38250791663457,0.260124586791387
aperiodic,10,41003,LBFGS,76,37,76,76,0.394344665046443,0.271502725052946
aperiodic,10,41003,LBFGS,78,38,78,78,0.392959307221411,0.271013457025108
aperiodic,10,41003,LBFGS,80,39,80,80,0.393823197337324,0.271949379527016
aperiodic,10,41003,LBFGS,82,40,82,82,0.402529275256579,0.280782579728052
aperiodic,10,41003,LBFGS,84,41,84,84,0.407296448869351,0.285975467982729
aperiodic,10,41003,LBFGS,86,42,86,86,0.410662839929742,0.290079978858448
aperiodic,10,41003,LBFGS,88,43,88,88,0.416013378540124,0.296326523698338
aperiodic,10,41003,LBFGS,90,44,90,90,0.419483902100674,0.300514712564513
aperiodic,10,41003,LBFGS,92,44,92,90,0.419483902100674,0.300514712564513
aperiodic,10,41003,LBFGS,94,45,94,94,0.425890196817252,0.307114975432541
aperiodic,10,41003,LBFGS,96,46,96,96,0.428822583390605,0.310053320374123
aperiodic,10,41003,LBFGS,98,47,98,98,0.433012541496502,0.314298783049294
aperiodic,10,41003,LBFGS,100,48,100,100,0.434208987107541,0.315588389546083
aperiodic,10,41003,LBFGS,102,49,102,102,0.440912364563697,0.32260293927207
aperiodic,10,41003,LBFGS,104,50,104,104,0.440260551777128,0.32221068848682
aperiodic,10,41003,LBFGS,106,51,106,106,0.443659215370262,0.325552730144831
aperiodic,10,41003,LBFGS,108,52,108,108,0.447673574028577,0.329502016882573
aperiodic,10,41003,LBFGS,110,53,110,110,0.453798272061162,0.335326346675788
aperiodic,10,41003,LBFGS,112,54,112,112,0.45697338542503,0.338420499757538
aperiodic,10,41003,LBFGS,114,55,114,114,0.458286885244268,0.339982938178911
aperiodic,10,41003,LBFGS,116,55,116,114,0.458286885244268,0.339982938178911
aperiodic,10,41003,LBFGS,118,56,118,118,0.462775404232953,0.344635393433984
aperiodic,10,41003,LBFGS,120,57,120,120,0.463953882791868,0.346206194627914
aperiodic,10,41003,LBFGS,122,58,122,122,0.468164644402065,0.350984247263007
aperiodic,10,41003,LBFGS,124,59,124,124,0.473088082568103,0.35645385708775
aperiodic,10,41003,LBFGS,126,60,126,126,0.478368332414744,0.362172100376364
aperiodic,10,41003,LBFGS,128,61,128,128,0.477990504810204,0.361691512458386
aperiodic,10,41003,LBFGS,130,62,130,130,0.485266633531963,0.369306712433325
aperiodic,10,41003,LBFGS,132,63,132,132,0.484004437914778,0.36779595286344
aperiodic,10,41003,LBFGS,134,64,134,134,0.486478534185945,0.370175800985417
aperiodic,10,41003,LBFGS,136,65,136,136,0.491313807967574,0.374345746143317
aperiodic,10,41003,LBFGS,138,66,138,138,0.493798762114332,0.376154450539787
aperiodic,10,41003,LBFGS,140,67,140,140,0.498702764851995,0.380603740393949
aperiodic,10,41003,LBFGS,142,68,142,142,0.496592989437361,0.378751884432407
aperiodic,10,41003,LBFGS,144,69,144,144,0.500725819113062,0.382796808150854
aperiodic,10,41003,LBFGS,146,70,146,146,0.501948061401094,0.384073747644063
aperiodic,10,41003,LBFGS,148,71,148,148,0.505642588084331,0.388027267238133
aperiodic,10,41003,LBFGS,150,72,150,150,0.506594153585554,0.389408654960295
aperiodic,10,41003,LBFGS,152,73,152,152,0.508938077284941,0.391935131384931
aperiodic,10,41003,LBFGS,154,74,154,154,0.511171536884095,0.394391924261729
aperiodic,10,41003,LBFGS,156,75,156,156,0.515221620617593,0.398994822134473
aperiodic,10,41003,LBFGS,158,76,158,158,0.520825939147946,0.405197861233416
aperiodic,10,41003,LBFGS,160,77,160,160,0.525714515410706,0.410137439610213
aperiodic,10,41003,LBFGS,162,77,162,160,0.525714515410706,0.410137439610213
aperiodic,10,41003,LBFGS,164,78,164,164,0.523390466396801,0.407122882823433
aperiodic,10,41003,LBFGS,166,79,166,166,0.526538646173306,0.411475989533458
aperiodic,10,41003,LBFGS,168,80,168,168,0.529348360199846,0.414632614174023
aperiodic,10,41003,LBFGS,170,81,170,170,0.529605493800607,0.41465919362358
aperiodic,10,41003,LBFGS,172,82,172,172,0.532436556483365,0.417451868114586
aperiodic,10,41003,LBFGS,174,83,174,174,0.532697887529746,0.417840631846398
aperiodic,10,41003,LBFGS,176,84,176,176,0.535919286531815,0.421372785258995
aperiodic,10,41003,LBFGS,178,85,178,178,0.539115761990299,0.424813824789453
aperiodic,10,41003,LBFGS,180,86,180,180,0.541376655032393,0.427231012242738
aperiodic,10,41003,LBFGS,182,87,182,182,0.544021293106674,0.430082938955403
aperiodic,10,41003,LBFGS,184,88,184,184,0.54604062215408,0.432426370012049
aperiodic,10,41003,LBFGS,186,89,186,186,0.544156149896918,0.430294441372161
aperiodic,10,41003,LBFGS,188,90,188,188,0.547094639699375,0.433675846928972
aperiodic,10,41003,LBFGS,190,91,190,190,0.549120698493905,0.436151243097286
aperiodic,10,41003,LBFGS,192,92,192,192,0.551847469803555,0.439735878054228
aperiodic,10,41003,LBFGS,194,93,194,194,0.554569665519508,0.444578145709626
aperiodic,10,41003,LBFGS,196,94,196,196,0.558843980184841,0.451666306777773
aperiodic,10,41003,LBFGS,198,95,198,198,0.557635167360041,0.450533547462674
aperiodic,10,41003,LBFGS,200,96,200,200,0.56022444862936,0.453139226043269
